competition,year,round,type,division,category,display_name,source_url,pdf_path,md_path,tex_path,num_pages
HMMT February,2025,Algebra,problems,,,HMMT February 2025 Algebra,https://hmmt-archive.s3.amazonaws.com/tournaments/2025/feb/algnt/problems.pdf,hmmt_pdfs/HMMT_February_2025_Algebra_Problems.pdf,mathpix_output/hmmt_pdfs/HMMT_February_2025_Algebra_Problems.md,mathpix_output/hmmt_pdfs/HMMT_February_2025_Algebra_Problems.tex.zip,1
HMMT February,2025,Algebra,solutions,,,HMMT February 2025 Algebra,https://hmmt-archive.s3.amazonaws.com/tournaments/2025/feb/algnt/solutions.pdf,hmmt_pdfs/HMMT_February_2025_Algebra_Solutions.pdf,mathpix_output/hmmt_pdfs/HMMT_February_2025_Algebra_Solutions.md,mathpix_output/hmmt_pdfs/HMMT_February_2025_Algebra_Solutions.tex.zip,8
HMMT February,2025,Combinatorics,problems,,,HMMT February 2025 Combinatorics,https://hmmt-archive.s3.amazonaws.com/tournaments/2025/feb/comb/problems.pdf,hmmt_pdfs/HMMT_February_2025_Combinatorics_Problems.pdf,mathpix_output/hmmt_pdfs/HMMT_February_2025_Combinatorics_Problems.md,mathpix_output/hmmt_pdfs/HMMT_February_2025_Combinatorics_Problems.tex.zip,1
HMMT February,2025,Combinatorics,solutions,,,HMMT February 2025 Combinatorics,https://hmmt-archive.s3.amazonaws.com/tournaments/2025/feb/comb/solutions.pdf,hmmt_pdfs/HMMT_February_2025_Combinatorics_Solutions.pdf,mathpix_output/hmmt_pdfs/HMMT_February_2025_Combinatorics_Solutions.md,mathpix_output/hmmt_pdfs/HMMT_February_2025_Combinatorics_Solutions.tex.zip,7
HMMT February,2025,Geometry,problems,,,HMMT February 2025 Geometry,https://hmmt-archive.s3.amazonaws.com/tournaments/2025/feb/geo/problems.pdf,hmmt_pdfs/HMMT_February_2025_Geometry_Problems.pdf,mathpix_output/hmmt_pdfs/HMMT_February_2025_Geometry_Problems.md,mathpix_output/hmmt_pdfs/HMMT_February_2025_Geometry_Problems.tex.zip,1
HMMT February,2025,Geometry,solutions,,,HMMT February 2025 Geometry,https://hmmt-archive.s3.amazonaws.com/tournaments/2025/feb/geo/solutions.pdf,hmmt_pdfs/HMMT_February_2025_Geometry_Solutions.pdf,mathpix_output/hmmt_pdfs/HMMT_February_2025_Geometry_Solutions.md,mathpix_output/hmmt_pdfs/HMMT_February_2025_Geometry_Solutions.tex.zip,10
HMMT February,2025,Guts,problems,,,HMMT February 2025 Guts,https://hmmt-archive.s3.amazonaws.com/tournaments/2025/feb/guts/problems.pdf,hmmt_pdfs/HMMT_February_2025_Guts_Problems.pdf,mathpix_output/hmmt_pdfs/HMMT_February_2025_Guts_Problems.md,mathpix_output/hmmt_pdfs/HMMT_February_2025_Guts_Problems.tex.zip,6
HMMT February,2025,Guts,solutions,,,HMMT February 2025 Guts,https://hmmt-archive.s3.amazonaws.com/tournaments/2025/feb/guts/solutions.pdf,hmmt_pdfs/HMMT_February_2025_Guts_Solutions.pdf,mathpix_output/hmmt_pdfs/HMMT_February_2025_Guts_Solutions.md,mathpix_output/hmmt_pdfs/HMMT_February_2025_Guts_Solutions.tex.zip,22
HMMT February,2025,Team,problems,,,HMMT February 2025 Team,https://hmmt-archive.s3.amazonaws.com/tournaments/2025/feb/team/problems.pdf,hmmt_pdfs/HMMT_February_2025_Team_Problems.pdf,mathpix_output/hmmt_pdfs/HMMT_February_2025_Team_Problems.md,mathpix_output/hmmt_pdfs/HMMT_February_2025_Team_Problems.tex.zip,1
HMMT February,2025,Team,solutions,,,HMMT February 2025 Team,https://hmmt-archive.s3.amazonaws.com/tournaments/2025/feb/team/solutions.pdf,hmmt_pdfs/HMMT_February_2025_Team_Solutions.pdf,mathpix_output/hmmt_pdfs/HMMT_February_2025_Team_Solutions.md,mathpix_output/hmmt_pdfs/HMMT_February_2025_Team_Solutions.tex.zip,13
HMMT February,2024,Algebra,problems,,,HMMT February 2024 Algebra,https://hmmt-archive.s3.amazonaws.com/tournaments/2024/feb/algnt/problems.pdf,hmmt_pdfs/HMMT_February_2024_Algebra_Problems.pdf,mathpix_output/hmmt_pdfs/HMMT_February_2024_Algebra_Problems.md,mathpix_output/hmmt_pdfs/HMMT_February_2024_Algebra_Problems.tex.zip,1
HMMT February,2024,Algebra,solutions,,,HMMT February 2024 Algebra,https://hmmt-archive.s3.amazonaws.com/tournaments/2024/feb/algnt/solutions.pdf,hmmt_pdfs/HMMT_February_2024_Algebra_Solutions.pdf,mathpix_output/hmmt_pdfs/HMMT_February_2024_Algebra_Solutions.md,mathpix_output/hmmt_pdfs/HMMT_February_2024_Algebra_Solutions.tex.zip,6
HMMT February,2024,Combinatorics,problems,,,HMMT February 2024 Combinatorics,https://hmmt-archive.s3.amazonaws.com/tournaments/2024/feb/comb/problems.pdf,hmmt_pdfs/HMMT_February_2024_Combinatorics_Problems.pdf,mathpix_output/hmmt_pdfs/HMMT_February_2024_Combinatorics_Problems.md,mathpix_output/hmmt_pdfs/HMMT_February_2024_Combinatorics_Problems.tex.zip,1
HMMT February,2024,Combinatorics,solutions,,,HMMT February 2024 Combinatorics,https://hmmt-archive.s3.amazonaws.com/tournaments/2024/feb/comb/solutions.pdf,hmmt_pdfs/HMMT_February_2024_Combinatorics_Solutions.pdf,mathpix_output/hmmt_pdfs/HMMT_February_2024_Combinatorics_Solutions.md,mathpix_output/hmmt_pdfs/HMMT_February_2024_Combinatorics_Solutions.tex.zip,10
HMMT February,2024,Geometry,problems,,,HMMT February 2024 Geometry,https://hmmt-archive.s3.amazonaws.com/tournaments/2024/feb/geo/problems.pdf,hmmt_pdfs/HMMT_February_2024_Geometry_Problems.pdf,mathpix_output/hmmt_pdfs/HMMT_February_2024_Geometry_Problems.md,mathpix_output/hmmt_pdfs/HMMT_February_2024_Geometry_Problems.tex.zip,1
HMMT February,2024,Geometry,solutions,,,HMMT February 2024 Geometry,https://hmmt-archive.s3.amazonaws.com/tournaments/2024/feb/geo/solutions.pdf,hmmt_pdfs/HMMT_February_2024_Geometry_Solutions.pdf,mathpix_output/hmmt_pdfs/HMMT_February_2024_Geometry_Solutions.md,mathpix_output/hmmt_pdfs/HMMT_February_2024_Geometry_Solutions.tex.zip,9
HMMT February,2024,Guts,problems,,,HMMT February 2024 Guts,https://hmmt-archive.s3.amazonaws.com/tournaments/2024/feb/guts/problems.pdf,hmmt_pdfs/HMMT_February_2024_Guts_Problems.pdf,mathpix_output/hmmt_pdfs/HMMT_February_2024_Guts_Problems.md,mathpix_output/hmmt_pdfs/HMMT_February_2024_Guts_Problems.tex.zip,5
HMMT February,2024,Guts,solutions,,,HMMT February 2024 Guts,https://hmmt-archive.s3.amazonaws.com/tournaments/2024/feb/guts/solutions.pdf,hmmt_pdfs/HMMT_February_2024_Guts_Solutions.pdf,mathpix_output/hmmt_pdfs/HMMT_February_2024_Guts_Solutions.md,mathpix_output/hmmt_pdfs/HMMT_February_2024_Guts_Solutions.tex.zip,23
HMMT February,2024,Team,problems,,,HMMT February 2024 Team,https://hmmt-archive.s3.amazonaws.com/tournaments/2024/feb/team/problems.pdf,hmmt_pdfs/HMMT_February_2024_Team_Problems.pdf,mathpix_output/hmmt_pdfs/HMMT_February_2024_Team_Problems.md,mathpix_output/hmmt_pdfs/HMMT_February_2024_Team_Problems.tex.zip,1
HMMT February,2024,Team,solutions,,,HMMT February 2024 Team,https://hmmt-archive.s3.amazonaws.com/tournaments/2024/feb/team/solutions.pdf,hmmt_pdfs/HMMT_February_2024_Team_Solutions.pdf,mathpix_output/hmmt_pdfs/HMMT_February_2024_Team_Solutions.md,mathpix_output/hmmt_pdfs/HMMT_February_2024_Team_Solutions.tex.zip,14
HMMT February,2023,Algebra,problems,,,HMMT February 2023 Algebra,https://hmmt-archive.s3.amazonaws.com/tournaments/2023/feb/algnt/problems.pdf,hmmt_pdfs/HMMT_February_2023_Algebra_Problems.pdf,mathpix_output/hmmt_pdfs/HMMT_February_2023_Algebra_Problems.md,mathpix_output/hmmt_pdfs/HMMT_February_2023_Algebra_Problems.tex.zip,1
HMMT February,2023,Algebra,solutions,,,HMMT February 2023 Algebra,https://hmmt-archive.s3.amazonaws.com/tournaments/2023/feb/algnt/solutions.pdf,hmmt_pdfs/HMMT_February_2023_Algebra_Solutions.pdf,mathpix_output/hmmt_pdfs/HMMT_February_2023_Algebra_Solutions.md,mathpix_output/hmmt_pdfs/HMMT_February_2023_Algebra_Solutions.tex.zip,7
HMMT February,2023,Combinatorics,problems,,,HMMT February 2023 Combinatorics,https://hmmt-archive.s3.amazonaws.com/tournaments/2023/feb/comb/problems.pdf,hmmt_pdfs/HMMT_February_2023_Combinatorics_Problems.pdf,mathpix_output/hmmt_pdfs/HMMT_February_2023_Combinatorics_Problems.md,mathpix_output/hmmt_pdfs/HMMT_February_2023_Combinatorics_Problems.tex.zip,1
HMMT February,2023,Combinatorics,solutions,,,HMMT February 2023 Combinatorics,https://hmmt-archive.s3.amazonaws.com/tournaments/2023/feb/comb/solutions.pdf,hmmt_pdfs/HMMT_February_2023_Combinatorics_Solutions.pdf,mathpix_output/hmmt_pdfs/HMMT_February_2023_Combinatorics_Solutions.md,mathpix_output/hmmt_pdfs/HMMT_February_2023_Combinatorics_Solutions.tex.zip,6
HMMT February,2023,Geometry,problems,,,HMMT February 2023 Geometry,https://hmmt-archive.s3.amazonaws.com/tournaments/2023/feb/geo/problems.pdf,hmmt_pdfs/HMMT_February_2023_Geometry_Problems.pdf,mathpix_output/hmmt_pdfs/HMMT_February_2023_Geometry_Problems.md,mathpix_output/hmmt_pdfs/HMMT_February_2023_Geometry_Problems.tex.zip,1
HMMT February,2023,Geometry,solutions,,,HMMT February 2023 Geometry,https://hmmt-archive.s3.amazonaws.com/tournaments/2023/feb/geo/solutions.pdf,hmmt_pdfs/HMMT_February_2023_Geometry_Solutions.pdf,mathpix_output/hmmt_pdfs/HMMT_February_2023_Geometry_Solutions.md,mathpix_output/hmmt_pdfs/HMMT_February_2023_Geometry_Solutions.tex.zip,5
HMMT February,2023,Guts,problems,,,HMMT February 2023 Guts,https://hmmt-archive.s3.amazonaws.com/tournaments/2023/feb/guts/problems.pdf,hmmt_pdfs/HMMT_February_2023_Guts_Problems.pdf,mathpix_output/hmmt_pdfs/HMMT_February_2023_Guts_Problems.md,mathpix_output/hmmt_pdfs/HMMT_February_2023_Guts_Problems.tex.zip,7
HMMT February,2023,Guts,solutions,,,HMMT February 2023 Guts,https://hmmt-archive.s3.amazonaws.com/tournaments/2023/feb/guts/solutions.pdf,hmmt_pdfs/HMMT_February_2023_Guts_Solutions.pdf,mathpix_output/hmmt_pdfs/HMMT_February_2023_Guts_Solutions.md,mathpix_output/hmmt_pdfs/HMMT_February_2023_Guts_Solutions.tex.zip,17
HMMT February,2023,Team,problems,,,HMMT February 2023 Team,https://hmmt-archive.s3.amazonaws.com/tournaments/2023/feb/team/problems.pdf,hmmt_pdfs/HMMT_February_2023_Team_Problems.pdf,mathpix_output/hmmt_pdfs/HMMT_February_2023_Team_Problems.md,mathpix_output/hmmt_pdfs/HMMT_February_2023_Team_Problems.tex.zip,1
HMMT February,2023,Team,solutions,,,HMMT February 2023 Team,https://hmmt-archive.s3.amazonaws.com/tournaments/2023/feb/team/solutions.pdf,hmmt_pdfs/HMMT_February_2023_Team_Solutions.pdf,mathpix_output/hmmt_pdfs/HMMT_February_2023_Team_Solutions.md,mathpix_output/hmmt_pdfs/HMMT_February_2023_Team_Solutions.tex.zip,10
HMMT February,2022,Algebra,problems,,,HMMT February 2022 Algebra,https://hmmt-archive.s3.amazonaws.com/tournaments/2022/feb/algnt/problems.pdf,hmmt_pdfs/HMMT_February_2022_Algebra_Problems.pdf,mathpix_output/hmmt_pdfs/HMMT_February_2022_Algebra_Problems.md,mathpix_output/hmmt_pdfs/HMMT_February_2022_Algebra_Problems.tex.zip,1
HMMT February,2022,Algebra,solutions,,,HMMT February 2022 Algebra,https://hmmt-archive.s3.amazonaws.com/tournaments/2022/feb/algnt/solutions.pdf,hmmt_pdfs/HMMT_February_2022_Algebra_Solutions.pdf,mathpix_output/hmmt_pdfs/HMMT_February_2022_Algebra_Solutions.md,mathpix_output/hmmt_pdfs/HMMT_February_2022_Algebra_Solutions.tex.zip,6
HMMT February,2022,Combinatorics,problems,,,HMMT February 2022 Combinatorics,https://hmmt-archive.s3.amazonaws.com/tournaments/2022/feb/comb/problems.pdf,hmmt_pdfs/HMMT_February_2022_Combinatorics_Problems.pdf,mathpix_output/hmmt_pdfs/HMMT_February_2022_Combinatorics_Problems.md,mathpix_output/hmmt_pdfs/HMMT_February_2022_Combinatorics_Problems.tex.zip,1
HMMT February,2022,Combinatorics,solutions,,,HMMT February 2022 Combinatorics,https://hmmt-archive.s3.amazonaws.com/tournaments/2022/feb/comb/solutions.pdf,hmmt_pdfs/HMMT_February_2022_Combinatorics_Solutions.pdf,mathpix_output/hmmt_pdfs/HMMT_February_2022_Combinatorics_Solutions.md,mathpix_output/hmmt_pdfs/HMMT_February_2022_Combinatorics_Solutions.tex.zip,5
HMMT February,2022,Geometry,problems,,,HMMT February 2022 Geometry,https://hmmt-archive.s3.amazonaws.com/tournaments/2022/feb/geo/problems.pdf,hmmt_pdfs/HMMT_February_2022_Geometry_Problems.pdf,mathpix_output/hmmt_pdfs/HMMT_February_2022_Geometry_Problems.md,mathpix_output/hmmt_pdfs/HMMT_February_2022_Geometry_Problems.tex.zip,2
HMMT February,2022,Geometry,solutions,,,HMMT February 2022 Geometry,https://hmmt-archive.s3.amazonaws.com/tournaments/2022/feb/geo/solutions.pdf,hmmt_pdfs/HMMT_February_2022_Geometry_Solutions.pdf,mathpix_output/hmmt_pdfs/HMMT_February_2022_Geometry_Solutions.md,mathpix_output/hmmt_pdfs/HMMT_February_2022_Geometry_Solutions.tex.zip,5
HMMT February,2022,Guts,problems,,,HMMT February 2022 Guts,https://hmmt-archive.s3.amazonaws.com/tournaments/2022/feb/guts/problems.pdf,hmmt_pdfs/HMMT_February_2022_Guts_Problems.pdf,mathpix_output/hmmt_pdfs/HMMT_February_2022_Guts_Problems.md,mathpix_output/hmmt_pdfs/HMMT_February_2022_Guts_Problems.tex.zip,7
HMMT February,2022,Guts,solutions,,,HMMT February 2022 Guts,https://hmmt-archive.s3.amazonaws.com/tournaments/2022/feb/guts/solutions.pdf,hmmt_pdfs/HMMT_February_2022_Guts_Solutions.pdf,mathpix_output/hmmt_pdfs/HMMT_February_2022_Guts_Solutions.md,mathpix_output/hmmt_pdfs/HMMT_February_2022_Guts_Solutions.tex.zip,15
HMMT February,2022,Team,problems,,,HMMT February 2022 Team,https://hmmt-archive.s3.amazonaws.com/tournaments/2022/feb/team/problems.pdf,hmmt_pdfs/HMMT_February_2022_Team_Problems.pdf,mathpix_output/hmmt_pdfs/HMMT_February_2022_Team_Problems.md,mathpix_output/hmmt_pdfs/HMMT_February_2022_Team_Problems.tex.zip,1
HMMT February,2022,Team,solutions,,,HMMT February 2022 Team,https://hmmt-archive.s3.amazonaws.com/tournaments/2022/feb/team/solutions.pdf,hmmt_pdfs/HMMT_February_2022_Team_Solutions.pdf,mathpix_output/hmmt_pdfs/HMMT_February_2022_Team_Solutions.md,mathpix_output/hmmt_pdfs/HMMT_February_2022_Team_Solutions.tex.zip,7
HMMT February,2021,Algebra,problems,,,HMMT February 2021 Algebra,https://hmmt-archive.s3.amazonaws.com/tournaments/2021/feb/algnt/problems.pdf,hmmt_pdfs/HMMT_February_2021_Algebra_Problems.pdf,mathpix_output/hmmt_pdfs/HMMT_February_2021_Algebra_Problems.md,mathpix_output/hmmt_pdfs/HMMT_February_2021_Algebra_Problems.tex.zip,2
HMMT February,2021,Algebra,solutions,,,HMMT February 2021 Algebra,https://hmmt-archive.s3.amazonaws.com/tournaments/2021/feb/algnt/solutions.pdf,hmmt_pdfs/HMMT_February_2021_Algebra_Solutions.pdf,mathpix_output/hmmt_pdfs/HMMT_February_2021_Algebra_Solutions.md,mathpix_output/hmmt_pdfs/HMMT_February_2021_Algebra_Solutions.tex.zip,6
HMMT February,2021,Combinatorics,problems,,,HMMT February 2021 Combinatorics,https://hmmt-archive.s3.amazonaws.com/tournaments/2021/feb/comb/problems.pdf,hmmt_pdfs/HMMT_February_2021_Combinatorics_Problems.pdf,mathpix_output/hmmt_pdfs/HMMT_February_2021_Combinatorics_Problems.md,mathpix_output/hmmt_pdfs/HMMT_February_2021_Combinatorics_Problems.tex.zip,1
HMMT February,2021,Combinatorics,solutions,,,HMMT February 2021 Combinatorics,https://hmmt-archive.s3.amazonaws.com/tournaments/2021/feb/comb/solutions.pdf,hmmt_pdfs/HMMT_February_2021_Combinatorics_Solutions.pdf,mathpix_output/hmmt_pdfs/HMMT_February_2021_Combinatorics_Solutions.md,mathpix_output/hmmt_pdfs/HMMT_February_2021_Combinatorics_Solutions.tex.zip,6
HMMT February,2021,Geometry,problems,,,HMMT February 2021 Geometry,https://hmmt-archive.s3.amazonaws.com/tournaments/2021/feb/geo/problems.pdf,hmmt_pdfs/HMMT_February_2021_Geometry_Problems.pdf,mathpix_output/hmmt_pdfs/HMMT_February_2021_Geometry_Problems.md,mathpix_output/hmmt_pdfs/HMMT_February_2021_Geometry_Problems.tex.zip,1
HMMT February,2021,Geometry,solutions,,,HMMT February 2021 Geometry,https://hmmt-archive.s3.amazonaws.com/tournaments/2021/feb/geo/solutions.pdf,hmmt_pdfs/HMMT_February_2021_Geometry_Solutions.pdf,mathpix_output/hmmt_pdfs/HMMT_February_2021_Geometry_Solutions.md,mathpix_output/hmmt_pdfs/HMMT_February_2021_Geometry_Solutions.tex.zip,6
HMMT February,2021,Guts,problems,,,HMMT February 2021 Guts,https://hmmt-archive.s3.amazonaws.com/tournaments/2021/feb/guts/problems.pdf,hmmt_pdfs/HMMT_February_2021_Guts_Problems.pdf,mathpix_output/hmmt_pdfs/HMMT_February_2021_Guts_Problems.md,mathpix_output/hmmt_pdfs/HMMT_February_2021_Guts_Problems.tex.zip,9
HMMT February,2021,Guts,solutions,,,HMMT February 2021 Guts,https://hmmt-archive.s3.amazonaws.com/tournaments/2021/feb/guts/solutions.pdf,hmmt_pdfs/HMMT_February_2021_Guts_Solutions.pdf,mathpix_output/hmmt_pdfs/HMMT_February_2021_Guts_Solutions.md,mathpix_output/hmmt_pdfs/HMMT_February_2021_Guts_Solutions.tex.zip,16
HMMT February,2021,Team,problems,,,HMMT February 2021 Team,https://hmmt-archive.s3.amazonaws.com/tournaments/2021/feb/team/problems.pdf,hmmt_pdfs/HMMT_February_2021_Team_Problems.pdf,mathpix_output/hmmt_pdfs/HMMT_February_2021_Team_Problems.md,mathpix_output/hmmt_pdfs/HMMT_February_2021_Team_Problems.tex.zip,2
HMMT February,2021,Team,solutions,,,HMMT February 2021 Team,https://hmmt-archive.s3.amazonaws.com/tournaments/2021/feb/team/solutions.pdf,hmmt_pdfs/HMMT_February_2021_Team_Solutions.pdf,mathpix_output/hmmt_pdfs/HMMT_February_2021_Team_Solutions.md,mathpix_output/hmmt_pdfs/HMMT_February_2021_Team_Solutions.tex.zip,7
HMMT February,2020,Algebra,problems,,,HMMT February 2020 Algebra,https://hmmt-archive.s3.amazonaws.com/tournaments/2020/feb/algnt/problems.pdf,hmmt_pdfs/HMMT_February_2020_Algebra_Problems.pdf,mathpix_output/hmmt_pdfs/HMMT_February_2020_Algebra_Problems.md,mathpix_output/hmmt_pdfs/HMMT_February_2020_Algebra_Problems.tex.zip,1
HMMT February,2020,Algebra,solutions,,,HMMT February 2020 Algebra,https://hmmt-archive.s3.amazonaws.com/tournaments/2020/feb/algnt/solutions.pdf,hmmt_pdfs/HMMT_February_2020_Algebra_Solutions.pdf,mathpix_output/hmmt_pdfs/HMMT_February_2020_Algebra_Solutions.md,mathpix_output/hmmt_pdfs/HMMT_February_2020_Algebra_Solutions.tex.zip,7
HMMT February,2020,Combinatorics,problems,,,HMMT February 2020 Combinatorics,https://hmmt-archive.s3.amazonaws.com/tournaments/2020/feb/comb/problems.pdf,hmmt_pdfs/HMMT_February_2020_Combinatorics_Problems.pdf,mathpix_output/hmmt_pdfs/HMMT_February_2020_Combinatorics_Problems.md,mathpix_output/hmmt_pdfs/HMMT_February_2020_Combinatorics_Problems.tex.zip,1
HMMT February,2020,Combinatorics,solutions,,,HMMT February 2020 Combinatorics,https://hmmt-archive.s3.amazonaws.com/tournaments/2020/feb/comb/solutions.pdf,hmmt_pdfs/HMMT_February_2020_Combinatorics_Solutions.pdf,mathpix_output/hmmt_pdfs/HMMT_February_2020_Combinatorics_Solutions.md,mathpix_output/hmmt_pdfs/HMMT_February_2020_Combinatorics_Solutions.tex.zip,7
HMMT February,2020,Geometry,problems,,,HMMT February 2020 Geometry,https://hmmt-archive.s3.amazonaws.com/tournaments/2020/feb/geo/problems.pdf,hmmt_pdfs/HMMT_February_2020_Geometry_Problems.pdf,mathpix_output/hmmt_pdfs/HMMT_February_2020_Geometry_Problems.md,mathpix_output/hmmt_pdfs/HMMT_February_2020_Geometry_Problems.tex.zip,1
HMMT February,2020,Geometry,solutions,,,HMMT February 2020 Geometry,https://hmmt-archive.s3.amazonaws.com/tournaments/2020/feb/geo/solutions.pdf,hmmt_pdfs/HMMT_February_2020_Geometry_Solutions.pdf,mathpix_output/hmmt_pdfs/HMMT_February_2020_Geometry_Solutions.md,mathpix_output/hmmt_pdfs/HMMT_February_2020_Geometry_Solutions.tex.zip,10
HMMT February,2020,Guts,problems,,,HMMT February 2020 Guts,https://hmmt-archive.s3.amazonaws.com/tournaments/2020/feb/guts/problems.pdf,hmmt_pdfs/HMMT_February_2020_Guts_Problems.pdf,mathpix_output/hmmt_pdfs/HMMT_February_2020_Guts_Problems.md,mathpix_output/hmmt_pdfs/HMMT_February_2020_Guts_Problems.tex.zip,5
HMMT February,2020,Guts,solutions,,,HMMT February 2020 Guts,https://hmmt-archive.s3.amazonaws.com/tournaments/2020/feb/guts/solutions.pdf,hmmt_pdfs/HMMT_February_2020_Guts_Solutions.pdf,mathpix_output/hmmt_pdfs/HMMT_February_2020_Guts_Solutions.md,mathpix_output/hmmt_pdfs/HMMT_February_2020_Guts_Solutions.tex.zip,20
HMMT February,2020,Team,problems,,,HMMT February 2020 Team,https://hmmt-archive.s3.amazonaws.com/tournaments/2020/feb/team/problems.pdf,hmmt_pdfs/HMMT_February_2020_Team_Problems.pdf,mathpix_output/hmmt_pdfs/HMMT_February_2020_Team_Problems.md,mathpix_output/hmmt_pdfs/HMMT_February_2020_Team_Problems.tex.zip,1
HMMT February,2020,Team,solutions,,,HMMT February 2020 Team,https://hmmt-archive.s3.amazonaws.com/tournaments/2020/feb/team/solutions.pdf,hmmt_pdfs/HMMT_February_2020_Team_Solutions.pdf,mathpix_output/hmmt_pdfs/HMMT_February_2020_Team_Solutions.md,mathpix_output/hmmt_pdfs/HMMT_February_2020_Team_Solutions.tex.zip,9
HMMT February,2019,Algebra,problems,,,HMMT February 2019 Algebra,https://hmmt-archive.s3.amazonaws.com/tournaments/2019/feb/algnt/problems.pdf,hmmt_pdfs/HMMT_February_2019_Algebra_Problems.pdf,mathpix_output/hmmt_pdfs/HMMT_February_2019_Algebra_Problems.md,mathpix_output/hmmt_pdfs/HMMT_February_2019_Algebra_Problems.tex.zip,1
HMMT February,2019,Algebra,solutions,,,HMMT February 2019 Algebra,https://hmmt-archive.s3.amazonaws.com/tournaments/2019/feb/algnt/solutions.pdf,hmmt_pdfs/HMMT_February_2019_Algebra_Solutions.pdf,mathpix_output/hmmt_pdfs/HMMT_February_2019_Algebra_Solutions.md,mathpix_output/hmmt_pdfs/HMMT_February_2019_Algebra_Solutions.tex.zip,5
HMMT February,2019,Combinatorics,problems,,,HMMT February 2019 Combinatorics,https://hmmt-archive.s3.amazonaws.com/tournaments/2019/feb/comb/problems.pdf,hmmt_pdfs/HMMT_February_2019_Combinatorics_Problems.pdf,mathpix_output/hmmt_pdfs/HMMT_February_2019_Combinatorics_Problems.md,mathpix_output/hmmt_pdfs/HMMT_February_2019_Combinatorics_Problems.tex.zip,1
HMMT February,2019,Combinatorics,solutions,,,HMMT February 2019 Combinatorics,https://hmmt-archive.s3.amazonaws.com/tournaments/2019/feb/comb/solutions.pdf,hmmt_pdfs/HMMT_February_2019_Combinatorics_Solutions.pdf,mathpix_output/hmmt_pdfs/HMMT_February_2019_Combinatorics_Solutions.md,mathpix_output/hmmt_pdfs/HMMT_February_2019_Combinatorics_Solutions.tex.zip,6
HMMT February,2019,Geometry,problems,,,HMMT February 2019 Geometry,https://hmmt-archive.s3.amazonaws.com/tournaments/2019/feb/geo/problems.pdf,hmmt_pdfs/HMMT_February_2019_Geometry_Problems.pdf,mathpix_output/hmmt_pdfs/HMMT_February_2019_Geometry_Problems.md,mathpix_output/hmmt_pdfs/HMMT_February_2019_Geometry_Problems.tex.zip,1
HMMT February,2019,Geometry,solutions,,,HMMT February 2019 Geometry,https://hmmt-archive.s3.amazonaws.com/tournaments/2019/feb/geo/solutions.pdf,hmmt_pdfs/HMMT_February_2019_Geometry_Solutions.pdf,mathpix_output/hmmt_pdfs/HMMT_February_2019_Geometry_Solutions.md,mathpix_output/hmmt_pdfs/HMMT_February_2019_Geometry_Solutions.tex.zip,6
HMMT February,2019,Guts,problems,,,HMMT February 2019 Guts,https://hmmt-archive.s3.amazonaws.com/tournaments/2019/feb/guts/problems.pdf,hmmt_pdfs/HMMT_February_2019_Guts_Problems.pdf,mathpix_output/hmmt_pdfs/HMMT_February_2019_Guts_Problems.md,mathpix_output/hmmt_pdfs/HMMT_February_2019_Guts_Problems.tex.zip,6
HMMT February,2019,Guts,solutions,,,HMMT February 2019 Guts,https://hmmt-archive.s3.amazonaws.com/tournaments/2019/feb/guts/solutions.pdf,hmmt_pdfs/HMMT_February_2019_Guts_Solutions.pdf,mathpix_output/hmmt_pdfs/HMMT_February_2019_Guts_Solutions.md,mathpix_output/hmmt_pdfs/HMMT_February_2019_Guts_Solutions.tex.zip,18
HMMT February,2019,Team,problems,,,HMMT February 2019 Team,https://hmmt-archive.s3.amazonaws.com/tournaments/2019/feb/team/problems.pdf,hmmt_pdfs/HMMT_February_2019_Team_Problems.pdf,mathpix_output/hmmt_pdfs/HMMT_February_2019_Team_Problems.md,mathpix_output/hmmt_pdfs/HMMT_February_2019_Team_Problems.tex.zip,1
HMMT February,2019,Team,solutions,,,HMMT February 2019 Team,https://hmmt-archive.s3.amazonaws.com/tournaments/2019/feb/team/solutions.pdf,hmmt_pdfs/HMMT_February_2019_Team_Solutions.pdf,mathpix_output/hmmt_pdfs/HMMT_February_2019_Team_Solutions.md,mathpix_output/hmmt_pdfs/HMMT_February_2019_Team_Solutions.tex.zip,8
HMMT February,2018,Algebra,problems,,,HMMT February 2018 Algebra,https://hmmt-archive.s3.amazonaws.com/tournaments/2018/feb/algnt/problems.pdf,hmmt_pdfs/HMMT_February_2018_Algebra_Problems.pdf,mathpix_output/hmmt_pdfs/HMMT_February_2018_Algebra_Problems.md,mathpix_output/hmmt_pdfs/HMMT_February_2018_Algebra_Problems.tex.zip,1
HMMT February,2018,Algebra,solutions,,,HMMT February 2018 Algebra,https://hmmt-archive.s3.amazonaws.com/tournaments/2018/feb/algnt/solutions.pdf,hmmt_pdfs/HMMT_February_2018_Algebra_Solutions.pdf,mathpix_output/hmmt_pdfs/HMMT_February_2018_Algebra_Solutions.md,mathpix_output/hmmt_pdfs/HMMT_February_2018_Algebra_Solutions.tex.zip,5
HMMT February,2018,Combinatorics,problems,,,HMMT February 2018 Combinatorics,https://hmmt-archive.s3.amazonaws.com/tournaments/2018/feb/comb/problems.pdf,hmmt_pdfs/HMMT_February_2018_Combinatorics_Problems.pdf,mathpix_output/hmmt_pdfs/HMMT_February_2018_Combinatorics_Problems.md,mathpix_output/hmmt_pdfs/HMMT_February_2018_Combinatorics_Problems.tex.zip,1
HMMT February,2018,Combinatorics,solutions,,,HMMT February 2018 Combinatorics,https://hmmt-archive.s3.amazonaws.com/tournaments/2018/feb/comb/solutions.pdf,hmmt_pdfs/HMMT_February_2018_Combinatorics_Solutions.pdf,mathpix_output/hmmt_pdfs/HMMT_February_2018_Combinatorics_Solutions.md,mathpix_output/hmmt_pdfs/HMMT_February_2018_Combinatorics_Solutions.tex.zip,6
HMMT February,2018,Geometry,problems,,,HMMT February 2018 Geometry,https://hmmt-archive.s3.amazonaws.com/tournaments/2018/feb/geo/problems.pdf,hmmt_pdfs/HMMT_February_2018_Geometry_Problems.pdf,mathpix_output/hmmt_pdfs/HMMT_February_2018_Geometry_Problems.md,mathpix_output/hmmt_pdfs/HMMT_February_2018_Geometry_Problems.tex.zip,1
HMMT February,2018,Geometry,solutions,,,HMMT February 2018 Geometry,https://hmmt-archive.s3.amazonaws.com/tournaments/2018/feb/geo/solutions.pdf,hmmt_pdfs/HMMT_February_2018_Geometry_Solutions.pdf,mathpix_output/hmmt_pdfs/HMMT_February_2018_Geometry_Solutions.md,mathpix_output/hmmt_pdfs/HMMT_February_2018_Geometry_Solutions.tex.zip,5
HMMT February,2018,Guts,problems,,,HMMT February 2018 Guts,https://hmmt-archive.s3.amazonaws.com/tournaments/2018/feb/guts/problems.pdf,hmmt_pdfs/HMMT_February_2018_Guts_Problems.pdf,mathpix_output/hmmt_pdfs/HMMT_February_2018_Guts_Problems.md,mathpix_output/hmmt_pdfs/HMMT_February_2018_Guts_Problems.tex.zip,5
HMMT February,2018,Guts,solutions,,,HMMT February 2018 Guts,https://hmmt-archive.s3.amazonaws.com/tournaments/2018/feb/guts/solutions.pdf,hmmt_pdfs/HMMT_February_2018_Guts_Solutions.pdf,mathpix_output/hmmt_pdfs/HMMT_February_2018_Guts_Solutions.md,mathpix_output/hmmt_pdfs/HMMT_February_2018_Guts_Solutions.tex.zip,14
HMMT February,2018,Team,problems,,,HMMT February 2018 Team,https://hmmt-archive.s3.amazonaws.com/tournaments/2018/feb/team/problems.pdf,hmmt_pdfs/HMMT_February_2018_Team_Problems.pdf,mathpix_output/hmmt_pdfs/HMMT_February_2018_Team_Problems.md,mathpix_output/hmmt_pdfs/HMMT_February_2018_Team_Problems.tex.zip,2
HMMT February,2018,Team,solutions,,,HMMT February 2018 Team,https://hmmt-archive.s3.amazonaws.com/tournaments/2018/feb/team/solutions.pdf,hmmt_pdfs/HMMT_February_2018_Team_Solutions.pdf,mathpix_output/hmmt_pdfs/HMMT_February_2018_Team_Solutions.md,mathpix_output/hmmt_pdfs/HMMT_February_2018_Team_Solutions.tex.zip,5
HMMT February,2017,Algebra,problems,,,HMMT February 2017 Algebra,https://hmmt-archive.s3.amazonaws.com/tournaments/2017/feb/algnt/problems.pdf,hmmt_pdfs/HMMT_February_2017_Algebra_Problems.pdf,mathpix_output/hmmt_pdfs/HMMT_February_2017_Algebra_Problems.md,mathpix_output/hmmt_pdfs/HMMT_February_2017_Algebra_Problems.tex.zip,1
HMMT February,2017,Algebra,solutions,,,HMMT February 2017 Algebra,https://hmmt-archive.s3.amazonaws.com/tournaments/2017/feb/algnt/solutions.pdf,hmmt_pdfs/HMMT_February_2017_Algebra_Solutions.pdf,mathpix_output/hmmt_pdfs/HMMT_February_2017_Algebra_Solutions.md,mathpix_output/hmmt_pdfs/HMMT_February_2017_Algebra_Solutions.tex.zip,5
HMMT February,2017,Combinatorics,problems,,,HMMT February 2017 Combinatorics,https://hmmt-archive.s3.amazonaws.com/tournaments/2017/feb/comb/problems.pdf,hmmt_pdfs/HMMT_February_2017_Combinatorics_Problems.pdf,mathpix_output/hmmt_pdfs/HMMT_February_2017_Combinatorics_Problems.md,mathpix_output/hmmt_pdfs/HMMT_February_2017_Combinatorics_Problems.tex.zip,1
HMMT February,2017,Combinatorics,solutions,,,HMMT February 2017 Combinatorics,https://hmmt-archive.s3.amazonaws.com/tournaments/2017/feb/comb/solutions.pdf,hmmt_pdfs/HMMT_February_2017_Combinatorics_Solutions.pdf,mathpix_output/hmmt_pdfs/HMMT_February_2017_Combinatorics_Solutions.md,mathpix_output/hmmt_pdfs/HMMT_February_2017_Combinatorics_Solutions.tex.zip,5
HMMT February,2017,Geometry,problems,,,HMMT February 2017 Geometry,https://hmmt-archive.s3.amazonaws.com/tournaments/2017/feb/geo/problems.pdf,hmmt_pdfs/HMMT_February_2017_Geometry_Problems.pdf,mathpix_output/hmmt_pdfs/HMMT_February_2017_Geometry_Problems.md,mathpix_output/hmmt_pdfs/HMMT_February_2017_Geometry_Problems.tex.zip,1
HMMT February,2017,Geometry,solutions,,,HMMT February 2017 Geometry,https://hmmt-archive.s3.amazonaws.com/tournaments/2017/feb/geo/solutions.pdf,hmmt_pdfs/HMMT_February_2017_Geometry_Solutions.pdf,mathpix_output/hmmt_pdfs/HMMT_February_2017_Geometry_Solutions.md,mathpix_output/hmmt_pdfs/HMMT_February_2017_Geometry_Solutions.tex.zip,4
HMMT February,2017,Guts,problems,,,HMMT February 2017 Guts,https://hmmt-archive.s3.amazonaws.com/tournaments/2017/feb/guts/problems.pdf,hmmt_pdfs/HMMT_February_2017_Guts_Problems.pdf,mathpix_output/hmmt_pdfs/HMMT_February_2017_Guts_Problems.md,mathpix_output/hmmt_pdfs/HMMT_February_2017_Guts_Problems.tex.zip,6
HMMT February,2017,Guts,solutions,,,HMMT February 2017 Guts,https://hmmt-archive.s3.amazonaws.com/tournaments/2017/feb/guts/solutions.pdf,hmmt_pdfs/HMMT_February_2017_Guts_Solutions.pdf,mathpix_output/hmmt_pdfs/HMMT_February_2017_Guts_Solutions.md,mathpix_output/hmmt_pdfs/HMMT_February_2017_Guts_Solutions.tex.zip,12
HMMT February,2017,Team,problems,,,HMMT February 2017 Team,https://hmmt-archive.s3.amazonaws.com/tournaments/2017/feb/team/problems.pdf,hmmt_pdfs/HMMT_February_2017_Team_Problems.pdf,mathpix_output/hmmt_pdfs/HMMT_February_2017_Team_Problems.md,mathpix_output/hmmt_pdfs/HMMT_February_2017_Team_Problems.tex.zip,1
HMMT February,2017,Team,solutions,,,HMMT February 2017 Team,https://hmmt-archive.s3.amazonaws.com/tournaments/2017/feb/team/solutions.pdf,hmmt_pdfs/HMMT_February_2017_Team_Solutions.pdf,mathpix_output/hmmt_pdfs/HMMT_February_2017_Team_Solutions.md,mathpix_output/hmmt_pdfs/HMMT_February_2017_Team_Solutions.tex.zip,5
HMMT February,2016,Algebra,problems,,,HMMT February 2016 Algebra,https://hmmt-archive.s3.amazonaws.com/tournaments/2016/feb/algnt/problems.pdf,hmmt_pdfs/HMMT_February_2016_Algebra_Problems.pdf,mathpix_output/hmmt_pdfs/HMMT_February_2016_Algebra_Problems.md,mathpix_output/hmmt_pdfs/HMMT_February_2016_Algebra_Problems.tex.zip,1
HMMT February,2016,Algebra,solutions,,,HMMT February 2016 Algebra,https://hmmt-archive.s3.amazonaws.com/tournaments/2016/feb/algnt/solutions.pdf,hmmt_pdfs/HMMT_February_2016_Algebra_Solutions.pdf,mathpix_output/hmmt_pdfs/HMMT_February_2016_Algebra_Solutions.md,mathpix_output/hmmt_pdfs/HMMT_February_2016_Algebra_Solutions.tex.zip,5
HMMT February,2016,Combinatorics,problems,,,HMMT February 2016 Combinatorics,https://hmmt-archive.s3.amazonaws.com/tournaments/2016/feb/comb/problems.pdf,hmmt_pdfs/HMMT_February_2016_Combinatorics_Problems.pdf,mathpix_output/hmmt_pdfs/HMMT_February_2016_Combinatorics_Problems.md,mathpix_output/hmmt_pdfs/HMMT_February_2016_Combinatorics_Problems.tex.zip,2
HMMT February,2016,Combinatorics,solutions,,,HMMT February 2016 Combinatorics,https://hmmt-archive.s3.amazonaws.com/tournaments/2016/feb/comb/solutions.pdf,hmmt_pdfs/HMMT_February_2016_Combinatorics_Solutions.pdf,mathpix_output/hmmt_pdfs/HMMT_February_2016_Combinatorics_Solutions.md,mathpix_output/hmmt_pdfs/HMMT_February_2016_Combinatorics_Solutions.tex.zip,6
HMMT February,2016,Geometry,problems,,,HMMT February 2016 Geometry,https://hmmt-archive.s3.amazonaws.com/tournaments/2016/feb/geo/problems.pdf,hmmt_pdfs/HMMT_February_2016_Geometry_Problems.pdf,mathpix_output/hmmt_pdfs/HMMT_February_2016_Geometry_Problems.md,mathpix_output/hmmt_pdfs/HMMT_February_2016_Geometry_Problems.tex.zip,1
HMMT February,2016,Geometry,solutions,,,HMMT February 2016 Geometry,https://hmmt-archive.s3.amazonaws.com/tournaments/2016/feb/geo/solutions.pdf,hmmt_pdfs/HMMT_February_2016_Geometry_Solutions.pdf,mathpix_output/hmmt_pdfs/HMMT_February_2016_Geometry_Solutions.md,mathpix_output/hmmt_pdfs/HMMT_February_2016_Geometry_Solutions.tex.zip,4
HMMT February,2016,Guts,problems,,,HMMT February 2016 Guts,https://hmmt-archive.s3.amazonaws.com/tournaments/2016/feb/guts/problems.pdf,hmmt_pdfs/HMMT_February_2016_Guts_Problems.pdf,mathpix_output/hmmt_pdfs/HMMT_February_2016_Guts_Problems.md,mathpix_output/hmmt_pdfs/HMMT_February_2016_Guts_Problems.tex.zip,5
HMMT February,2016,Guts,solutions,,,HMMT February 2016 Guts,https://hmmt-archive.s3.amazonaws.com/tournaments/2016/feb/guts/solutions.pdf,hmmt_pdfs/HMMT_February_2016_Guts_Solutions.pdf,mathpix_output/hmmt_pdfs/HMMT_February_2016_Guts_Solutions.md,mathpix_output/hmmt_pdfs/HMMT_February_2016_Guts_Solutions.tex.zip,14
HMMT February,2016,Team,problems,,,HMMT February 2016 Team,https://hmmt-archive.s3.amazonaws.com/tournaments/2016/feb/team/problems.pdf,hmmt_pdfs/HMMT_February_2016_Team_Problems.pdf,mathpix_output/hmmt_pdfs/HMMT_February_2016_Team_Problems.md,mathpix_output/hmmt_pdfs/HMMT_February_2016_Team_Problems.tex.zip,1
HMMT February,2016,Team,solutions,,,HMMT February 2016 Team,https://hmmt-archive.s3.amazonaws.com/tournaments/2016/feb/team/solutions.pdf,hmmt_pdfs/HMMT_February_2016_Team_Solutions.pdf,mathpix_output/hmmt_pdfs/HMMT_February_2016_Team_Solutions.md,mathpix_output/hmmt_pdfs/HMMT_February_2016_Team_Solutions.tex.zip,8
HMMT February,2015,Algebra,problems,,,HMMT February 2015 Algebra,https://hmmt-archive.s3.amazonaws.com/tournaments/2015/feb/algnt/problems.pdf,hmmt_pdfs/HMMT_February_2015_Algebra_Problems.pdf,mathpix_output/hmmt_pdfs/HMMT_February_2015_Algebra_Problems.md,mathpix_output/hmmt_pdfs/HMMT_February_2015_Algebra_Problems.tex.zip,2
HMMT February,2015,Algebra,solutions,,,HMMT February 2015 Algebra,https://hmmt-archive.s3.amazonaws.com/tournaments/2015/feb/algnt/solutions.pdf,hmmt_pdfs/HMMT_February_2015_Algebra_Solutions.pdf,mathpix_output/hmmt_pdfs/HMMT_February_2015_Algebra_Solutions.md,mathpix_output/hmmt_pdfs/HMMT_February_2015_Algebra_Solutions.tex.zip,6
HMMT February,2015,Combinatorics,problems,,,HMMT February 2015 Combinatorics,https://hmmt-archive.s3.amazonaws.com/tournaments/2015/feb/comb/problems.pdf,hmmt_pdfs/HMMT_February_2015_Combinatorics_Problems.pdf,mathpix_output/hmmt_pdfs/HMMT_February_2015_Combinatorics_Problems.md,mathpix_output/hmmt_pdfs/HMMT_February_2015_Combinatorics_Problems.tex.zip,1
HMMT February,2015,Combinatorics,solutions,,,HMMT February 2015 Combinatorics,https://hmmt-archive.s3.amazonaws.com/tournaments/2015/feb/comb/solutions.pdf,hmmt_pdfs/HMMT_February_2015_Combinatorics_Solutions.pdf,mathpix_output/hmmt_pdfs/HMMT_February_2015_Combinatorics_Solutions.md,mathpix_output/hmmt_pdfs/HMMT_February_2015_Combinatorics_Solutions.tex.zip,6
HMMT February,2015,Geometry,problems,,,HMMT February 2015 Geometry,https://hmmt-archive.s3.amazonaws.com/tournaments/2015/feb/geo/problems.pdf,hmmt_pdfs/HMMT_February_2015_Geometry_Problems.pdf,mathpix_output/hmmt_pdfs/HMMT_February_2015_Geometry_Problems.md,mathpix_output/hmmt_pdfs/HMMT_February_2015_Geometry_Problems.tex.zip,1
HMMT February,2015,Geometry,solutions,,,HMMT February 2015 Geometry,https://hmmt-archive.s3.amazonaws.com/tournaments/2015/feb/geo/solutions.pdf,hmmt_pdfs/HMMT_February_2015_Geometry_Solutions.pdf,mathpix_output/hmmt_pdfs/HMMT_February_2015_Geometry_Solutions.md,mathpix_output/hmmt_pdfs/HMMT_February_2015_Geometry_Solutions.tex.zip,4
HMMT February,2015,Guts,problems,,,HMMT February 2015 Guts,https://hmmt-archive.s3.amazonaws.com/tournaments/2015/feb/guts/problems.pdf,hmmt_pdfs/HMMT_February_2015_Guts_Problems.pdf,mathpix_output/hmmt_pdfs/HMMT_February_2015_Guts_Problems.md,mathpix_output/hmmt_pdfs/HMMT_February_2015_Guts_Problems.tex.zip,9
HMMT February,2015,Guts,solutions,,,HMMT February 2015 Guts,https://hmmt-archive.s3.amazonaws.com/tournaments/2015/feb/guts/solutions.pdf,hmmt_pdfs/HMMT_February_2015_Guts_Solutions.pdf,mathpix_output/hmmt_pdfs/HMMT_February_2015_Guts_Solutions.md,mathpix_output/hmmt_pdfs/HMMT_February_2015_Guts_Solutions.tex.zip,17
HMMT February,2015,Team,problems,,,HMMT February 2015 Team,https://hmmt-archive.s3.amazonaws.com/tournaments/2015/feb/team/problems.pdf,hmmt_pdfs/HMMT_February_2015_Team_Problems.pdf,mathpix_output/hmmt_pdfs/HMMT_February_2015_Team_Problems.md,mathpix_output/hmmt_pdfs/HMMT_February_2015_Team_Problems.tex.zip,1
HMMT February,2015,Team,solutions,,,HMMT February 2015 Team,https://hmmt-archive.s3.amazonaws.com/tournaments/2015/feb/team/solutions.pdf,hmmt_pdfs/HMMT_February_2015_Team_Solutions.pdf,mathpix_output/hmmt_pdfs/HMMT_February_2015_Team_Solutions.md,mathpix_output/hmmt_pdfs/HMMT_February_2015_Team_Solutions.tex.zip,7
HMMT February,2014,Algebra,problems,,,HMMT February 2014 Algebra,https://hmmt-archive.s3.amazonaws.com/tournaments/2014/feb/algnt/problems.pdf,hmmt_pdfs/HMMT_February_2014_Algebra_Problems.pdf,mathpix_output/hmmt_pdfs/HMMT_February_2014_Algebra_Problems.md,mathpix_output/hmmt_pdfs/HMMT_February_2014_Algebra_Problems.tex.zip,3
HMMT February,2014,Algebra,solutions,,,HMMT February 2014 Algebra,https://hmmt-archive.s3.amazonaws.com/tournaments/2014/feb/algnt/solutions.pdf,hmmt_pdfs/HMMT_February_2014_Algebra_Solutions.pdf,mathpix_output/hmmt_pdfs/HMMT_February_2014_Algebra_Solutions.md,mathpix_output/hmmt_pdfs/HMMT_February_2014_Algebra_Solutions.tex.zip,5
HMMT February,2014,Combinatorics,problems,,,HMMT February 2014 Combinatorics,https://hmmt-archive.s3.amazonaws.com/tournaments/2014/feb/comb/problems.pdf,hmmt_pdfs/HMMT_February_2014_Combinatorics_Problems.pdf,mathpix_output/hmmt_pdfs/HMMT_February_2014_Combinatorics_Problems.md,mathpix_output/hmmt_pdfs/HMMT_February_2014_Combinatorics_Problems.tex.zip,4
HMMT February,2014,Combinatorics,solutions,,,HMMT February 2014 Combinatorics,https://hmmt-archive.s3.amazonaws.com/tournaments/2014/feb/comb/solutions.pdf,hmmt_pdfs/HMMT_February_2014_Combinatorics_Solutions.pdf,mathpix_output/hmmt_pdfs/HMMT_February_2014_Combinatorics_Solutions.md,mathpix_output/hmmt_pdfs/HMMT_February_2014_Combinatorics_Solutions.tex.zip,6
HMMT February,2014,Geometry,problems,,,HMMT February 2014 Geometry,https://hmmt-archive.s3.amazonaws.com/tournaments/2014/feb/geo/problems.pdf,hmmt_pdfs/HMMT_February_2014_Geometry_Problems.pdf,mathpix_output/hmmt_pdfs/HMMT_February_2014_Geometry_Problems.md,mathpix_output/hmmt_pdfs/HMMT_February_2014_Geometry_Problems.tex.zip,3
HMMT February,2014,Geometry,solutions,,,HMMT February 2014 Geometry,https://hmmt-archive.s3.amazonaws.com/tournaments/2014/feb/geo/solutions.pdf,hmmt_pdfs/HMMT_February_2014_Geometry_Solutions.pdf,mathpix_output/hmmt_pdfs/HMMT_February_2014_Geometry_Solutions.md,mathpix_output/hmmt_pdfs/HMMT_February_2014_Geometry_Solutions.tex.zip,2
HMMT February,2014,Guts,problems,,,HMMT February 2014 Guts,https://hmmt-archive.s3.amazonaws.com/tournaments/2014/feb/guts/problems.pdf,hmmt_pdfs/HMMT_February_2014_Guts_Problems.pdf,mathpix_output/hmmt_pdfs/HMMT_February_2014_Guts_Problems.md,mathpix_output/hmmt_pdfs/HMMT_February_2014_Guts_Problems.tex.zip,10
HMMT February,2014,Guts,solutions,,,HMMT February 2014 Guts,https://hmmt-archive.s3.amazonaws.com/tournaments/2014/feb/guts/solutions.pdf,hmmt_pdfs/HMMT_February_2014_Guts_Solutions.pdf,mathpix_output/hmmt_pdfs/HMMT_February_2014_Guts_Solutions.md,mathpix_output/hmmt_pdfs/HMMT_February_2014_Guts_Solutions.tex.zip,13
HMMT February,2014,Team,problems,,,HMMT February 2014 Team,https://hmmt-archive.s3.amazonaws.com/tournaments/2014/feb/team/problems.pdf,hmmt_pdfs/HMMT_February_2014_Team_Problems.pdf,mathpix_output/hmmt_pdfs/HMMT_February_2014_Team_Problems.md,mathpix_output/hmmt_pdfs/HMMT_February_2014_Team_Problems.tex.zip,22
HMMT February,2014,Team,solutions,,,HMMT February 2014 Team,https://hmmt-archive.s3.amazonaws.com/tournaments/2014/feb/team/solutions.pdf,hmmt_pdfs/HMMT_February_2014_Team_Solutions.pdf,mathpix_output/hmmt_pdfs/HMMT_February_2014_Team_Solutions.md,mathpix_output/hmmt_pdfs/HMMT_February_2014_Team_Solutions.tex.zip,5
HMMT February,2013,Algebra,problems,,,HMMT February 2013 Algebra,https://hmmt-archive.s3.amazonaws.com/tournaments/2013/feb/algnt/problems.pdf,hmmt_pdfs/HMMT_February_2013_Algebra_Problems.pdf,mathpix_output/hmmt_pdfs/HMMT_February_2013_Algebra_Problems.md,mathpix_output/hmmt_pdfs/HMMT_February_2013_Algebra_Problems.tex.zip,4
HMMT February,2013,Algebra,solutions,,,HMMT February 2013 Algebra,https://hmmt-archive.s3.amazonaws.com/tournaments/2013/feb/algnt/solutions.pdf,hmmt_pdfs/HMMT_February_2013_Algebra_Solutions.pdf,mathpix_output/hmmt_pdfs/HMMT_February_2013_Algebra_Solutions.md,mathpix_output/hmmt_pdfs/HMMT_February_2013_Algebra_Solutions.tex.zip,4
HMMT February,2013,Combinatorics,problems,,,HMMT February 2013 Combinatorics,https://hmmt-archive.s3.amazonaws.com/tournaments/2013/feb/comb/problems.pdf,hmmt_pdfs/HMMT_February_2013_Combinatorics_Problems.pdf,mathpix_output/hmmt_pdfs/HMMT_February_2013_Combinatorics_Problems.md,mathpix_output/hmmt_pdfs/HMMT_February_2013_Combinatorics_Problems.tex.zip,6
HMMT February,2013,Combinatorics,solutions,,,HMMT February 2013 Combinatorics,https://hmmt-archive.s3.amazonaws.com/tournaments/2013/feb/comb/solutions.pdf,hmmt_pdfs/HMMT_February_2013_Combinatorics_Solutions.pdf,mathpix_output/hmmt_pdfs/HMMT_February_2013_Combinatorics_Solutions.md,mathpix_output/hmmt_pdfs/HMMT_February_2013_Combinatorics_Solutions.tex.zip,5
HMMT February,2013,Geometry,problems,,,HMMT February 2013 Geometry,https://hmmt-archive.s3.amazonaws.com/tournaments/2013/feb/geo/problems.pdf,hmmt_pdfs/HMMT_February_2013_Geometry_Problems.pdf,mathpix_output/hmmt_pdfs/HMMT_February_2013_Geometry_Problems.md,mathpix_output/hmmt_pdfs/HMMT_February_2013_Geometry_Problems.tex.zip,4
HMMT February,2013,Geometry,solutions,,,HMMT February 2013 Geometry,https://hmmt-archive.s3.amazonaws.com/tournaments/2013/feb/geo/solutions.pdf,hmmt_pdfs/HMMT_February_2013_Geometry_Solutions.pdf,mathpix_output/hmmt_pdfs/HMMT_February_2013_Geometry_Solutions.md,mathpix_output/hmmt_pdfs/HMMT_February_2013_Geometry_Solutions.tex.zip,4
HMMT February,2013,Guts,problems,,,HMMT February 2013 Guts,https://hmmt-archive.s3.amazonaws.com/tournaments/2013/feb/guts/problems.pdf,hmmt_pdfs/HMMT_February_2013_Guts_Problems.pdf,mathpix_output/hmmt_pdfs/HMMT_February_2013_Guts_Problems.md,mathpix_output/hmmt_pdfs/HMMT_February_2013_Guts_Problems.tex.zip,6
HMMT February,2013,Guts,solutions,,,HMMT February 2013 Guts,https://hmmt-archive.s3.amazonaws.com/tournaments/2013/feb/guts/solutions.pdf,hmmt_pdfs/HMMT_February_2013_Guts_Solutions.pdf,mathpix_output/hmmt_pdfs/HMMT_February_2013_Guts_Solutions.md,mathpix_output/hmmt_pdfs/HMMT_February_2013_Guts_Solutions.tex.zip,11
HMMT February,2013,Team,problems,,,HMMT February 2013 Team,https://hmmt-archive.s3.amazonaws.com/tournaments/2013/feb/team/problems.pdf,hmmt_pdfs/HMMT_February_2013_Team_Problems.pdf,mathpix_output/hmmt_pdfs/HMMT_February_2013_Team_Problems.md,mathpix_output/hmmt_pdfs/HMMT_February_2013_Team_Problems.tex.zip,19
HMMT February,2013,Team,solutions,,,HMMT February 2013 Team,https://hmmt-archive.s3.amazonaws.com/tournaments/2013/feb/team/solutions.pdf,hmmt_pdfs/HMMT_February_2013_Team_Solutions.pdf,mathpix_output/hmmt_pdfs/HMMT_February_2013_Team_Solutions.md,mathpix_output/hmmt_pdfs/HMMT_February_2013_Team_Solutions.tex.zip,5
HMMT February,2012,Algebra,problems,,,HMMT February 2012 Algebra,https://hmmt-archive.s3.amazonaws.com/tournaments/2012/feb/algnt/problems.pdf,hmmt_pdfs/HMMT_February_2012_Algebra_Problems.pdf,mathpix_output/hmmt_pdfs/HMMT_February_2012_Algebra_Problems.md,mathpix_output/hmmt_pdfs/HMMT_February_2012_Algebra_Problems.tex.zip,4
HMMT February,2012,Algebra,solutions,,,HMMT February 2012 Algebra,https://hmmt-archive.s3.amazonaws.com/tournaments/2012/feb/algnt/solutions.pdf,hmmt_pdfs/HMMT_February_2012_Algebra_Solutions.pdf,mathpix_output/hmmt_pdfs/HMMT_February_2012_Algebra_Solutions.md,mathpix_output/hmmt_pdfs/HMMT_February_2012_Algebra_Solutions.tex.zip,5
HMMT February,2012,Combinatorics,problems,,,HMMT February 2012 Combinatorics,https://hmmt-archive.s3.amazonaws.com/tournaments/2012/feb/comb/problems.pdf,hmmt_pdfs/HMMT_February_2012_Combinatorics_Problems.pdf,mathpix_output/hmmt_pdfs/HMMT_February_2012_Combinatorics_Problems.md,mathpix_output/hmmt_pdfs/HMMT_February_2012_Combinatorics_Problems.tex.zip,4
HMMT February,2012,Combinatorics,solutions,,,HMMT February 2012 Combinatorics,https://hmmt-archive.s3.amazonaws.com/tournaments/2012/feb/comb/solutions.pdf,hmmt_pdfs/HMMT_February_2012_Combinatorics_Solutions.pdf,mathpix_output/hmmt_pdfs/HMMT_February_2012_Combinatorics_Solutions.md,mathpix_output/hmmt_pdfs/HMMT_February_2012_Combinatorics_Solutions.tex.zip,5
HMMT February,2012,Geometry,problems,,,HMMT February 2012 Geometry,https://hmmt-archive.s3.amazonaws.com/tournaments/2012/feb/geo/problems.pdf,hmmt_pdfs/HMMT_February_2012_Geometry_Problems.pdf,mathpix_output/hmmt_pdfs/HMMT_February_2012_Geometry_Problems.md,mathpix_output/hmmt_pdfs/HMMT_February_2012_Geometry_Problems.tex.zip,6
HMMT February,2012,Geometry,solutions,,,HMMT February 2012 Geometry,https://hmmt-archive.s3.amazonaws.com/tournaments/2012/feb/geo/solutions.pdf,hmmt_pdfs/HMMT_February_2012_Geometry_Solutions.pdf,mathpix_output/hmmt_pdfs/HMMT_February_2012_Geometry_Solutions.md,mathpix_output/hmmt_pdfs/HMMT_February_2012_Geometry_Solutions.tex.zip,4
HMMT February,2012,Guts,problems,,,HMMT February 2012 Guts,https://hmmt-archive.s3.amazonaws.com/tournaments/2012/feb/guts/problems.pdf,hmmt_pdfs/HMMT_February_2012_Guts_Problems.pdf,mathpix_output/hmmt_pdfs/HMMT_February_2012_Guts_Problems.md,mathpix_output/hmmt_pdfs/HMMT_February_2012_Guts_Problems.tex.zip,7
HMMT February,2012,Guts,solutions,,,HMMT February 2012 Guts,https://hmmt-archive.s3.amazonaws.com/tournaments/2012/feb/guts/solutions.pdf,hmmt_pdfs/HMMT_February_2012_Guts_Solutions.pdf,mathpix_output/hmmt_pdfs/HMMT_February_2012_Guts_Solutions.md,mathpix_output/hmmt_pdfs/HMMT_February_2012_Guts_Solutions.tex.zip,13
HMMT February,2011,Guts,problems,,,HMMT February 2011 Guts,https://hmmt-archive.s3.amazonaws.com/tournaments/2011/feb/guts/problems.pdf,hmmt_pdfs/HMMT_February_2011_Guts_Problems.pdf,mathpix_output/hmmt_pdfs/HMMT_February_2011_Guts_Problems.md,mathpix_output/hmmt_pdfs/HMMT_February_2011_Guts_Problems.tex.zip,4
HMMT February,2011,Guts,solutions,,,HMMT February 2011 Guts,https://hmmt-archive.s3.amazonaws.com/tournaments/2011/feb/guts/solutions.pdf,hmmt_pdfs/HMMT_February_2011_Guts_Solutions.pdf,mathpix_output/hmmt_pdfs/HMMT_February_2011_Guts_Solutions.md,mathpix_output/hmmt_pdfs/HMMT_February_2011_Guts_Solutions.tex.zip,19
HMMT February,2010,Algebra,problems,,,HMMT February 2010 Algebra,https://hmmt-archive.s3.amazonaws.com/tournaments/2010/feb/algnt/problems.pdf,hmmt_pdfs/HMMT_February_2010_Algebra_Problems.pdf,mathpix_output/hmmt_pdfs/HMMT_February_2010_Algebra_Problems.md,mathpix_output/hmmt_pdfs/HMMT_February_2010_Algebra_Problems.tex.zip,1
HMMT February,2010,Algebra,solutions,,,HMMT February 2010 Algebra,https://hmmt-archive.s3.amazonaws.com/tournaments/2010/feb/algnt/solutions.pdf,hmmt_pdfs/HMMT_February_2010_Algebra_Solutions.pdf,mathpix_output/hmmt_pdfs/HMMT_February_2010_Algebra_Solutions.md,mathpix_output/hmmt_pdfs/HMMT_February_2010_Algebra_Solutions.tex.zip,4
HMMT February,2010,Combinatorics,problems,,,HMMT February 2010 Combinatorics,https://hmmt-archive.s3.amazonaws.com/tournaments/2010/feb/comb/problems.pdf,hmmt_pdfs/HMMT_February_2010_Combinatorics_Problems.pdf,mathpix_output/hmmt_pdfs/HMMT_February_2010_Combinatorics_Problems.md,mathpix_output/hmmt_pdfs/HMMT_February_2010_Combinatorics_Problems.tex.zip,1
HMMT February,2010,Combinatorics,solutions,,,HMMT February 2010 Combinatorics,https://hmmt-archive.s3.amazonaws.com/tournaments/2010/feb/comb/solutions.pdf,hmmt_pdfs/HMMT_February_2010_Combinatorics_Solutions.pdf,mathpix_output/hmmt_pdfs/HMMT_February_2010_Combinatorics_Solutions.md,mathpix_output/hmmt_pdfs/HMMT_February_2010_Combinatorics_Solutions.tex.zip,5
HMMT February,2010,Geometry,problems,,,HMMT February 2010 Geometry,https://hmmt-archive.s3.amazonaws.com/tournaments/2010/feb/geo/problems.pdf,hmmt_pdfs/HMMT_February_2010_Geometry_Problems.pdf,mathpix_output/hmmt_pdfs/HMMT_February_2010_Geometry_Problems.md,mathpix_output/hmmt_pdfs/HMMT_February_2010_Geometry_Problems.tex.zip,1
HMMT February,2010,Geometry,solutions,,,HMMT February 2010 Geometry,https://hmmt-archive.s3.amazonaws.com/tournaments/2010/feb/geo/solutions.pdf,hmmt_pdfs/HMMT_February_2010_Geometry_Solutions.pdf,mathpix_output/hmmt_pdfs/HMMT_February_2010_Geometry_Solutions.md,mathpix_output/hmmt_pdfs/HMMT_February_2010_Geometry_Solutions.tex.zip,9
HMMT February,2010,Guts,problems,,,HMMT February 2010 Guts,https://hmmt-archive.s3.amazonaws.com/tournaments/2010/feb/guts/problems.pdf,hmmt_pdfs/HMMT_February_2010_Guts_Problems.pdf,mathpix_output/hmmt_pdfs/HMMT_February_2010_Guts_Problems.md,mathpix_output/hmmt_pdfs/HMMT_February_2010_Guts_Problems.tex.zip,5
HMMT February,2010,Guts,solutions,,,HMMT February 2010 Guts,https://hmmt-archive.s3.amazonaws.com/tournaments/2010/feb/guts/solutions.pdf,hmmt_pdfs/HMMT_February_2010_Guts_Solutions.pdf,mathpix_output/hmmt_pdfs/HMMT_February_2010_Guts_Solutions.md,mathpix_output/hmmt_pdfs/HMMT_February_2010_Guts_Solutions.tex.zip,15
HMMT February,2009,Algebra,problems,,,HMMT February 2009 Algebra,https://hmmt-archive.s3.amazonaws.com/tournaments/2009/feb/algnt/problems.pdf,hmmt_pdfs/HMMT_February_2009_Algebra_Problems.pdf,mathpix_output/hmmt_pdfs/HMMT_February_2009_Algebra_Problems.md,mathpix_output/hmmt_pdfs/HMMT_February_2009_Algebra_Problems.tex.zip,1
HMMT February,2009,Algebra,solutions,,,HMMT February 2009 Algebra,https://hmmt-archive.s3.amazonaws.com/tournaments/2009/feb/algnt/solutions.pdf,hmmt_pdfs/HMMT_February_2009_Algebra_Solutions.pdf,mathpix_output/hmmt_pdfs/HMMT_February_2009_Algebra_Solutions.md,mathpix_output/hmmt_pdfs/HMMT_February_2009_Algebra_Solutions.tex.zip,3
HMMT February,2009,Combinatorics,problems,,,HMMT February 2009 Combinatorics,https://hmmt-archive.s3.amazonaws.com/tournaments/2009/feb/comb/problems.pdf,hmmt_pdfs/HMMT_February_2009_Combinatorics_Problems.pdf,mathpix_output/hmmt_pdfs/HMMT_February_2009_Combinatorics_Problems.md,mathpix_output/hmmt_pdfs/HMMT_February_2009_Combinatorics_Problems.tex.zip,1
HMMT February,2009,Combinatorics,solutions,,,HMMT February 2009 Combinatorics,https://hmmt-archive.s3.amazonaws.com/tournaments/2009/feb/comb/solutions.pdf,hmmt_pdfs/HMMT_February_2009_Combinatorics_Solutions.pdf,mathpix_output/hmmt_pdfs/HMMT_February_2009_Combinatorics_Solutions.md,mathpix_output/hmmt_pdfs/HMMT_February_2009_Combinatorics_Solutions.tex.zip,4
HMMT February,2009,Geometry,problems,,,HMMT February 2009 Geometry,https://hmmt-archive.s3.amazonaws.com/tournaments/2009/feb/geo/problems.pdf,hmmt_pdfs/HMMT_February_2009_Geometry_Problems.pdf,mathpix_output/hmmt_pdfs/HMMT_February_2009_Geometry_Problems.md,mathpix_output/hmmt_pdfs/HMMT_February_2009_Geometry_Problems.tex.zip,1
HMMT February,2009,Geometry,solutions,,,HMMT February 2009 Geometry,https://hmmt-archive.s3.amazonaws.com/tournaments/2009/feb/geo/solutions.pdf,hmmt_pdfs/HMMT_February_2009_Geometry_Solutions.pdf,mathpix_output/hmmt_pdfs/HMMT_February_2009_Geometry_Solutions.md,mathpix_output/hmmt_pdfs/HMMT_February_2009_Geometry_Solutions.tex.zip,4
HMMT February,2009,Guts,problems,,,HMMT February 2009 Guts,https://hmmt-archive.s3.amazonaws.com/tournaments/2009/feb/guts/problems.pdf,hmmt_pdfs/HMMT_February_2009_Guts_Problems.pdf,mathpix_output/hmmt_pdfs/HMMT_February_2009_Guts_Problems.md,mathpix_output/hmmt_pdfs/HMMT_February_2009_Guts_Problems.tex.zip,5
HMMT February,2009,Guts,solutions,,,HMMT February 2009 Guts,https://hmmt-archive.s3.amazonaws.com/tournaments/2009/feb/guts/solutions.pdf,hmmt_pdfs/HMMT_February_2009_Guts_Solutions.pdf,mathpix_output/hmmt_pdfs/HMMT_February_2009_Guts_Solutions.md,mathpix_output/hmmt_pdfs/HMMT_February_2009_Guts_Solutions.tex.zip,9
HMMT February,2008,Algebra,problems,,,HMMT February 2008 Algebra,https://hmmt-archive.s3.amazonaws.com/tournaments/2008/feb/algnt/problems.pdf,hmmt_pdfs/HMMT_February_2008_Algebra_Problems.pdf,mathpix_output/hmmt_pdfs/HMMT_February_2008_Algebra_Problems.md,mathpix_output/hmmt_pdfs/HMMT_February_2008_Algebra_Problems.tex.zip,1
HMMT February,2008,Algebra,solutions,,,HMMT February 2008 Algebra,https://hmmt-archive.s3.amazonaws.com/tournaments/2008/feb/algnt/solutions.pdf,hmmt_pdfs/HMMT_February_2008_Algebra_Solutions.pdf,mathpix_output/hmmt_pdfs/HMMT_February_2008_Algebra_Solutions.md,mathpix_output/hmmt_pdfs/HMMT_February_2008_Algebra_Solutions.tex.zip,3
HMMT February,2008,Combinatorics,problems,,,HMMT February 2008 Combinatorics,https://hmmt-archive.s3.amazonaws.com/tournaments/2008/feb/comb/problems.pdf,hmmt_pdfs/HMMT_February_2008_Combinatorics_Problems.pdf,mathpix_output/hmmt_pdfs/HMMT_February_2008_Combinatorics_Problems.md,mathpix_output/hmmt_pdfs/HMMT_February_2008_Combinatorics_Problems.tex.zip,1
HMMT February,2008,Combinatorics,solutions,,,HMMT February 2008 Combinatorics,https://hmmt-archive.s3.amazonaws.com/tournaments/2008/feb/comb/solutions.pdf,hmmt_pdfs/HMMT_February_2008_Combinatorics_Solutions.pdf,mathpix_output/hmmt_pdfs/HMMT_February_2008_Combinatorics_Solutions.md,mathpix_output/hmmt_pdfs/HMMT_February_2008_Combinatorics_Solutions.tex.zip,4
HMMT February,2008,Geometry,problems,,,HMMT February 2008 Geometry,https://hmmt-archive.s3.amazonaws.com/tournaments/2008/feb/geo/problems.pdf,hmmt_pdfs/HMMT_February_2008_Geometry_Problems.pdf,mathpix_output/hmmt_pdfs/HMMT_February_2008_Geometry_Problems.md,mathpix_output/hmmt_pdfs/HMMT_February_2008_Geometry_Problems.tex.zip,1
HMMT February,2008,Geometry,solutions,,,HMMT February 2008 Geometry,https://hmmt-archive.s3.amazonaws.com/tournaments/2008/feb/geo/solutions.pdf,hmmt_pdfs/HMMT_February_2008_Geometry_Solutions.pdf,mathpix_output/hmmt_pdfs/HMMT_February_2008_Geometry_Solutions.md,mathpix_output/hmmt_pdfs/HMMT_February_2008_Geometry_Solutions.tex.zip,5
HMMT February,2008,Guts,problems,,,HMMT February 2008 Guts,https://hmmt-archive.s3.amazonaws.com/tournaments/2008/feb/guts/problems.pdf,hmmt_pdfs/HMMT_February_2008_Guts_Problems.pdf,mathpix_output/hmmt_pdfs/HMMT_February_2008_Guts_Problems.md,mathpix_output/hmmt_pdfs/HMMT_February_2008_Guts_Problems.tex.zip,5
HMMT February,2008,Guts,solutions,,,HMMT February 2008 Guts,https://hmmt-archive.s3.amazonaws.com/tournaments/2008/feb/guts/solutions.pdf,hmmt_pdfs/HMMT_February_2008_Guts_Solutions.pdf,mathpix_output/hmmt_pdfs/HMMT_February_2008_Guts_Solutions.md,mathpix_output/hmmt_pdfs/HMMT_February_2008_Guts_Solutions.tex.zip,11
HMMT November,2025,General,problems,,,HMMT November 2025 General,https://hmmt-archive.s3.amazonaws.com/tournaments/2025/nov/gen/problems.pdf,hmmt_pdfs/HMMT_November_2025_General_Problems.pdf,mathpix_output/hmmt_pdfs/HMMT_November_2025_General_Problems.md,mathpix_output/hmmt_pdfs/HMMT_November_2025_General_Problems.tex.zip,1
HMMT November,2025,General,solutions,,,HMMT November 2025 General,https://hmmt-archive.s3.amazonaws.com/tournaments/2025/nov/gen/solutions.pdf,hmmt_pdfs/HMMT_November_2025_General_Solutions.pdf,mathpix_output/hmmt_pdfs/HMMT_November_2025_General_Solutions.md,mathpix_output/hmmt_pdfs/HMMT_November_2025_General_Solutions.tex.zip,7
HMMT November,2025,Guts,problems,,,HMMT November 2025 Guts,https://hmmt-archive.s3.amazonaws.com/tournaments/2025/nov/guts/problems.pdf,hmmt_pdfs/HMMT_November_2025_Guts_Problems.pdf,mathpix_output/hmmt_pdfs/HMMT_November_2025_Guts_Problems.md,mathpix_output/hmmt_pdfs/HMMT_November_2025_Guts_Problems.tex.zip,7
HMMT November,2025,Guts,solutions,,,HMMT November 2025 Guts,https://hmmt-archive.s3.amazonaws.com/tournaments/2025/nov/guts/solutions.pdf,hmmt_pdfs/HMMT_November_2025_Guts_Solutions.pdf,mathpix_output/hmmt_pdfs/HMMT_November_2025_Guts_Solutions.md,mathpix_output/hmmt_pdfs/HMMT_November_2025_Guts_Solutions.tex.zip,30
HMMT November,2025,Team,problems,,,HMMT November 2025 Team,https://hmmt-archive.s3.amazonaws.com/tournaments/2025/nov/team/problems.pdf,hmmt_pdfs/HMMT_November_2025_Team_Problems.pdf,mathpix_output/hmmt_pdfs/HMMT_November_2025_Team_Problems.md,mathpix_output/hmmt_pdfs/HMMT_November_2025_Team_Problems.tex.zip,1
HMMT November,2025,Team,solutions,,,HMMT November 2025 Team,https://hmmt-archive.s3.amazonaws.com/tournaments/2025/nov/team/solutions.pdf,hmmt_pdfs/HMMT_November_2025_Team_Solutions.pdf,mathpix_output/hmmt_pdfs/HMMT_November_2025_Team_Solutions.md,mathpix_output/hmmt_pdfs/HMMT_November_2025_Team_Solutions.tex.zip,8
HMMT November,2025,Theme,problems,,,HMMT November 2025 Theme,https://hmmt-archive.s3.amazonaws.com/tournaments/2025/nov/thm/problems.pdf,hmmt_pdfs/HMMT_November_2025_Theme_Problems.pdf,mathpix_output/hmmt_pdfs/HMMT_November_2025_Theme_Problems.md,mathpix_output/hmmt_pdfs/HMMT_November_2025_Theme_Problems.tex.zip,2
HMMT November,2025,Theme,solutions,,,HMMT November 2025 Theme,https://hmmt-archive.s3.amazonaws.com/tournaments/2025/nov/thm/solutions.pdf,hmmt_pdfs/HMMT_November_2025_Theme_Solutions.pdf,mathpix_output/hmmt_pdfs/HMMT_November_2025_Theme_Solutions.md,mathpix_output/hmmt_pdfs/HMMT_November_2025_Theme_Solutions.tex.zip,9
HMMT November,2024,General,problems,,,HMMT November 2024 General,https://hmmt-archive.s3.amazonaws.com/tournaments/2024/nov/gen/problems.pdf,hmmt_pdfs/HMMT_November_2024_General_Problems.pdf,mathpix_output/hmmt_pdfs/HMMT_November_2024_General_Problems.md,mathpix_output/hmmt_pdfs/HMMT_November_2024_General_Problems.tex.zip,1
HMMT November,2024,General,solutions,,,HMMT November 2024 General,https://hmmt-archive.s3.amazonaws.com/tournaments/2024/nov/gen/solutions.pdf,hmmt_pdfs/HMMT_November_2024_General_Solutions.pdf,mathpix_output/hmmt_pdfs/HMMT_November_2024_General_Solutions.md,mathpix_output/hmmt_pdfs/HMMT_November_2024_General_Solutions.tex.zip,7
HMMT November,2024,Guts,problems,,,HMMT November 2024 Guts,https://hmmt-archive.s3.amazonaws.com/tournaments/2024/nov/guts/problems.pdf,hmmt_pdfs/HMMT_November_2024_Guts_Problems.pdf,mathpix_output/hmmt_pdfs/HMMT_November_2024_Guts_Problems.md,mathpix_output/hmmt_pdfs/HMMT_November_2024_Guts_Problems.tex.zip,7
HMMT November,2024,Guts,solutions,,,HMMT November 2024 Guts,https://hmmt-archive.s3.amazonaws.com/tournaments/2024/nov/guts/solutions.pdf,hmmt_pdfs/HMMT_November_2024_Guts_Solutions.pdf,mathpix_output/hmmt_pdfs/HMMT_November_2024_Guts_Solutions.md,mathpix_output/hmmt_pdfs/HMMT_November_2024_Guts_Solutions.tex.zip,23
HMMT November,2024,Team,problems,,,HMMT November 2024 Team,https://hmmt-archive.s3.amazonaws.com/tournaments/2024/nov/team/problems.pdf,hmmt_pdfs/HMMT_November_2024_Team_Problems.pdf,mathpix_output/hmmt_pdfs/HMMT_November_2024_Team_Problems.md,mathpix_output/hmmt_pdfs/HMMT_November_2024_Team_Problems.tex.zip,1
HMMT November,2024,Team,solutions,,,HMMT November 2024 Team,https://hmmt-archive.s3.amazonaws.com/tournaments/2024/nov/team/solutions.pdf,hmmt_pdfs/HMMT_November_2024_Team_Solutions.pdf,mathpix_output/hmmt_pdfs/HMMT_November_2024_Team_Solutions.md,mathpix_output/hmmt_pdfs/HMMT_November_2024_Team_Solutions.tex.zip,7
HMMT November,2024,Theme,problems,,,HMMT November 2024 Theme,https://hmmt-archive.s3.amazonaws.com/tournaments/2024/nov/thm/problems.pdf,hmmt_pdfs/HMMT_November_2024_Theme_Problems.pdf,mathpix_output/hmmt_pdfs/HMMT_November_2024_Theme_Problems.md,mathpix_output/hmmt_pdfs/HMMT_November_2024_Theme_Problems.tex.zip,1
HMMT November,2024,Theme,solutions,,,HMMT November 2024 Theme,https://hmmt-archive.s3.amazonaws.com/tournaments/2024/nov/thm/solutions.pdf,hmmt_pdfs/HMMT_November_2024_Theme_Solutions.pdf,mathpix_output/hmmt_pdfs/HMMT_November_2024_Theme_Solutions.md,mathpix_output/hmmt_pdfs/HMMT_November_2024_Theme_Solutions.tex.zip,8
HMMT November,2023,General,problems,,,HMMT November 2023 General,https://hmmt-archive.s3.amazonaws.com/tournaments/2023/nov/gen/problems.pdf,hmmt_pdfs/HMMT_November_2023_General_Problems.pdf,mathpix_output/hmmt_pdfs/HMMT_November_2023_General_Problems.md,mathpix_output/hmmt_pdfs/HMMT_November_2023_General_Problems.tex.zip,1
HMMT November,2023,General,solutions,,,HMMT November 2023 General,https://hmmt-archive.s3.amazonaws.com/tournaments/2023/nov/gen/solutions.pdf,hmmt_pdfs/HMMT_November_2023_General_Solutions.pdf,mathpix_output/hmmt_pdfs/HMMT_November_2023_General_Solutions.md,mathpix_output/hmmt_pdfs/HMMT_November_2023_General_Solutions.tex.zip,6
HMMT November,2023,Guts,problems,,,HMMT November 2023 Guts,https://hmmt-archive.s3.amazonaws.com/tournaments/2023/nov/guts/problems.pdf,hmmt_pdfs/HMMT_November_2023_Guts_Problems.pdf,mathpix_output/hmmt_pdfs/HMMT_November_2023_Guts_Problems.md,mathpix_output/hmmt_pdfs/HMMT_November_2023_Guts_Problems.tex.zip,6
HMMT November,2023,Guts,solutions,,,HMMT November 2023 Guts,https://hmmt-archive.s3.amazonaws.com/tournaments/2023/nov/guts/solutions.pdf,hmmt_pdfs/HMMT_November_2023_Guts_Solutions.pdf,mathpix_output/hmmt_pdfs/HMMT_November_2023_Guts_Solutions.md,mathpix_output/hmmt_pdfs/HMMT_November_2023_Guts_Solutions.tex.zip,21
HMMT November,2023,Team,problems,,,HMMT November 2023 Team,https://hmmt-archive.s3.amazonaws.com/tournaments/2023/nov/team/problems.pdf,hmmt_pdfs/HMMT_November_2023_Team_Problems.pdf,mathpix_output/hmmt_pdfs/HMMT_November_2023_Team_Problems.md,mathpix_output/hmmt_pdfs/HMMT_November_2023_Team_Problems.tex.zip,1
HMMT November,2023,Team,solutions,,,HMMT November 2023 Team,https://hmmt-archive.s3.amazonaws.com/tournaments/2023/nov/team/solutions.pdf,hmmt_pdfs/HMMT_November_2023_Team_Solutions.pdf,mathpix_output/hmmt_pdfs/HMMT_November_2023_Team_Solutions.md,mathpix_output/hmmt_pdfs/HMMT_November_2023_Team_Solutions.tex.zip,6
HMMT November,2023,Theme,problems,,,HMMT November 2023 Theme,https://hmmt-archive.s3.amazonaws.com/tournaments/2023/nov/thm/problems.pdf,hmmt_pdfs/HMMT_November_2023_Theme_Problems.pdf,mathpix_output/hmmt_pdfs/HMMT_November_2023_Theme_Problems.md,mathpix_output/hmmt_pdfs/HMMT_November_2023_Theme_Problems.tex.zip,1
HMMT November,2023,Theme,solutions,,,HMMT November 2023 Theme,https://hmmt-archive.s3.amazonaws.com/tournaments/2023/nov/thm/solutions.pdf,hmmt_pdfs/HMMT_November_2023_Theme_Solutions.pdf,mathpix_output/hmmt_pdfs/HMMT_November_2023_Theme_Solutions.md,mathpix_output/hmmt_pdfs/HMMT_November_2023_Theme_Solutions.tex.zip,5
HMMT November,2022,General,problems,,,HMMT November 2022 General,https://hmmt-archive.s3.amazonaws.com/tournaments/2022/nov/gen/problems.pdf,hmmt_pdfs/HMMT_November_2022_General_Problems.pdf,mathpix_output/hmmt_pdfs/HMMT_November_2022_General_Problems.md,mathpix_output/hmmt_pdfs/HMMT_November_2022_General_Problems.tex.zip,1
HMMT November,2022,General,solutions,,,HMMT November 2022 General,https://hmmt-archive.s3.amazonaws.com/tournaments/2022/nov/gen/solutions.pdf,hmmt_pdfs/HMMT_November_2022_General_Solutions.pdf,mathpix_output/hmmt_pdfs/HMMT_November_2022_General_Solutions.md,mathpix_output/hmmt_pdfs/HMMT_November_2022_General_Solutions.tex.zip,5
HMMT November,2022,Guts,problems,,,HMMT November 2022 Guts,https://hmmt-archive.s3.amazonaws.com/tournaments/2022/nov/guts/problems.pdf,hmmt_pdfs/HMMT_November_2022_Guts_Problems.pdf,mathpix_output/hmmt_pdfs/HMMT_November_2022_Guts_Problems.md,mathpix_output/hmmt_pdfs/HMMT_November_2022_Guts_Problems.tex.zip,4
HMMT November,2022,Guts,solutions,,,HMMT November 2022 Guts,https://hmmt-archive.s3.amazonaws.com/tournaments/2022/nov/guts/solutions.pdf,hmmt_pdfs/HMMT_November_2022_Guts_Solutions.pdf,mathpix_output/hmmt_pdfs/HMMT_November_2022_Guts_Solutions.md,mathpix_output/hmmt_pdfs/HMMT_November_2022_Guts_Solutions.tex.zip,13
HMMT November,2022,Team,problems,,,HMMT November 2022 Team,https://hmmt-archive.s3.amazonaws.com/tournaments/2022/nov/team/problems.pdf,hmmt_pdfs/HMMT_November_2022_Team_Problems.pdf,mathpix_output/hmmt_pdfs/HMMT_November_2022_Team_Problems.md,mathpix_output/hmmt_pdfs/HMMT_November_2022_Team_Problems.tex.zip,1
HMMT November,2022,Team,solutions,,,HMMT November 2022 Team,https://hmmt-archive.s3.amazonaws.com/tournaments/2022/nov/team/solutions.pdf,hmmt_pdfs/HMMT_November_2022_Team_Solutions.pdf,mathpix_output/hmmt_pdfs/HMMT_November_2022_Team_Solutions.md,mathpix_output/hmmt_pdfs/HMMT_November_2022_Team_Solutions.tex.zip,6
HMMT November,2022,Theme,problems,,,HMMT November 2022 Theme,https://hmmt-archive.s3.amazonaws.com/tournaments/2022/nov/thm/problems.pdf,hmmt_pdfs/HMMT_November_2022_Theme_Problems.pdf,mathpix_output/hmmt_pdfs/HMMT_November_2022_Theme_Problems.md,mathpix_output/hmmt_pdfs/HMMT_November_2022_Theme_Problems.tex.zip,1
HMMT November,2022,Theme,solutions,,,HMMT November 2022 Theme,https://hmmt-archive.s3.amazonaws.com/tournaments/2022/nov/thm/solutions.pdf,hmmt_pdfs/HMMT_November_2022_Theme_Solutions.pdf,mathpix_output/hmmt_pdfs/HMMT_November_2022_Theme_Solutions.md,mathpix_output/hmmt_pdfs/HMMT_November_2022_Theme_Solutions.tex.zip,5
HMMT November,2021,General,problems,,,HMMT November 2021 General,https://hmmt-archive.s3.amazonaws.com/tournaments/2021/nov/gen/problems.pdf,hmmt_pdfs/HMMT_November_2021_General_Problems.pdf,mathpix_output/hmmt_pdfs/HMMT_November_2021_General_Problems.md,mathpix_output/hmmt_pdfs/HMMT_November_2021_General_Problems.tex.zip,1
HMMT November,2021,General,solutions,,,HMMT November 2021 General,https://hmmt-archive.s3.amazonaws.com/tournaments/2021/nov/gen/solutions.pdf,hmmt_pdfs/HMMT_November_2021_General_Solutions.pdf,mathpix_output/hmmt_pdfs/HMMT_November_2021_General_Solutions.md,mathpix_output/hmmt_pdfs/HMMT_November_2021_General_Solutions.tex.zip,6
HMMT November,2021,Guts,problems,,,HMMT November 2021 Guts,https://hmmt-archive.s3.amazonaws.com/tournaments/2021/nov/guts/problems.pdf,hmmt_pdfs/HMMT_November_2021_Guts_Problems.pdf,mathpix_output/hmmt_pdfs/HMMT_November_2021_Guts_Problems.md,mathpix_output/hmmt_pdfs/HMMT_November_2021_Guts_Problems.tex.zip,7
HMMT November,2021,Guts,solutions,,,HMMT November 2021 Guts,https://hmmt-archive.s3.amazonaws.com/tournaments/2021/nov/guts/solutions.pdf,hmmt_pdfs/HMMT_November_2021_Guts_Solutions.pdf,mathpix_output/hmmt_pdfs/HMMT_November_2021_Guts_Solutions.md,mathpix_output/hmmt_pdfs/HMMT_November_2021_Guts_Solutions.tex.zip,16
HMMT November,2021,Team,problems,,,HMMT November 2021 Team,https://hmmt-archive.s3.amazonaws.com/tournaments/2021/nov/team/problems.pdf,hmmt_pdfs/HMMT_November_2021_Team_Problems.pdf,mathpix_output/hmmt_pdfs/HMMT_November_2021_Team_Problems.md,mathpix_output/hmmt_pdfs/HMMT_November_2021_Team_Problems.tex.zip,2
HMMT November,2021,Team,solutions,,,HMMT November 2021 Team,https://hmmt-archive.s3.amazonaws.com/tournaments/2021/nov/team/solutions.pdf,hmmt_pdfs/HMMT_November_2021_Team_Solutions.pdf,mathpix_output/hmmt_pdfs/HMMT_November_2021_Team_Solutions.md,mathpix_output/hmmt_pdfs/HMMT_November_2021_Team_Solutions.tex.zip,5
HMMT November,2021,Theme,problems,,,HMMT November 2021 Theme,https://hmmt-archive.s3.amazonaws.com/tournaments/2021/nov/thm/problems.pdf,hmmt_pdfs/HMMT_November_2021_Theme_Problems.pdf,mathpix_output/hmmt_pdfs/HMMT_November_2021_Theme_Problems.md,mathpix_output/hmmt_pdfs/HMMT_November_2021_Theme_Problems.tex.zip,1
HMMT November,2021,Theme,solutions,,,HMMT November 2021 Theme,https://hmmt-archive.s3.amazonaws.com/tournaments/2021/nov/thm/solutions.pdf,hmmt_pdfs/HMMT_November_2021_Theme_Solutions.pdf,mathpix_output/hmmt_pdfs/HMMT_November_2021_Theme_Solutions.md,mathpix_output/hmmt_pdfs/HMMT_November_2021_Theme_Solutions.tex.zip,6
HMMT November,2020,General,problems,,,HMMT November 2020 General,https://hmmt-archive.s3.amazonaws.com/tournaments/2020/nov/gen/problems.pdf,hmmt_pdfs/HMMT_November_2020_General_Problems.pdf,mathpix_output/hmmt_pdfs/HMMT_November_2020_General_Problems.md,mathpix_output/hmmt_pdfs/HMMT_November_2020_General_Problems.tex.zip,1
HMMT November,2020,General,solutions,,,HMMT November 2020 General,https://hmmt-archive.s3.amazonaws.com/tournaments/2020/nov/gen/solutions.pdf,hmmt_pdfs/HMMT_November_2020_General_Solutions.pdf,mathpix_output/hmmt_pdfs/HMMT_November_2020_General_Solutions.md,mathpix_output/hmmt_pdfs/HMMT_November_2020_General_Solutions.tex.zip,5
HMMT November,2020,Guts,problems,,,HMMT November 2020 Guts,https://hmmt-archive.s3.amazonaws.com/tournaments/2020/nov/guts/problems.pdf,hmmt_pdfs/HMMT_November_2020_Guts_Problems.pdf,mathpix_output/hmmt_pdfs/HMMT_November_2020_Guts_Problems.md,mathpix_output/hmmt_pdfs/HMMT_November_2020_Guts_Problems.tex.zip,6
HMMT November,2020,Guts,solutions,,,HMMT November 2020 Guts,https://hmmt-archive.s3.amazonaws.com/tournaments/2020/nov/guts/solutions.pdf,hmmt_pdfs/HMMT_November_2020_Guts_Solutions.pdf,mathpix_output/hmmt_pdfs/HMMT_November_2020_Guts_Solutions.md,mathpix_output/hmmt_pdfs/HMMT_November_2020_Guts_Solutions.tex.zip,16
HMMT November,2020,Team,problems,,,HMMT November 2020 Team,https://hmmt-archive.s3.amazonaws.com/tournaments/2020/nov/team/problems.pdf,hmmt_pdfs/HMMT_November_2020_Team_Problems.pdf,mathpix_output/hmmt_pdfs/HMMT_November_2020_Team_Problems.md,mathpix_output/hmmt_pdfs/HMMT_November_2020_Team_Problems.tex.zip,1
HMMT November,2020,Team,solutions,,,HMMT November 2020 Team,https://hmmt-archive.s3.amazonaws.com/tournaments/2020/nov/team/solutions.pdf,hmmt_pdfs/HMMT_November_2020_Team_Solutions.pdf,mathpix_output/hmmt_pdfs/HMMT_November_2020_Team_Solutions.md,mathpix_output/hmmt_pdfs/HMMT_November_2020_Team_Solutions.tex.zip,6
HMMT November,2020,Theme,problems,,,HMMT November 2020 Theme,https://hmmt-archive.s3.amazonaws.com/tournaments/2020/nov/thm/problems.pdf,hmmt_pdfs/HMMT_November_2020_Theme_Problems.pdf,mathpix_output/hmmt_pdfs/HMMT_November_2020_Theme_Problems.md,mathpix_output/hmmt_pdfs/HMMT_November_2020_Theme_Problems.tex.zip,1
HMMT November,2020,Theme,solutions,,,HMMT November 2020 Theme,https://hmmt-archive.s3.amazonaws.com/tournaments/2020/nov/thm/solutions.pdf,hmmt_pdfs/HMMT_November_2020_Theme_Solutions.pdf,mathpix_output/hmmt_pdfs/HMMT_November_2020_Theme_Solutions.md,mathpix_output/hmmt_pdfs/HMMT_November_2020_Theme_Solutions.tex.zip,6
HMMT November,2019,General,problems,,,HMMT November 2019 General,https://hmmt-archive.s3.amazonaws.com/tournaments/2019/nov/gen/problems.pdf,hmmt_pdfs/HMMT_November_2019_General_Problems.pdf,mathpix_output/hmmt_pdfs/HMMT_November_2019_General_Problems.md,mathpix_output/hmmt_pdfs/HMMT_November_2019_General_Problems.tex.zip,1
HMMT November,2019,General,solutions,,,HMMT November 2019 General,https://hmmt-archive.s3.amazonaws.com/tournaments/2019/nov/gen/solutions.pdf,hmmt_pdfs/HMMT_November_2019_General_Solutions.pdf,mathpix_output/hmmt_pdfs/HMMT_November_2019_General_Solutions.md,mathpix_output/hmmt_pdfs/HMMT_November_2019_General_Solutions.tex.zip,3
HMMT November,2019,Guts,problems,,,HMMT November 2019 Guts,https://hmmt-archive.s3.amazonaws.com/tournaments/2019/nov/guts/problems.pdf,hmmt_pdfs/HMMT_November_2019_Guts_Problems.pdf,mathpix_output/hmmt_pdfs/HMMT_November_2019_Guts_Problems.md,mathpix_output/hmmt_pdfs/HMMT_November_2019_Guts_Problems.tex.zip,6
HMMT November,2019,Guts,solutions,,,HMMT November 2019 Guts,https://hmmt-archive.s3.amazonaws.com/tournaments/2019/nov/guts/solutions.pdf,hmmt_pdfs/HMMT_November_2019_Guts_Solutions.pdf,mathpix_output/hmmt_pdfs/HMMT_November_2019_Guts_Solutions.md,mathpix_output/hmmt_pdfs/HMMT_November_2019_Guts_Solutions.tex.zip,14
HMMT November,2019,Team,problems,,,HMMT November 2019 Team,https://hmmt-archive.s3.amazonaws.com/tournaments/2019/nov/team/problems.pdf,hmmt_pdfs/HMMT_November_2019_Team_Problems.pdf,mathpix_output/hmmt_pdfs/HMMT_November_2019_Team_Problems.md,mathpix_output/hmmt_pdfs/HMMT_November_2019_Team_Problems.tex.zip,1
HMMT November,2019,Team,solutions,,,HMMT November 2019 Team,https://hmmt-archive.s3.amazonaws.com/tournaments/2019/nov/team/solutions.pdf,hmmt_pdfs/HMMT_November_2019_Team_Solutions.pdf,mathpix_output/hmmt_pdfs/HMMT_November_2019_Team_Solutions.md,mathpix_output/hmmt_pdfs/HMMT_November_2019_Team_Solutions.tex.zip,4
HMMT November,2019,Theme,problems,,,HMMT November 2019 Theme,https://hmmt-archive.s3.amazonaws.com/tournaments/2019/nov/thm/problems.pdf,hmmt_pdfs/HMMT_November_2019_Theme_Problems.pdf,mathpix_output/hmmt_pdfs/HMMT_November_2019_Theme_Problems.md,mathpix_output/hmmt_pdfs/HMMT_November_2019_Theme_Problems.tex.zip,1
HMMT November,2019,Theme,solutions,,,HMMT November 2019 Theme,https://hmmt-archive.s3.amazonaws.com/tournaments/2019/nov/thm/solutions.pdf,hmmt_pdfs/HMMT_November_2019_Theme_Solutions.pdf,mathpix_output/hmmt_pdfs/HMMT_November_2019_Theme_Solutions.md,mathpix_output/hmmt_pdfs/HMMT_November_2019_Theme_Solutions.tex.zip,4
HMMT November,2018,General,problems,,,HMMT November 2018 General,https://hmmt-archive.s3.amazonaws.com/tournaments/2018/nov/gen/problems.pdf,hmmt_pdfs/HMMT_November_2018_General_Problems.pdf,mathpix_output/hmmt_pdfs/HMMT_November_2018_General_Problems.md,mathpix_output/hmmt_pdfs/HMMT_November_2018_General_Problems.tex.zip,1
HMMT November,2018,General,solutions,,,HMMT November 2018 General,https://hmmt-archive.s3.amazonaws.com/tournaments/2018/nov/gen/solutions.pdf,hmmt_pdfs/HMMT_November_2018_General_Solutions.pdf,mathpix_output/hmmt_pdfs/HMMT_November_2018_General_Solutions.md,mathpix_output/hmmt_pdfs/HMMT_November_2018_General_Solutions.tex.zip,4
HMMT November,2018,Guts,problems,,,HMMT November 2018 Guts,https://hmmt-archive.s3.amazonaws.com/tournaments/2018/nov/guts/problems.pdf,hmmt_pdfs/HMMT_November_2018_Guts_Problems.pdf,mathpix_output/hmmt_pdfs/HMMT_November_2018_Guts_Problems.md,mathpix_output/hmmt_pdfs/HMMT_November_2018_Guts_Problems.tex.zip,6
HMMT November,2018,Guts,solutions,,,HMMT November 2018 Guts,https://hmmt-archive.s3.amazonaws.com/tournaments/2018/nov/guts/solutions.pdf,hmmt_pdfs/HMMT_November_2018_Guts_Solutions.pdf,mathpix_output/hmmt_pdfs/HMMT_November_2018_Guts_Solutions.md,mathpix_output/hmmt_pdfs/HMMT_November_2018_Guts_Solutions.tex.zip,18
HMMT November,2018,Team,problems,,,HMMT November 2018 Team,https://hmmt-archive.s3.amazonaws.com/tournaments/2018/nov/team/problems.pdf,hmmt_pdfs/HMMT_November_2018_Team_Problems.pdf,mathpix_output/hmmt_pdfs/HMMT_November_2018_Team_Problems.md,mathpix_output/hmmt_pdfs/HMMT_November_2018_Team_Problems.tex.zip,1
HMMT November,2018,Team,solutions,,,HMMT November 2018 Team,https://hmmt-archive.s3.amazonaws.com/tournaments/2018/nov/team/solutions.pdf,hmmt_pdfs/HMMT_November_2018_Team_Solutions.pdf,mathpix_output/hmmt_pdfs/HMMT_November_2018_Team_Solutions.md,mathpix_output/hmmt_pdfs/HMMT_November_2018_Team_Solutions.tex.zip,4
HMMT November,2018,Theme,problems,,,HMMT November 2018 Theme,https://hmmt-archive.s3.amazonaws.com/tournaments/2018/nov/thm/problems.pdf,hmmt_pdfs/HMMT_November_2018_Theme_Problems.pdf,mathpix_output/hmmt_pdfs/HMMT_November_2018_Theme_Problems.md,mathpix_output/hmmt_pdfs/HMMT_November_2018_Theme_Problems.tex.zip,2
HMMT November,2018,Theme,solutions,,,HMMT November 2018 Theme,https://hmmt-archive.s3.amazonaws.com/tournaments/2018/nov/thm/solutions.pdf,hmmt_pdfs/HMMT_November_2018_Theme_Solutions.pdf,mathpix_output/hmmt_pdfs/HMMT_November_2018_Theme_Solutions.md,mathpix_output/hmmt_pdfs/HMMT_November_2018_Theme_Solutions.tex.zip,4
HMMT November,2017,General,problems,,,HMMT November 2017 General,https://hmmt-archive.s3.amazonaws.com/tournaments/2017/nov/gen/problems.pdf,hmmt_pdfs/HMMT_November_2017_General_Problems.pdf,mathpix_output/hmmt_pdfs/HMMT_November_2017_General_Problems.md,mathpix_output/hmmt_pdfs/HMMT_November_2017_General_Problems.tex.zip,1
HMMT November,2017,General,solutions,,,HMMT November 2017 General,https://hmmt-archive.s3.amazonaws.com/tournaments/2017/nov/gen/solutions.pdf,hmmt_pdfs/HMMT_November_2017_General_Solutions.pdf,mathpix_output/hmmt_pdfs/HMMT_November_2017_General_Solutions.md,mathpix_output/hmmt_pdfs/HMMT_November_2017_General_Solutions.tex.zip,4
HMMT November,2017,Guts,problems,,,HMMT November 2017 Guts,https://hmmt-archive.s3.amazonaws.com/tournaments/2017/nov/guts/problems.pdf,hmmt_pdfs/HMMT_November_2017_Guts_Problems.pdf,mathpix_output/hmmt_pdfs/HMMT_November_2017_Guts_Problems.md,mathpix_output/hmmt_pdfs/HMMT_November_2017_Guts_Problems.tex.zip,6
HMMT November,2017,Guts,solutions,,,HMMT November 2017 Guts,https://hmmt-archive.s3.amazonaws.com/tournaments/2017/nov/guts/solutions.pdf,hmmt_pdfs/HMMT_November_2017_Guts_Solutions.pdf,mathpix_output/hmmt_pdfs/HMMT_November_2017_Guts_Solutions.md,mathpix_output/hmmt_pdfs/HMMT_November_2017_Guts_Solutions.tex.zip,14
HMMT November,2017,Team,problems,,,HMMT November 2017 Team,https://hmmt-archive.s3.amazonaws.com/tournaments/2017/nov/team/problems.pdf,hmmt_pdfs/HMMT_November_2017_Team_Problems.pdf,mathpix_output/hmmt_pdfs/HMMT_November_2017_Team_Problems.md,mathpix_output/hmmt_pdfs/HMMT_November_2017_Team_Problems.tex.zip,1
HMMT November,2017,Team,solutions,,,HMMT November 2017 Team,https://hmmt-archive.s3.amazonaws.com/tournaments/2017/nov/team/solutions.pdf,hmmt_pdfs/HMMT_November_2017_Team_Solutions.pdf,mathpix_output/hmmt_pdfs/HMMT_November_2017_Team_Solutions.md,mathpix_output/hmmt_pdfs/HMMT_November_2017_Team_Solutions.tex.zip,6
HMMT November,2017,Theme,problems,,,HMMT November 2017 Theme,https://hmmt-archive.s3.amazonaws.com/tournaments/2017/nov/thm/problems.pdf,hmmt_pdfs/HMMT_November_2017_Theme_Problems.pdf,mathpix_output/hmmt_pdfs/HMMT_November_2017_Theme_Problems.md,mathpix_output/hmmt_pdfs/HMMT_November_2017_Theme_Problems.tex.zip,1
HMMT November,2017,Theme,solutions,,,HMMT November 2017 Theme,https://hmmt-archive.s3.amazonaws.com/tournaments/2017/nov/thm/solutions.pdf,hmmt_pdfs/HMMT_November_2017_Theme_Solutions.pdf,mathpix_output/hmmt_pdfs/HMMT_November_2017_Theme_Solutions.md,mathpix_output/hmmt_pdfs/HMMT_November_2017_Theme_Solutions.tex.zip,6
HMMT November,2016,General,problems,,,HMMT November 2016 General,https://hmmt-archive.s3.amazonaws.com/tournaments/2016/nov/gen/problems.pdf,hmmt_pdfs/HMMT_November_2016_General_Problems.pdf,mathpix_output/hmmt_pdfs/HMMT_November_2016_General_Problems.md,mathpix_output/hmmt_pdfs/HMMT_November_2016_General_Problems.tex.zip,1
HMMT November,2016,General,solutions,,,HMMT November 2016 General,https://hmmt-archive.s3.amazonaws.com/tournaments/2016/nov/gen/solutions.pdf,hmmt_pdfs/HMMT_November_2016_General_Solutions.pdf,mathpix_output/hmmt_pdfs/HMMT_November_2016_General_Solutions.md,mathpix_output/hmmt_pdfs/HMMT_November_2016_General_Solutions.tex.zip,4
HMMT November,2016,Guts,problems,,,HMMT November 2016 Guts,https://hmmt-archive.s3.amazonaws.com/tournaments/2016/nov/guts/problems.pdf,hmmt_pdfs/HMMT_November_2016_Guts_Problems.pdf,mathpix_output/hmmt_pdfs/HMMT_November_2016_Guts_Problems.md,mathpix_output/hmmt_pdfs/HMMT_November_2016_Guts_Problems.tex.zip,6
HMMT November,2016,Guts,solutions,,,HMMT November 2016 Guts,https://hmmt-archive.s3.amazonaws.com/tournaments/2016/nov/guts/solutions.pdf,hmmt_pdfs/HMMT_November_2016_Guts_Solutions.pdf,mathpix_output/hmmt_pdfs/HMMT_November_2016_Guts_Solutions.md,mathpix_output/hmmt_pdfs/HMMT_November_2016_Guts_Solutions.tex.zip,10
HMMT November,2016,Team,problems,,,HMMT November 2016 Team,https://hmmt-archive.s3.amazonaws.com/tournaments/2016/nov/team/problems.pdf,hmmt_pdfs/HMMT_November_2016_Team_Problems.pdf,mathpix_output/hmmt_pdfs/HMMT_November_2016_Team_Problems.md,mathpix_output/hmmt_pdfs/HMMT_November_2016_Team_Problems.tex.zip,1
HMMT November,2016,Team,solutions,,,HMMT November 2016 Team,https://hmmt-archive.s3.amazonaws.com/tournaments/2016/nov/team/solutions.pdf,hmmt_pdfs/HMMT_November_2016_Team_Solutions.pdf,mathpix_output/hmmt_pdfs/HMMT_November_2016_Team_Solutions.md,mathpix_output/hmmt_pdfs/HMMT_November_2016_Team_Solutions.tex.zip,4
HMMT November,2016,Theme,problems,,,HMMT November 2016 Theme,https://hmmt-archive.s3.amazonaws.com/tournaments/2016/nov/thm/problems.pdf,hmmt_pdfs/HMMT_November_2016_Theme_Problems.pdf,mathpix_output/hmmt_pdfs/HMMT_November_2016_Theme_Problems.md,mathpix_output/hmmt_pdfs/HMMT_November_2016_Theme_Problems.tex.zip,1
HMMT November,2016,Theme,solutions,,,HMMT November 2016 Theme,https://hmmt-archive.s3.amazonaws.com/tournaments/2016/nov/thm/solutions.pdf,hmmt_pdfs/HMMT_November_2016_Theme_Solutions.pdf,mathpix_output/hmmt_pdfs/HMMT_November_2016_Theme_Solutions.md,mathpix_output/hmmt_pdfs/HMMT_November_2016_Theme_Solutions.tex.zip,3
HMMT November,2015,General,problems,,,HMMT November 2015 General,https://hmmt-archive.s3.amazonaws.com/tournaments/2015/nov/gen/problems.pdf,hmmt_pdfs/HMMT_November_2015_General_Problems.pdf,mathpix_output/hmmt_pdfs/HMMT_November_2015_General_Problems.md,mathpix_output/hmmt_pdfs/HMMT_November_2015_General_Problems.tex.zip,1
HMMT November,2015,General,solutions,,,HMMT November 2015 General,https://hmmt-archive.s3.amazonaws.com/tournaments/2015/nov/gen/solutions.pdf,hmmt_pdfs/HMMT_November_2015_General_Solutions.pdf,mathpix_output/hmmt_pdfs/HMMT_November_2015_General_Solutions.md,mathpix_output/hmmt_pdfs/HMMT_November_2015_General_Solutions.tex.zip,3
HMMT November,2015,Guts,problems,,,HMMT November 2015 Guts,https://hmmt-archive.s3.amazonaws.com/tournaments/2015/nov/guts/problems.pdf,hmmt_pdfs/HMMT_November_2015_Guts_Problems.pdf,mathpix_output/hmmt_pdfs/HMMT_November_2015_Guts_Problems.md,mathpix_output/hmmt_pdfs/HMMT_November_2015_Guts_Problems.tex.zip,5
HMMT November,2015,Guts,solutions,,,HMMT November 2015 Guts,https://hmmt-archive.s3.amazonaws.com/tournaments/2015/nov/guts/solutions.pdf,hmmt_pdfs/HMMT_November_2015_Guts_Solutions.pdf,mathpix_output/hmmt_pdfs/HMMT_November_2015_Guts_Solutions.md,mathpix_output/hmmt_pdfs/HMMT_November_2015_Guts_Solutions.tex.zip,11
HMMT November,2015,Team,problems,,,HMMT November 2015 Team,https://hmmt-archive.s3.amazonaws.com/tournaments/2015/nov/team/problems.pdf,hmmt_pdfs/HMMT_November_2015_Team_Problems.pdf,mathpix_output/hmmt_pdfs/HMMT_November_2015_Team_Problems.md,mathpix_output/hmmt_pdfs/HMMT_November_2015_Team_Problems.tex.zip,1
HMMT November,2015,Team,solutions,,,HMMT November 2015 Team,https://hmmt-archive.s3.amazonaws.com/tournaments/2015/nov/team/solutions.pdf,hmmt_pdfs/HMMT_November_2015_Team_Solutions.pdf,mathpix_output/hmmt_pdfs/HMMT_November_2015_Team_Solutions.md,mathpix_output/hmmt_pdfs/HMMT_November_2015_Team_Solutions.tex.zip,4
HMMT November,2015,Theme,problems,,,HMMT November 2015 Theme,https://hmmt-archive.s3.amazonaws.com/tournaments/2015/nov/thm/problems.pdf,hmmt_pdfs/HMMT_November_2015_Theme_Problems.pdf,mathpix_output/hmmt_pdfs/HMMT_November_2015_Theme_Problems.md,mathpix_output/hmmt_pdfs/HMMT_November_2015_Theme_Problems.tex.zip,1
HMMT November,2015,Theme,solutions,,,HMMT November 2015 Theme,https://hmmt-archive.s3.amazonaws.com/tournaments/2015/nov/thm/solutions.pdf,hmmt_pdfs/HMMT_November_2015_Theme_Solutions.pdf,mathpix_output/hmmt_pdfs/HMMT_November_2015_Theme_Solutions.md,mathpix_output/hmmt_pdfs/HMMT_November_2015_Theme_Solutions.tex.zip,5
HMMT November,2014,General,problems,,,HMMT November 2014 General,https://hmmt-archive.s3.amazonaws.com/tournaments/2014/nov/gen/problems.pdf,hmmt_pdfs/HMMT_November_2014_General_Problems.pdf,mathpix_output/hmmt_pdfs/HMMT_November_2014_General_Problems.md,mathpix_output/hmmt_pdfs/HMMT_November_2014_General_Problems.tex.zip,1
HMMT November,2014,General,solutions,,,HMMT November 2014 General,https://hmmt-archive.s3.amazonaws.com/tournaments/2014/nov/gen/solutions.pdf,hmmt_pdfs/HMMT_November_2014_General_Solutions.pdf,mathpix_output/hmmt_pdfs/HMMT_November_2014_General_Solutions.md,mathpix_output/hmmt_pdfs/HMMT_November_2014_General_Solutions.tex.zip,3
HMMT November,2014,Guts,problems,,,HMMT November 2014 Guts,https://hmmt-archive.s3.amazonaws.com/tournaments/2014/nov/guts/problems.pdf,hmmt_pdfs/HMMT_November_2014_Guts_Problems.pdf,mathpix_output/hmmt_pdfs/HMMT_November_2014_Guts_Problems.md,mathpix_output/hmmt_pdfs/HMMT_November_2014_Guts_Problems.tex.zip,6
HMMT November,2014,Guts,solutions,,,HMMT November 2014 Guts,https://hmmt-archive.s3.amazonaws.com/tournaments/2014/nov/guts/solutions.pdf,hmmt_pdfs/HMMT_November_2014_Guts_Solutions.pdf,mathpix_output/hmmt_pdfs/HMMT_November_2014_Guts_Solutions.md,mathpix_output/hmmt_pdfs/HMMT_November_2014_Guts_Solutions.tex.zip,11
HMMT November,2014,Team,problems,,,HMMT November 2014 Team,https://hmmt-archive.s3.amazonaws.com/tournaments/2014/nov/team/problems.pdf,hmmt_pdfs/HMMT_November_2014_Team_Problems.pdf,mathpix_output/hmmt_pdfs/HMMT_November_2014_Team_Problems.md,mathpix_output/hmmt_pdfs/HMMT_November_2014_Team_Problems.tex.zip,2
HMMT November,2014,Team,solutions,,,HMMT November 2014 Team,https://hmmt-archive.s3.amazonaws.com/tournaments/2014/nov/team/solutions.pdf,hmmt_pdfs/HMMT_November_2014_Team_Solutions.pdf,mathpix_output/hmmt_pdfs/HMMT_November_2014_Team_Solutions.md,mathpix_output/hmmt_pdfs/HMMT_November_2014_Team_Solutions.tex.zip,7
HMMT November,2014,Theme,problems,,,HMMT November 2014 Theme,https://hmmt-archive.s3.amazonaws.com/tournaments/2014/nov/thm/problems.pdf,hmmt_pdfs/HMMT_November_2014_Theme_Problems.pdf,mathpix_output/hmmt_pdfs/HMMT_November_2014_Theme_Problems.md,mathpix_output/hmmt_pdfs/HMMT_November_2014_Theme_Problems.tex.zip,2
HMMT November,2014,Theme,solutions,,,HMMT November 2014 Theme,https://hmmt-archive.s3.amazonaws.com/tournaments/2014/nov/thm/solutions.pdf,hmmt_pdfs/HMMT_November_2014_Theme_Solutions.pdf,mathpix_output/hmmt_pdfs/HMMT_November_2014_Theme_Solutions.md,mathpix_output/hmmt_pdfs/HMMT_November_2014_Theme_Solutions.tex.zip,3
HMMT November,2013,General,problems,,,HMMT November 2013 General,https://hmmt-archive.s3.amazonaws.com/tournaments/2013/nov/gen/problems.pdf,hmmt_pdfs/HMMT_November_2013_General_Problems.pdf,mathpix_output/hmmt_pdfs/HMMT_November_2013_General_Problems.md,mathpix_output/hmmt_pdfs/HMMT_November_2013_General_Problems.tex.zip,1
HMMT November,2013,General,solutions,,,HMMT November 2013 General,https://hmmt-archive.s3.amazonaws.com/tournaments/2013/nov/gen/solutions.pdf,hmmt_pdfs/HMMT_November_2013_General_Solutions.pdf,mathpix_output/hmmt_pdfs/HMMT_November_2013_General_Solutions.md,mathpix_output/hmmt_pdfs/HMMT_November_2013_General_Solutions.tex.zip,2
HMMT November,2013,Guts,problems,,,HMMT November 2013 Guts,https://hmmt-archive.s3.amazonaws.com/tournaments/2013/nov/guts/problems.pdf,hmmt_pdfs/HMMT_November_2013_Guts_Problems.pdf,mathpix_output/hmmt_pdfs/HMMT_November_2013_Guts_Problems.md,mathpix_output/hmmt_pdfs/HMMT_November_2013_Guts_Problems.tex.zip,5
HMMT November,2013,Guts,solutions,,,HMMT November 2013 Guts,https://hmmt-archive.s3.amazonaws.com/tournaments/2013/nov/guts/solutions.pdf,hmmt_pdfs/HMMT_November_2013_Guts_Solutions.pdf,mathpix_output/hmmt_pdfs/HMMT_November_2013_Guts_Solutions.md,mathpix_output/hmmt_pdfs/HMMT_November_2013_Guts_Solutions.tex.zip,9
HMMT November,2013,Team,problems,,,HMMT November 2013 Team,https://hmmt-archive.s3.amazonaws.com/tournaments/2013/nov/team/problems.pdf,hmmt_pdfs/HMMT_November_2013_Team_Problems.pdf,mathpix_output/hmmt_pdfs/HMMT_November_2013_Team_Problems.md,mathpix_output/hmmt_pdfs/HMMT_November_2013_Team_Problems.tex.zip,1
HMMT November,2013,Team,solutions,,,HMMT November 2013 Team,https://hmmt-archive.s3.amazonaws.com/tournaments/2013/nov/team/solutions.pdf,hmmt_pdfs/HMMT_November_2013_Team_Solutions.pdf,mathpix_output/hmmt_pdfs/HMMT_November_2013_Team_Solutions.md,mathpix_output/hmmt_pdfs/HMMT_November_2013_Team_Solutions.tex.zip,3
HMMT November,2013,Theme,problems,,,HMMT November 2013 Theme,https://hmmt-archive.s3.amazonaws.com/tournaments/2013/nov/thm/problems.pdf,hmmt_pdfs/HMMT_November_2013_Theme_Problems.pdf,mathpix_output/hmmt_pdfs/HMMT_November_2013_Theme_Problems.md,mathpix_output/hmmt_pdfs/HMMT_November_2013_Theme_Problems.tex.zip,1
HMMT November,2013,Theme,solutions,,,HMMT November 2013 Theme,https://hmmt-archive.s3.amazonaws.com/tournaments/2013/nov/thm/solutions.pdf,hmmt_pdfs/HMMT_November_2013_Theme_Solutions.pdf,mathpix_output/hmmt_pdfs/HMMT_November_2013_Theme_Solutions.md,mathpix_output/hmmt_pdfs/HMMT_November_2013_Theme_Solutions.tex.zip,3
HMMT November,2012,General,problems,,,HMMT November 2012 General,https://hmmt-archive.s3.amazonaws.com/tournaments/2012/nov/gen/problems.pdf,hmmt_pdfs/HMMT_November_2012_General_Problems.pdf,mathpix_output/hmmt_pdfs/HMMT_November_2012_General_Problems.md,mathpix_output/hmmt_pdfs/HMMT_November_2012_General_Problems.tex.zip,4
HMMT November,2012,General,solutions,,,HMMT November 2012 General,https://hmmt-archive.s3.amazonaws.com/tournaments/2012/nov/gen/solutions.pdf,hmmt_pdfs/HMMT_November_2012_General_Solutions.pdf,mathpix_output/hmmt_pdfs/HMMT_November_2012_General_Solutions.md,mathpix_output/hmmt_pdfs/HMMT_November_2012_General_Solutions.tex.zip,2
HMMT November,2012,Guts,problems,,,HMMT November 2012 Guts,https://hmmt-archive.s3.amazonaws.com/tournaments/2012/nov/guts/problems.pdf,hmmt_pdfs/HMMT_November_2012_Guts_Problems.pdf,mathpix_output/hmmt_pdfs/HMMT_November_2012_Guts_Problems.md,mathpix_output/hmmt_pdfs/HMMT_November_2012_Guts_Problems.tex.zip,4
HMMT November,2012,Guts,solutions,,,HMMT November 2012 Guts,https://hmmt-archive.s3.amazonaws.com/tournaments/2012/nov/guts/solutions.pdf,hmmt_pdfs/HMMT_November_2012_Guts_Solutions.pdf,mathpix_output/hmmt_pdfs/HMMT_November_2012_Guts_Solutions.md,mathpix_output/hmmt_pdfs/HMMT_November_2012_Guts_Solutions.tex.zip,8
HMMT November,2012,Team,problems,,,HMMT November 2012 Team,https://hmmt-archive.s3.amazonaws.com/tournaments/2012/nov/team/problems.pdf,hmmt_pdfs/HMMT_November_2012_Team_Problems.pdf,mathpix_output/hmmt_pdfs/HMMT_November_2012_Team_Problems.md,mathpix_output/hmmt_pdfs/HMMT_November_2012_Team_Problems.tex.zip,1
HMMT November,2012,Team,solutions,,,HMMT November 2012 Team,https://hmmt-archive.s3.amazonaws.com/tournaments/2012/nov/team/solutions.pdf,hmmt_pdfs/HMMT_November_2012_Team_Solutions.pdf,mathpix_output/hmmt_pdfs/HMMT_November_2012_Team_Solutions.md,mathpix_output/hmmt_pdfs/HMMT_November_2012_Team_Solutions.tex.zip,3
HMMT November,2012,Theme,problems,,,HMMT November 2012 Theme,https://hmmt-archive.s3.amazonaws.com/tournaments/2012/nov/thm/problems.pdf,hmmt_pdfs/HMMT_November_2012_Theme_Problems.pdf,mathpix_output/hmmt_pdfs/HMMT_November_2012_Theme_Problems.md,mathpix_output/hmmt_pdfs/HMMT_November_2012_Theme_Problems.tex.zip,6
HMMT November,2012,Theme,solutions,,,HMMT November 2012 Theme,https://hmmt-archive.s3.amazonaws.com/tournaments/2012/nov/thm/solutions.pdf,hmmt_pdfs/HMMT_November_2012_Theme_Solutions.pdf,mathpix_output/hmmt_pdfs/HMMT_November_2012_Theme_Solutions.md,mathpix_output/hmmt_pdfs/HMMT_November_2012_Theme_Solutions.tex.zip,4
HMMT November,2011,General,problems,,,HMMT November 2011 General,https://hmmt-archive.s3.amazonaws.com/tournaments/2011/nov/gen/problems.pdf,hmmt_pdfs/HMMT_November_2011_General_Problems.pdf,mathpix_output/hmmt_pdfs/HMMT_November_2011_General_Problems.md,mathpix_output/hmmt_pdfs/HMMT_November_2011_General_Problems.tex.zip,1
HMMT November,2011,General,solutions,,,HMMT November 2011 General,https://hmmt-archive.s3.amazonaws.com/tournaments/2011/nov/gen/solutions.pdf,hmmt_pdfs/HMMT_November_2011_General_Solutions.pdf,mathpix_output/hmmt_pdfs/HMMT_November_2011_General_Solutions.md,mathpix_output/hmmt_pdfs/HMMT_November_2011_General_Solutions.tex.zip,5
HMMT November,2011,Guts,problems,,,HMMT November 2011 Guts,https://hmmt-archive.s3.amazonaws.com/tournaments/2011/nov/guts/problems.pdf,hmmt_pdfs/HMMT_November_2011_Guts_Problems.pdf,mathpix_output/hmmt_pdfs/HMMT_November_2011_Guts_Problems.md,mathpix_output/hmmt_pdfs/HMMT_November_2011_Guts_Problems.tex.zip,9
HMMT November,2011,Guts,solutions,,,HMMT November 2011 Guts,https://hmmt-archive.s3.amazonaws.com/tournaments/2011/nov/guts/solutions.pdf,hmmt_pdfs/HMMT_November_2011_Guts_Solutions.pdf,mathpix_output/hmmt_pdfs/HMMT_November_2011_Guts_Solutions.md,mathpix_output/hmmt_pdfs/HMMT_November_2011_Guts_Solutions.tex.zip,14
HMMT November,2011,Team,problems,,,HMMT November 2011 Team,https://hmmt-archive.s3.amazonaws.com/tournaments/2011/nov/team/problems.pdf,hmmt_pdfs/HMMT_November_2011_Team_Problems.pdf,mathpix_output/hmmt_pdfs/HMMT_November_2011_Team_Problems.md,mathpix_output/hmmt_pdfs/HMMT_November_2011_Team_Problems.tex.zip,2
HMMT November,2011,Team,solutions,,,HMMT November 2011 Team,https://hmmt-archive.s3.amazonaws.com/tournaments/2011/nov/team/solutions.pdf,hmmt_pdfs/HMMT_November_2011_Team_Solutions.pdf,mathpix_output/hmmt_pdfs/HMMT_November_2011_Team_Solutions.md,mathpix_output/hmmt_pdfs/HMMT_November_2011_Team_Solutions.tex.zip,5
HMMT November,2011,Theme,problems,,,HMMT November 2011 Theme,https://hmmt-archive.s3.amazonaws.com/tournaments/2011/nov/thm/problems.pdf,hmmt_pdfs/HMMT_November_2011_Theme_Problems.pdf,mathpix_output/hmmt_pdfs/HMMT_November_2011_Theme_Problems.md,mathpix_output/hmmt_pdfs/HMMT_November_2011_Theme_Problems.tex.zip,2
HMMT November,2011,Theme,solutions,,,HMMT November 2011 Theme,https://hmmt-archive.s3.amazonaws.com/tournaments/2011/nov/thm/solutions.pdf,hmmt_pdfs/HMMT_November_2011_Theme_Solutions.pdf,mathpix_output/hmmt_pdfs/HMMT_November_2011_Theme_Solutions.md,mathpix_output/hmmt_pdfs/HMMT_November_2011_Theme_Solutions.tex.zip,5
HMMT November,2010,Guts,problems,,,HMMT November 2010 Guts,https://hmmt-archive.s3.amazonaws.com/tournaments/2010/nov/guts/problems.pdf,hmmt_pdfs/HMMT_November_2010_Guts_Problems.pdf,mathpix_output/hmmt_pdfs/HMMT_November_2010_Guts_Problems.md,mathpix_output/hmmt_pdfs/HMMT_November_2010_Guts_Problems.tex.zip,3
HMMT November,2010,Guts,solutions,,,HMMT November 2010 Guts,https://hmmt-archive.s3.amazonaws.com/tournaments/2010/nov/guts/solutions.pdf,hmmt_pdfs/HMMT_November_2010_Guts_Solutions.pdf,mathpix_output/hmmt_pdfs/HMMT_November_2010_Guts_Solutions.md,mathpix_output/hmmt_pdfs/HMMT_November_2010_Guts_Solutions.tex.zip,12
HMMT November,2010,Team,problems,,,HMMT November 2010 Team,https://hmmt-archive.s3.amazonaws.com/tournaments/2010/nov/team/problems.pdf,hmmt_pdfs/HMMT_November_2010_Team_Problems.pdf,mathpix_output/hmmt_pdfs/HMMT_November_2010_Team_Problems.md,mathpix_output/hmmt_pdfs/HMMT_November_2010_Team_Problems.tex.zip,1
HMMT November,2010,Team,solutions,,,HMMT November 2010 Team,https://hmmt-archive.s3.amazonaws.com/tournaments/2010/nov/team/solutions.pdf,hmmt_pdfs/HMMT_November_2010_Team_Solutions.pdf,mathpix_output/hmmt_pdfs/HMMT_November_2010_Team_Solutions.md,mathpix_output/hmmt_pdfs/HMMT_November_2010_Team_Solutions.tex.zip,4
HMMT November,2009,Guts,problems,,,HMMT November 2009 Guts,https://hmmt-archive.s3.amazonaws.com/tournaments/2009/nov/guts/problems.pdf,hmmt_pdfs/HMMT_November_2009_Guts_Problems.pdf,mathpix_output/hmmt_pdfs/HMMT_November_2009_Guts_Problems.md,mathpix_output/hmmt_pdfs/HMMT_November_2009_Guts_Problems.tex.zip,4
HMMT November,2009,Guts,solutions,,,HMMT November 2009 Guts,https://hmmt-archive.s3.amazonaws.com/tournaments/2009/nov/guts/solutions.pdf,hmmt_pdfs/HMMT_November_2009_Guts_Solutions.pdf,mathpix_output/hmmt_pdfs/HMMT_November_2009_Guts_Solutions.md,mathpix_output/hmmt_pdfs/HMMT_November_2009_Guts_Solutions.tex.zip,9
HMMT November,2009,Team,problems,,,HMMT November 2009 Team,https://hmmt-archive.s3.amazonaws.com/tournaments/2009/nov/team/problems.pdf,hmmt_pdfs/HMMT_November_2009_Team_Problems.pdf,mathpix_output/hmmt_pdfs/HMMT_November_2009_Team_Problems.md,mathpix_output/hmmt_pdfs/HMMT_November_2009_Team_Problems.tex.zip,2
HMMT November,2009,Team,solutions,,,HMMT November 2009 Team,https://hmmt-archive.s3.amazonaws.com/tournaments/2009/nov/team/solutions.pdf,hmmt_pdfs/HMMT_November_2009_Team_Solutions.pdf,mathpix_output/hmmt_pdfs/HMMT_November_2009_Team_Solutions.md,mathpix_output/hmmt_pdfs/HMMT_November_2009_Team_Solutions.tex.zip,4
HMMT November,2008,Guts,problems,,,HMMT November 2008 Guts,https://hmmt-archive.s3.amazonaws.com/tournaments/2008/nov/guts/problems.pdf,hmmt_pdfs/HMMT_November_2008_Guts_Problems.pdf,mathpix_output/hmmt_pdfs/HMMT_November_2008_Guts_Problems.md,mathpix_output/hmmt_pdfs/HMMT_November_2008_Guts_Problems.tex.zip,4
HMMT November,2008,Guts,solutions,,,HMMT November 2008 Guts,https://hmmt-archive.s3.amazonaws.com/tournaments/2008/nov/guts/solutions.pdf,hmmt_pdfs/HMMT_November_2008_Guts_Solutions.pdf,mathpix_output/hmmt_pdfs/HMMT_November_2008_Guts_Solutions.md,mathpix_output/hmmt_pdfs/HMMT_November_2008_Guts_Solutions.tex.zip,7
HMMT November,2008,Team,problems,,,HMMT November 2008 Team,https://hmmt-archive.s3.amazonaws.com/tournaments/2008/nov/team/problems.pdf,hmmt_pdfs/HMMT_November_2008_Team_Problems.pdf,mathpix_output/hmmt_pdfs/HMMT_November_2008_Team_Problems.md,mathpix_output/hmmt_pdfs/HMMT_November_2008_Team_Problems.tex.zip,2
HMMT November,2008,Team,solutions,,,HMMT November 2008 Team,https://hmmt-archive.s3.amazonaws.com/tournaments/2008/nov/team/solutions.pdf,hmmt_pdfs/HMMT_November_2008_Team_Solutions.pdf,mathpix_output/hmmt_pdfs/HMMT_November_2008_Team_Solutions.md,mathpix_output/hmmt_pdfs/HMMT_November_2008_Team_Solutions.tex.zip,4
PUMaC,2024,Algebra,Problems,B,,,https://jason-shi-f9dm.squarespace.com/s/PUMaC_2024_Algebra_B.pdf,pumac_pdfs/PUMaC_2024_Algebra_B_Problems.pdf,mathpix_output/pumac_pdfs/PUMaC_2024_Algebra_B_Problems.md,mathpix_output/pumac_pdfs/PUMaC_2024_Algebra_B_Problems.tex.zip,2
PUMaC,2024,Algebra,Problems,A,,,https://jason-shi-f9dm.squarespace.com/s/PUMaC_2024_Algebra_A.pdf,pumac_pdfs/PUMaC_2024_Algebra_A_Problems.pdf,mathpix_output/pumac_pdfs/PUMaC_2024_Algebra_A_Problems.md,mathpix_output/pumac_pdfs/PUMaC_2024_Algebra_A_Problems.tex.zip,2
PUMaC,2024,Combinatorics,Problems,A,,,https://jason-shi-f9dm.squarespace.com/s/PUMaC_2024_Combinatorics_A.pdf,pumac_pdfs/PUMaC_2024_Combinatorics_A_Problems.pdf,mathpix_output/pumac_pdfs/PUMaC_2024_Combinatorics_A_Problems.md,mathpix_output/pumac_pdfs/PUMaC_2024_Combinatorics_A_Problems.tex.zip,2
PUMaC,2024,Combinatorics,Problems,B,,,https://jason-shi-f9dm.squarespace.com/s/PUMaC_2024_Combinatorics_B.pdf,pumac_pdfs/PUMaC_2024_Combinatorics_B_Problems.pdf,mathpix_output/pumac_pdfs/PUMaC_2024_Combinatorics_B_Problems.md,mathpix_output/pumac_pdfs/PUMaC_2024_Combinatorics_B_Problems.tex.zip,2
PUMaC,2024,Finals,Problems,A,,,https://jason-shi-f9dm.squarespace.com/s/PUMaC_2024_Indiv_Finals_A.pdf,pumac_pdfs/PUMaC_2024_Finals_A_Problems.pdf,mathpix_output/pumac_pdfs/PUMaC_2024_Finals_A_Problems.md,mathpix_output/pumac_pdfs/PUMaC_2024_Finals_A_Problems.tex.zip,1
PUMaC,2024,Finals,Problems,B,,,https://jason-shi-f9dm.squarespace.com/s/PUMaC_2024_Indiv_Finals_B.pdf,pumac_pdfs/PUMaC_2024_Finals_B_Problems.pdf,mathpix_output/pumac_pdfs/PUMaC_2024_Finals_B_Problems.md,mathpix_output/pumac_pdfs/PUMaC_2024_Finals_B_Problems.tex.zip,1
PUMaC,2024,Geometry,Problems,A,,,https://jason-shi-f9dm.squarespace.com/s/PUMaC_2024_Geometry_A.pdf,pumac_pdfs/PUMaC_2024_Geometry_A_Problems.pdf,mathpix_output/pumac_pdfs/PUMaC_2024_Geometry_A_Problems.md,mathpix_output/pumac_pdfs/PUMaC_2024_Geometry_A_Problems.tex.zip,2
PUMaC,2024,Geometry,Problems,B,,,https://jason-shi-f9dm.squarespace.com/s/PUMaC_2024_Geometry_B.pdf,pumac_pdfs/PUMaC_2024_Geometry_B_Problems.pdf,mathpix_output/pumac_pdfs/PUMaC_2024_Geometry_B_Problems.md,mathpix_output/pumac_pdfs/PUMaC_2024_Geometry_B_Problems.tex.zip,2
PUMaC,2024,NumberTheory,Problems,A,,,https://jason-shi-f9dm.squarespace.com/s/PUMaC_2024_NT_A.pdf,pumac_pdfs/PUMaC_2024_NumberTheory_A_Problems.pdf,mathpix_output/pumac_pdfs/PUMaC_2024_NumberTheory_A_Problems.md,mathpix_output/pumac_pdfs/PUMaC_2024_NumberTheory_A_Problems.tex.zip,1
PUMaC,2024,NumberTheory,Problems,B,,,https://jason-shi-f9dm.squarespace.com/s/PUMaC_2024_NT_B.pdf,pumac_pdfs/PUMaC_2024_NumberTheory_B_Problems.pdf,mathpix_output/pumac_pdfs/PUMaC_2024_NumberTheory_B_Problems.md,mathpix_output/pumac_pdfs/PUMaC_2024_NumberTheory_B_Problems.tex.zip,1
PUMaC,2024,Power,Problems,,,,https://jason-shi-f9dm.squarespace.com/s/Power2024_Updated_1117.pdf,pumac_pdfs/PUMaC_2024_Power_Problems.pdf,mathpix_output/pumac_pdfs/PUMaC_2024_Power_Problems.md,mathpix_output/pumac_pdfs/PUMaC_2024_Power_Problems.tex.zip,25
PUMaC,2024,Team,Problems,,,,https://jason-shi-f9dm.squarespace.com/s/PUMaC_2024_Team_Round.pdf,pumac_pdfs/PUMaC_2024_Team_Problems.pdf,mathpix_output/pumac_pdfs/PUMaC_2024_Team_Problems.md,mathpix_output/pumac_pdfs/PUMaC_2024_Team_Problems.tex.zip,2
PUMaC,2023,Algebra,Problems,B,,,https://jason-shi-f9dm.squarespace.com/s/Algebra_B_2023.pdf,pumac_pdfs/PUMaC_2023_Algebra_B_Problems.pdf,mathpix_output/pumac_pdfs/PUMaC_2023_Algebra_B_Problems.md,mathpix_output/pumac_pdfs/PUMaC_2023_Algebra_B_Problems.tex.zip,1
PUMaC,2023,Algebra,Problems,A,,,https://jason-shi-f9dm.squarespace.com/s/Algebra_A_2023.pdf,pumac_pdfs/PUMaC_2023_Algebra_A_Problems.pdf,mathpix_output/pumac_pdfs/PUMaC_2023_Algebra_A_Problems.md,mathpix_output/pumac_pdfs/PUMaC_2023_Algebra_A_Problems.tex.zip,1
PUMaC,2023,Algebra,Solutions,B,,,https://jason-shi-f9dm.squarespace.com/s/Algebra_B_2023-2.pdf,pumac_pdfs/PUMaC_2023_Algebra_B_Solutions.pdf,mathpix_output/pumac_pdfs/PUMaC_2023_Algebra_B_Solutions.md,mathpix_output/pumac_pdfs/PUMaC_2023_Algebra_B_Solutions.tex.zip,4
PUMaC,2023,Algebra,Solutions,A,,,https://jason-shi-f9dm.squarespace.com/s/Algebra_A_2023-2.pdf,pumac_pdfs/PUMaC_2023_Algebra_A_Solutions.pdf,mathpix_output/pumac_pdfs/PUMaC_2023_Algebra_A_Solutions.md,mathpix_output/pumac_pdfs/PUMaC_2023_Algebra_A_Solutions.tex.zip,5
PUMaC,2023,Combinatorics,Problems,A,,,https://jason-shi-f9dm.squarespace.com/s/Combinatorics_A_2023.pdf,pumac_pdfs/PUMaC_2023_Combinatorics_A_Problems.pdf,mathpix_output/pumac_pdfs/PUMaC_2023_Combinatorics_A_Problems.md,mathpix_output/pumac_pdfs/PUMaC_2023_Combinatorics_A_Problems.tex.zip,2
PUMaC,2023,Combinatorics,Solutions,B,,,https://jason-shi-f9dm.squarespace.com/s/Combinatorics_B_2023-2.pdf,pumac_pdfs/PUMaC_2023_Combinatorics_B_Solutions.pdf,mathpix_output/pumac_pdfs/PUMaC_2023_Combinatorics_B_Solutions.md,mathpix_output/pumac_pdfs/PUMaC_2023_Combinatorics_B_Solutions.tex.zip,4
PUMaC,2023,Combinatorics,Solutions,A,,,https://jason-shi-f9dm.squarespace.com/s/Combinatorics_A_2023-2.pdf,pumac_pdfs/PUMaC_2023_Combinatorics_A_Solutions.pdf,mathpix_output/pumac_pdfs/PUMaC_2023_Combinatorics_A_Solutions.md,mathpix_output/pumac_pdfs/PUMaC_2023_Combinatorics_A_Solutions.tex.zip,5
PUMaC,2023,Finals,Problems,B,,,https://jason-shi-f9dm.squarespace.com/s/Indiv_Finals_B_2023.pdf,pumac_pdfs/PUMaC_2023_Finals_B_Problems.pdf,mathpix_output/pumac_pdfs/PUMaC_2023_Finals_B_Problems.md,mathpix_output/pumac_pdfs/PUMaC_2023_Finals_B_Problems.tex.zip,1
PUMaC,2023,Finals,Problems,A,,,https://jason-shi-f9dm.squarespace.com/s/Indiv_Finals_A_2023.pdf,pumac_pdfs/PUMaC_2023_Finals_A_Problems.pdf,mathpix_output/pumac_pdfs/PUMaC_2023_Finals_A_Problems.md,mathpix_output/pumac_pdfs/PUMaC_2023_Finals_A_Problems.tex.zip,2
PUMaC,2023,Finals,Solutions,B,,,https://jason-shi-f9dm.squarespace.com/s/Indiv_Finals_B_2023-2.pdf,pumac_pdfs/PUMaC_2023_Finals_B_Solutions.pdf,mathpix_output/pumac_pdfs/PUMaC_2023_Finals_B_Solutions.md,mathpix_output/pumac_pdfs/PUMaC_2023_Finals_B_Solutions.tex.zip,3
PUMaC,2023,Finals,Solutions,A,,,https://jason-shi-f9dm.squarespace.com/s/Indiv_Finals_A_2023-2.pdf,pumac_pdfs/PUMaC_2023_Finals_A_Solutions.pdf,mathpix_output/pumac_pdfs/PUMaC_2023_Finals_A_Solutions.md,mathpix_output/pumac_pdfs/PUMaC_2023_Finals_A_Solutions.tex.zip,9
PUMaC,2023,Geometry,Problems,A,,,https://jason-shi-f9dm.squarespace.com/s/Geometry_A_2023.pdf,pumac_pdfs/PUMaC_2023_Geometry_A_Problems.pdf,mathpix_output/pumac_pdfs/PUMaC_2023_Geometry_A_Problems.md,mathpix_output/pumac_pdfs/PUMaC_2023_Geometry_A_Problems.tex.zip,2
PUMaC,2023,Geometry,Problems,B,,,https://jason-shi-f9dm.squarespace.com/s/Geometry_B_2023.pdf,pumac_pdfs/PUMaC_2023_Geometry_B_Problems.pdf,mathpix_output/pumac_pdfs/PUMaC_2023_Geometry_B_Problems.md,mathpix_output/pumac_pdfs/PUMaC_2023_Geometry_B_Problems.tex.zip,2
PUMaC,2023,Geometry,Solutions,B,,,https://jason-shi-f9dm.squarespace.com/s/Geometry_B_2023-2.pdf,pumac_pdfs/PUMaC_2023_Geometry_B_Solutions.pdf,mathpix_output/pumac_pdfs/PUMaC_2023_Geometry_B_Solutions.md,mathpix_output/pumac_pdfs/PUMaC_2023_Geometry_B_Solutions.tex.zip,3
PUMaC,2023,Geometry,Solutions,A,,,https://jason-shi-f9dm.squarespace.com/s/Geometry_A_2023-2.pdf,pumac_pdfs/PUMaC_2023_Geometry_A_Solutions.pdf,mathpix_output/pumac_pdfs/PUMaC_2023_Geometry_A_Solutions.md,mathpix_output/pumac_pdfs/PUMaC_2023_Geometry_A_Solutions.tex.zip,5
PUMaC,2023,NumberTheory,Problems,B,,,https://jason-shi-f9dm.squarespace.com/s/Number_Theory_B_2023.pdf,pumac_pdfs/PUMaC_2023_NumberTheory_B_Problems.pdf,mathpix_output/pumac_pdfs/PUMaC_2023_NumberTheory_B_Problems.md,mathpix_output/pumac_pdfs/PUMaC_2023_NumberTheory_B_Problems.tex.zip,1
PUMaC,2023,NumberTheory,Problems,A,,,https://jason-shi-f9dm.squarespace.com/s/Number_Theory_A_2023.pdf,pumac_pdfs/PUMaC_2023_NumberTheory_A_Problems.pdf,mathpix_output/pumac_pdfs/PUMaC_2023_NumberTheory_A_Problems.md,mathpix_output/pumac_pdfs/PUMaC_2023_NumberTheory_A_Problems.tex.zip,1
PUMaC,2023,NumberTheory,Solutions,B,,,https://jason-shi-f9dm.squarespace.com/s/Number_Theory_B_2023-2.pdf,pumac_pdfs/PUMaC_2023_NumberTheory_B_Solutions.pdf,mathpix_output/pumac_pdfs/PUMaC_2023_NumberTheory_B_Solutions.md,mathpix_output/pumac_pdfs/PUMaC_2023_NumberTheory_B_Solutions.tex.zip,4
PUMaC,2023,NumberTheory,Solutions,A,,,https://jason-shi-f9dm.squarespace.com/s/Number_Theory_A_2023-2.pdf,pumac_pdfs/PUMaC_2023_NumberTheory_A_Solutions.pdf,mathpix_output/pumac_pdfs/PUMaC_2023_NumberTheory_A_Solutions.md,mathpix_output/pumac_pdfs/PUMaC_2023_NumberTheory_A_Solutions.tex.zip,6
PUMaC,2023,Power,Problems,,,,https://jason-shi-f9dm.squarespace.com/s/PUMACPowerRound-6.pdf,pumac_pdfs/PUMaC_2023_Power_Problems.pdf,mathpix_output/pumac_pdfs/PUMaC_2023_Power_Problems.md,mathpix_output/pumac_pdfs/PUMaC_2023_Power_Problems.tex.zip,32
PUMaC,2023,Team,Problems,,,,https://jason-shi-f9dm.squarespace.com/s/Team_Round_2023.pdf,pumac_pdfs/PUMaC_2023_Team_Problems.pdf,mathpix_output/pumac_pdfs/PUMaC_2023_Team_Problems.md,mathpix_output/pumac_pdfs/PUMaC_2023_Team_Problems.tex.zip,2
PUMaC,2023,Team,Solutions,,,,https://jason-shi-f9dm.squarespace.com/s/Team_Round_2023-2.pdf,pumac_pdfs/PUMaC_2023_Team_Solutions.pdf,mathpix_output/pumac_pdfs/PUMaC_2023_Team_Solutions.md,mathpix_output/pumac_pdfs/PUMaC_2023_Team_Solutions.tex.zip,8
PUMaC,2022,Algebra,Problems,B,,,https://jason-shi-f9dm.squarespace.com/s/Algebra_B_2022_.pdf,pumac_pdfs/PUMaC_2022_Algebra_B_Problems.pdf,mathpix_output/pumac_pdfs/PUMaC_2022_Algebra_B_Problems.md,mathpix_output/pumac_pdfs/PUMaC_2022_Algebra_B_Problems.tex.zip,1
PUMaC,2022,Algebra,Problems,A,,,https://jason-shi-f9dm.squarespace.com/s/Algebra_A_2022_.pdf,pumac_pdfs/PUMaC_2022_Algebra_A_Problems.pdf,mathpix_output/pumac_pdfs/PUMaC_2022_Algebra_A_Problems.md,mathpix_output/pumac_pdfs/PUMaC_2022_Algebra_A_Problems.tex.zip,2
PUMaC,2022,Algebra,Solutions,A,,,https://jason-shi-f9dm.squarespace.com/s/Algebra_A_2022_Sol.pdf,pumac_pdfs/PUMaC_2022_Algebra_A_Solutions.pdf,mathpix_output/pumac_pdfs/PUMaC_2022_Algebra_A_Solutions.md,mathpix_output/pumac_pdfs/PUMaC_2022_Algebra_A_Solutions.tex.zip,4
PUMaC,2022,Algebra,Solutions,B,,,https://jason-shi-f9dm.squarespace.com/s/Algebra_B_2022_Sol.pdf,pumac_pdfs/PUMaC_2022_Algebra_B_Solutions.pdf,mathpix_output/pumac_pdfs/PUMaC_2022_Algebra_B_Solutions.md,mathpix_output/pumac_pdfs/PUMaC_2022_Algebra_B_Solutions.tex.zip,3
PUMaC,2022,Combinatorics,Problems,A,,,https://jason-shi-f9dm.squarespace.com/s/Combinatorics_A_2022_.pdf,pumac_pdfs/PUMaC_2022_Combinatorics_A_Problems.pdf,mathpix_output/pumac_pdfs/PUMaC_2022_Combinatorics_A_Problems.md,mathpix_output/pumac_pdfs/PUMaC_2022_Combinatorics_A_Problems.tex.zip,2
PUMaC,2022,Combinatorics,Problems,B,,,https://jason-shi-f9dm.squarespace.com/s/Combinatorics_B_2022_.pdf,pumac_pdfs/PUMaC_2022_Combinatorics_B_Problems.pdf,mathpix_output/pumac_pdfs/PUMaC_2022_Combinatorics_B_Problems.md,mathpix_output/pumac_pdfs/PUMaC_2022_Combinatorics_B_Problems.tex.zip,2
PUMaC,2022,Combinatorics,Solutions,B,,,https://jason-shi-f9dm.squarespace.com/s/Combinatorics_B_2022_Sol.pdf,pumac_pdfs/PUMaC_2022_Combinatorics_B_Solutions.pdf,mathpix_output/pumac_pdfs/PUMaC_2022_Combinatorics_B_Solutions.md,mathpix_output/pumac_pdfs/PUMaC_2022_Combinatorics_B_Solutions.tex.zip,5
PUMaC,2022,Combinatorics,Solutions,A,,,https://jason-shi-f9dm.squarespace.com/s/Combinatorics_A_2022_Sol.pdf,pumac_pdfs/PUMaC_2022_Combinatorics_A_Solutions.pdf,mathpix_output/pumac_pdfs/PUMaC_2022_Combinatorics_A_Solutions.md,mathpix_output/pumac_pdfs/PUMaC_2022_Combinatorics_A_Solutions.tex.zip,6
PUMaC,2022,Finals,Problems,A,,,https://jason-shi-f9dm.squarespace.com/s/Indiv_Finals_A_2022_.pdf,pumac_pdfs/PUMaC_2022_Finals_A_Problems.pdf,mathpix_output/pumac_pdfs/PUMaC_2022_Finals_A_Problems.md,mathpix_output/pumac_pdfs/PUMaC_2022_Finals_A_Problems.tex.zip,1
PUMaC,2022,Finals,Problems,B,,,https://jason-shi-f9dm.squarespace.com/s/Indiv_Finals_B_2022_.pdf,pumac_pdfs/PUMaC_2022_Finals_B_Problems.pdf,mathpix_output/pumac_pdfs/PUMaC_2022_Finals_B_Problems.md,mathpix_output/pumac_pdfs/PUMaC_2022_Finals_B_Problems.tex.zip,1
PUMaC,2022,Geometry,Problems,B,,,https://jason-shi-f9dm.squarespace.com/s/Geometry_B_2022_.pdf,pumac_pdfs/PUMaC_2022_Geometry_B_Problems.pdf,mathpix_output/pumac_pdfs/PUMaC_2022_Geometry_B_Problems.md,mathpix_output/pumac_pdfs/PUMaC_2022_Geometry_B_Problems.tex.zip,2
PUMaC,2022,Geometry,Problems,A,,,https://jason-shi-f9dm.squarespace.com/s/Geometry_A_2022_.pdf,pumac_pdfs/PUMaC_2022_Geometry_A_Problems.pdf,mathpix_output/pumac_pdfs/PUMaC_2022_Geometry_A_Problems.md,mathpix_output/pumac_pdfs/PUMaC_2022_Geometry_A_Problems.tex.zip,2
PUMaC,2022,Geometry,Solutions,A,,,https://jason-shi-f9dm.squarespace.com/s/Geometry_A_2022_Sol.pdf,pumac_pdfs/PUMaC_2022_Geometry_A_Solutions.pdf,mathpix_output/pumac_pdfs/PUMaC_2022_Geometry_A_Solutions.md,mathpix_output/pumac_pdfs/PUMaC_2022_Geometry_A_Solutions.tex.zip,4
PUMaC,2022,Geometry,Solutions,B,,,https://jason-shi-f9dm.squarespace.com/s/Geometry_B_2022_Sol.pdf,pumac_pdfs/PUMaC_2022_Geometry_B_Solutions.pdf,mathpix_output/pumac_pdfs/PUMaC_2022_Geometry_B_Solutions.md,mathpix_output/pumac_pdfs/PUMaC_2022_Geometry_B_Solutions.tex.zip,4
PUMaC,2022,NumberTheory,Problems,B,,,https://jason-shi-f9dm.squarespace.com/s/Number_Theory_B_2022_.pdf,pumac_pdfs/PUMaC_2022_NumberTheory_B_Problems.pdf,mathpix_output/pumac_pdfs/PUMaC_2022_NumberTheory_B_Problems.md,mathpix_output/pumac_pdfs/PUMaC_2022_NumberTheory_B_Problems.tex.zip,1
PUMaC,2022,NumberTheory,Problems,A,,,https://jason-shi-f9dm.squarespace.com/s/Number_Theory_A_2022_.pdf,pumac_pdfs/PUMaC_2022_NumberTheory_A_Problems.pdf,mathpix_output/pumac_pdfs/PUMaC_2022_NumberTheory_A_Problems.md,mathpix_output/pumac_pdfs/PUMaC_2022_NumberTheory_A_Problems.tex.zip,1
PUMaC,2022,NumberTheory,Solutions,A,,,https://jason-shi-f9dm.squarespace.com/s/Number_Theory_A_2022_Sol.pdf,pumac_pdfs/PUMaC_2022_NumberTheory_A_Solutions.pdf,mathpix_output/pumac_pdfs/PUMaC_2022_NumberTheory_A_Solutions.md,mathpix_output/pumac_pdfs/PUMaC_2022_NumberTheory_A_Solutions.tex.zip,4
PUMaC,2022,NumberTheory,Solutions,B,,,https://jason-shi-f9dm.squarespace.com/s/Number_Theory_B_2022_Sol.pdf,pumac_pdfs/PUMaC_2022_NumberTheory_B_Solutions.pdf,mathpix_output/pumac_pdfs/PUMaC_2022_NumberTheory_B_Solutions.md,mathpix_output/pumac_pdfs/PUMaC_2022_NumberTheory_B_Solutions.tex.zip,3
PUMaC,2022,Power,Problems,,,,https://jason-shi-f9dm.squarespace.com/s/PUMaC2023PowerRoundMarch28Update.pdf,pumac_pdfs/PUMaC_2022_Power_Problems.pdf,mathpix_output/pumac_pdfs/PUMaC_2022_Power_Problems.md,mathpix_output/pumac_pdfs/PUMaC_2022_Power_Problems.tex.zip,38
PUMaC,2022,Power,Solutions,,,,https://jason-shi-f9dm.squarespace.com/s/PUMaC_2023_Power_Round_Sol.pdf,pumac_pdfs/PUMaC_2022_Power_Solutions.pdf,mathpix_output/pumac_pdfs/PUMaC_2022_Power_Solutions.md,mathpix_output/pumac_pdfs/PUMaC_2022_Power_Solutions.tex.zip,41
PUMaC,2022,Team,Problems,,,,https://jason-shi-f9dm.squarespace.com/s/Team_Round_2022_.pdf,pumac_pdfs/PUMaC_2022_Team_Problems.pdf,mathpix_output/pumac_pdfs/PUMaC_2022_Team_Problems.md,mathpix_output/pumac_pdfs/PUMaC_2022_Team_Problems.tex.zip,2
PUMaC,2022,Team,Solutions,,,,https://jason-shi-f9dm.squarespace.com/s/Team_Round_2022_Sol.pdf,pumac_pdfs/PUMaC_2022_Team_Solutions.pdf,mathpix_output/pumac_pdfs/PUMaC_2022_Team_Solutions.md,mathpix_output/pumac_pdfs/PUMaC_2022_Team_Solutions.tex.zip,8
PUMaC,2021,Algebra,Problems,B,,,https://jason-shi-f9dm.squarespace.com/s/PUMaC_2021_Algebra_B.pdf,pumac_pdfs/PUMaC_2021_Algebra_B_Problems.pdf,mathpix_output/pumac_pdfs/PUMaC_2021_Algebra_B_Problems.md,mathpix_output/pumac_pdfs/PUMaC_2021_Algebra_B_Problems.tex.zip,1
PUMaC,2021,Algebra,Problems,A,,,https://jason-shi-f9dm.squarespace.com/s/PUMaC_2021_Algebra_A.pdf,pumac_pdfs/PUMaC_2021_Algebra_A_Problems.pdf,mathpix_output/pumac_pdfs/PUMaC_2021_Algebra_A_Problems.md,mathpix_output/pumac_pdfs/PUMaC_2021_Algebra_A_Problems.tex.zip,1
PUMaC,2021,Algebra,Solutions,B,,,https://jason-shi-f9dm.squarespace.com/s/PUMaC_2021_AlgB_Solutions.pdf,pumac_pdfs/PUMaC_2021_Algebra_B_Solutions.pdf,mathpix_output/pumac_pdfs/PUMaC_2021_Algebra_B_Solutions.md,mathpix_output/pumac_pdfs/PUMaC_2021_Algebra_B_Solutions.tex.zip,3
PUMaC,2021,Algebra,Solutions,A,,,https://jason-shi-f9dm.squarespace.com/s/PUMaC_2021_AlgA_Solutions.pdf,pumac_pdfs/PUMaC_2021_Algebra_A_Solutions.pdf,mathpix_output/pumac_pdfs/PUMaC_2021_Algebra_A_Solutions.md,mathpix_output/pumac_pdfs/PUMaC_2021_Algebra_A_Solutions.tex.zip,4
PUMaC,2021,Combinatorics,Problems,A,,,https://jason-shi-f9dm.squarespace.com/s/PUMaC_2021_Combo_A.pdf,pumac_pdfs/PUMaC_2021_Combinatorics_A_Problems.pdf,mathpix_output/pumac_pdfs/PUMaC_2021_Combinatorics_A_Problems.md,mathpix_output/pumac_pdfs/PUMaC_2021_Combinatorics_A_Problems.tex.zip,2
PUMaC,2021,Combinatorics,Problems,B,,,https://jason-shi-f9dm.squarespace.com/s/PUMaC_2021_Combo_B.pdf,pumac_pdfs/PUMaC_2021_Combinatorics_B_Problems.pdf,mathpix_output/pumac_pdfs/PUMaC_2021_Combinatorics_B_Problems.md,mathpix_output/pumac_pdfs/PUMaC_2021_Combinatorics_B_Problems.tex.zip,1
PUMaC,2021,Combinatorics,Solutions,A,,,https://jason-shi-f9dm.squarespace.com/s/PUMaC_2021_ComboA_Solutions.pdf,pumac_pdfs/PUMaC_2021_Combinatorics_A_Solutions.pdf,mathpix_output/pumac_pdfs/PUMaC_2021_Combinatorics_A_Solutions.md,mathpix_output/pumac_pdfs/PUMaC_2021_Combinatorics_A_Solutions.tex.zip,5
PUMaC,2021,Combinatorics,Solutions,B,,,https://jason-shi-f9dm.squarespace.com/s/PUMaC_2021_ComboB_Solutions.pdf,pumac_pdfs/PUMaC_2021_Combinatorics_B_Solutions.pdf,mathpix_output/pumac_pdfs/PUMaC_2021_Combinatorics_B_Solutions.md,mathpix_output/pumac_pdfs/PUMaC_2021_Combinatorics_B_Solutions.tex.zip,4
PUMaC,2021,Finals,Problems,B,,,https://jason-shi-f9dm.squarespace.com/s/PUMaC_2021_Finals_B.pdf,pumac_pdfs/PUMaC_2021_Finals_B_Problems.pdf,mathpix_output/pumac_pdfs/PUMaC_2021_Finals_B_Problems.md,mathpix_output/pumac_pdfs/PUMaC_2021_Finals_B_Problems.tex.zip,1
PUMaC,2021,Finals,Problems,A,,,https://jason-shi-f9dm.squarespace.com/s/PUMaC_2021_Finals_A.pdf,pumac_pdfs/PUMaC_2021_Finals_A_Problems.pdf,mathpix_output/pumac_pdfs/PUMaC_2021_Finals_A_Problems.md,mathpix_output/pumac_pdfs/PUMaC_2021_Finals_A_Problems.tex.zip,1
PUMaC,2021,Geometry,Problems,B,,,https://jason-shi-f9dm.squarespace.com/s/GeoB_2021.pdf,pumac_pdfs/PUMaC_2021_Geometry_B_Problems.pdf,mathpix_output/pumac_pdfs/PUMaC_2021_Geometry_B_Problems.md,mathpix_output/pumac_pdfs/PUMaC_2021_Geometry_B_Problems.tex.zip,1
PUMaC,2021,Geometry,Problems,A,,,https://jason-shi-f9dm.squarespace.com/s/GeoA_2021-1.pdf,pumac_pdfs/PUMaC_2021_Geometry_A_Problems.pdf,mathpix_output/pumac_pdfs/PUMaC_2021_Geometry_A_Problems.md,mathpix_output/pumac_pdfs/PUMaC_2021_Geometry_A_Problems.tex.zip,1
PUMaC,2021,NumberTheory,Problems,A,,,https://jason-shi-f9dm.squarespace.com/s/PuMaC_Number_Theory_A_2021-1.pdf,pumac_pdfs/PUMaC_2021_NumberTheory_A_Problems.pdf,mathpix_output/pumac_pdfs/PUMaC_2021_NumberTheory_A_Problems.md,mathpix_output/pumac_pdfs/PUMaC_2021_NumberTheory_A_Problems.tex.zip,1
PUMaC,2021,NumberTheory,Problems,B,,,https://jason-shi-f9dm.squarespace.com/s/PuMaC_Number_Theory_B_2021-1.pdf,pumac_pdfs/PUMaC_2021_NumberTheory_B_Problems.pdf,mathpix_output/pumac_pdfs/PUMaC_2021_NumberTheory_B_Problems.md,mathpix_output/pumac_pdfs/PUMaC_2021_NumberTheory_B_Problems.tex.zip,1
PUMaC,2021,NumberTheory,Solutions,B,,,https://jason-shi-f9dm.squarespace.com/s/PuMaC_Number_Theory_B_2021_Solutions.pdf,pumac_pdfs/PUMaC_2021_NumberTheory_B_Solutions.pdf,mathpix_output/pumac_pdfs/PUMaC_2021_NumberTheory_B_Solutions.md,mathpix_output/pumac_pdfs/PUMaC_2021_NumberTheory_B_Solutions.tex.zip,3
PUMaC,2021,NumberTheory,Solutions,A,,,https://jason-shi-f9dm.squarespace.com/s/PuMaC_Number_Theory_A_2021_Solutions.pdf,pumac_pdfs/PUMaC_2021_NumberTheory_A_Solutions.pdf,mathpix_output/pumac_pdfs/PUMaC_2021_NumberTheory_A_Solutions.md,mathpix_output/pumac_pdfs/PUMaC_2021_NumberTheory_A_Solutions.tex.zip,4
PUMaC,2021,Power,Problems,,,,https://jason-shi-f9dm.squarespace.com/s/pumac2021v20.pdf,pumac_pdfs/PUMaC_2021_Power_Problems.pdf,mathpix_output/pumac_pdfs/PUMaC_2021_Power_Problems.md,mathpix_output/pumac_pdfs/PUMaC_2021_Power_Problems.tex.zip,45
PUMaC,2021,Power,Solutions,,,,https://jason-shi-f9dm.squarespace.com/s/pumac2021powersols.pdf,pumac_pdfs/PUMaC_2021_Power_Solutions.pdf,mathpix_output/pumac_pdfs/PUMaC_2021_Power_Solutions.md,mathpix_output/pumac_pdfs/PUMaC_2021_Power_Solutions.tex.zip,75
PUMaC,2021,Team,Problems,,,,https://jason-shi-f9dm.squarespace.com/s/PUMaC_2021_Team.pdf,pumac_pdfs/PUMaC_2021_Team_Problems.pdf,mathpix_output/pumac_pdfs/PUMaC_2021_Team_Problems.md,mathpix_output/pumac_pdfs/PUMaC_2021_Team_Problems.tex.zip,2
PUMaC,2021,Team,Solutions,,,,https://jason-shi-f9dm.squarespace.com/s/PUMaC_2021_Team_Solutions.pdf,pumac_pdfs/PUMaC_2021_Team_Solutions.pdf,mathpix_output/pumac_pdfs/PUMaC_2021_Team_Solutions.md,mathpix_output/pumac_pdfs/PUMaC_2021_Team_Solutions.tex.zip,8
PUMaC,2020,Algebra,Problems,B,,,https://jason-shi-f9dm.squarespace.com/s/2020AlgebraBQuestions.pdf,pumac_pdfs/PUMaC_2020_Algebra_B_Problems.pdf,mathpix_output/pumac_pdfs/PUMaC_2020_Algebra_B_Problems.md,mathpix_output/pumac_pdfs/PUMaC_2020_Algebra_B_Problems.tex.zip,1
PUMaC,2020,Algebra,Problems,A,,,https://jason-shi-f9dm.squarespace.com/s/2020AlgebraAQuestions.pdf,pumac_pdfs/PUMaC_2020_Algebra_A_Problems.pdf,mathpix_output/pumac_pdfs/PUMaC_2020_Algebra_A_Problems.md,mathpix_output/pumac_pdfs/PUMaC_2020_Algebra_A_Problems.tex.zip,1
PUMaC,2020,Algebra,Solutions,A,,,https://jason-shi-f9dm.squarespace.com/s/2020AlgebraASolutions.pdf,pumac_pdfs/PUMaC_2020_Algebra_A_Solutions.pdf,mathpix_output/pumac_pdfs/PUMaC_2020_Algebra_A_Solutions.md,mathpix_output/pumac_pdfs/PUMaC_2020_Algebra_A_Solutions.tex.zip,5
PUMaC,2020,Algebra,Solutions,B,,,https://jason-shi-f9dm.squarespace.com/s/2020AlgebraBSolutions.pdf,pumac_pdfs/PUMaC_2020_Algebra_B_Solutions.pdf,mathpix_output/pumac_pdfs/PUMaC_2020_Algebra_B_Solutions.md,mathpix_output/pumac_pdfs/PUMaC_2020_Algebra_B_Solutions.tex.zip,4
PUMaC,2020,Combinatorics,Problems,B,,,https://jason-shi-f9dm.squarespace.com/s/2020__PUMaC_Combinatorics_B.pdf,pumac_pdfs/PUMaC_2020_Combinatorics_B_Problems.pdf,mathpix_output/pumac_pdfs/PUMaC_2020_Combinatorics_B_Problems.md,mathpix_output/pumac_pdfs/PUMaC_2020_Combinatorics_B_Problems.tex.zip,2
PUMaC,2020,Combinatorics,Problems,A,,,https://jason-shi-f9dm.squarespace.com/s/2020__PUMaC_Combinatorics_A-2.pdf,pumac_pdfs/PUMaC_2020_Combinatorics_A_Problems.pdf,mathpix_output/pumac_pdfs/PUMaC_2020_Combinatorics_A_Problems.md,mathpix_output/pumac_pdfs/PUMaC_2020_Combinatorics_A_Problems.tex.zip,2
PUMaC,2020,Combinatorics,Solutions,A,,,https://jason-shi-f9dm.squarespace.com/s/2020__PUMaC_Combinatorics_A_Solutions.pdf,pumac_pdfs/PUMaC_2020_Combinatorics_A_Solutions.pdf,mathpix_output/pumac_pdfs/PUMaC_2020_Combinatorics_A_Solutions.md,mathpix_output/pumac_pdfs/PUMaC_2020_Combinatorics_A_Solutions.tex.zip,6
PUMaC,2020,Combinatorics,Solutions,B,,,https://jason-shi-f9dm.squarespace.com/s/2020__PUMaC_Combinatorics_B_Solutions.pdf,pumac_pdfs/PUMaC_2020_Combinatorics_B_Solutions.pdf,mathpix_output/pumac_pdfs/PUMaC_2020_Combinatorics_B_Solutions.md,mathpix_output/pumac_pdfs/PUMaC_2020_Combinatorics_B_Solutions.tex.zip,6
PUMaC,2020,Finals,Problems,A,,,https://jason-shi-f9dm.squarespace.com/s/2020_Indiv_Finals_A.pdf,pumac_pdfs/PUMaC_2020_Finals_A_Problems.pdf,mathpix_output/pumac_pdfs/PUMaC_2020_Finals_A_Problems.md,mathpix_output/pumac_pdfs/PUMaC_2020_Finals_A_Problems.tex.zip,1
PUMaC,2020,Finals,Problems,B,,,https://jason-shi-f9dm.squarespace.com/s/2020_Indiv_Finals_B.pdf,pumac_pdfs/PUMaC_2020_Finals_B_Problems.pdf,mathpix_output/pumac_pdfs/PUMaC_2020_Finals_B_Problems.md,mathpix_output/pumac_pdfs/PUMaC_2020_Finals_B_Problems.tex.zip,1
PUMaC,2020,Finals,Solutions,A,,,https://jason-shi-f9dm.squarespace.com/s/2020_Indiv_Finals_A_sols.pdf,pumac_pdfs/PUMaC_2020_Finals_A_Solutions.pdf,mathpix_output/pumac_pdfs/PUMaC_2020_Finals_A_Solutions.md,mathpix_output/pumac_pdfs/PUMaC_2020_Finals_A_Solutions.tex.zip,3
PUMaC,2020,Finals,Solutions,B,,,https://jason-shi-f9dm.squarespace.com/s/2020_Indiv_Finals_B_sols.pdf,pumac_pdfs/PUMaC_2020_Finals_B_Solutions.pdf,mathpix_output/pumac_pdfs/PUMaC_2020_Finals_B_Solutions.md,mathpix_output/pumac_pdfs/PUMaC_2020_Finals_B_Solutions.tex.zip,2
PUMaC,2020,Geometry,Problems,A,,,https://jason-shi-f9dm.squarespace.com/s/2020GeometryA.pdf,pumac_pdfs/PUMaC_2020_Geometry_A_Problems.pdf,mathpix_output/pumac_pdfs/PUMaC_2020_Geometry_A_Problems.md,mathpix_output/pumac_pdfs/PUMaC_2020_Geometry_A_Problems.tex.zip,1
PUMaC,2020,Geometry,Problems,B,,,https://jason-shi-f9dm.squarespace.com/s/2020GeometryB.pdf,pumac_pdfs/PUMaC_2020_Geometry_B_Problems.pdf,mathpix_output/pumac_pdfs/PUMaC_2020_Geometry_B_Problems.md,mathpix_output/pumac_pdfs/PUMaC_2020_Geometry_B_Problems.tex.zip,1
PUMaC,2020,Geometry,Solutions,A,,,https://jason-shi-f9dm.squarespace.com/s/2020GeometryASols.pdf,pumac_pdfs/PUMaC_2020_Geometry_A_Solutions.pdf,mathpix_output/pumac_pdfs/PUMaC_2020_Geometry_A_Solutions.md,mathpix_output/pumac_pdfs/PUMaC_2020_Geometry_A_Solutions.tex.zip,4
PUMaC,2020,Geometry,Solutions,B,,,https://jason-shi-f9dm.squarespace.com/s/2020GeometryBSol.pdf,pumac_pdfs/PUMaC_2020_Geometry_B_Solutions.pdf,mathpix_output/pumac_pdfs/PUMaC_2020_Geometry_B_Solutions.md,mathpix_output/pumac_pdfs/PUMaC_2020_Geometry_B_Solutions.tex.zip,3
PUMaC,2020,NumberTheory,Problems,A,,,https://jason-shi-f9dm.squarespace.com/s/PuMaC_Number_Theory_A_2020.pdf,pumac_pdfs/PUMaC_2020_NumberTheory_A_Problems.pdf,mathpix_output/pumac_pdfs/PUMaC_2020_NumberTheory_A_Problems.md,mathpix_output/pumac_pdfs/PUMaC_2020_NumberTheory_A_Problems.tex.zip,1
PUMaC,2020,NumberTheory,Problems,B,,,https://jason-shi-f9dm.squarespace.com/s/PuMaC_Number_Theory_B_2020.pdf,pumac_pdfs/PUMaC_2020_NumberTheory_B_Problems.pdf,mathpix_output/pumac_pdfs/PUMaC_2020_NumberTheory_B_Problems.md,mathpix_output/pumac_pdfs/PUMaC_2020_NumberTheory_B_Problems.tex.zip,1
PUMaC,2020,NumberTheory,Solutions,A,,,https://jason-shi-f9dm.squarespace.com/s/PuMaC_Number_Theory_A_2020_Solutions.pdf,pumac_pdfs/PUMaC_2020_NumberTheory_A_Solutions.pdf,mathpix_output/pumac_pdfs/PUMaC_2020_NumberTheory_A_Solutions.md,mathpix_output/pumac_pdfs/PUMaC_2020_NumberTheory_A_Solutions.tex.zip,5
PUMaC,2020,NumberTheory,Solutions,B,,,https://jason-shi-f9dm.squarespace.com/s/PuMaC_Number_Theory_B_2020_Solutions.pdf,pumac_pdfs/PUMaC_2020_NumberTheory_B_Solutions.pdf,mathpix_output/pumac_pdfs/PUMaC_2020_NumberTheory_B_Solutions.md,mathpix_output/pumac_pdfs/PUMaC_2020_NumberTheory_B_Solutions.tex.zip,4
PUMaC,2020,Power,Problems,,,,https://jason-shi-f9dm.squarespace.com/s/PUMaC_2020__Power_Round___Problem_Statements-f5gg.pdf,pumac_pdfs/PUMaC_2020_Power_Problems.pdf,mathpix_output/pumac_pdfs/PUMaC_2020_Power_Problems.md,mathpix_output/pumac_pdfs/PUMaC_2020_Power_Problems.tex.zip,18
PUMaC,2020,Power,Solutions,,,,https://jason-shi-f9dm.squarespace.com/s/PUMaC_2020__Power_Round___Solutions.pdf,pumac_pdfs/PUMaC_2020_Power_Solutions.pdf,mathpix_output/pumac_pdfs/PUMaC_2020_Power_Solutions.md,mathpix_output/pumac_pdfs/PUMaC_2020_Power_Solutions.tex.zip,26
PUMaC,2020,Team,Problems,,,,https://jason-shi-f9dm.squarespace.com/s/PUMaC_2020_Team_problems.pdf,pumac_pdfs/PUMaC_2020_Team_Problems.pdf,mathpix_output/pumac_pdfs/PUMaC_2020_Team_Problems.md,mathpix_output/pumac_pdfs/PUMaC_2020_Team_Problems.tex.zip,2
PUMaC,2020,Team,Solutions,,,,https://jason-shi-f9dm.squarespace.com/s/PUMaC_2020_Team_solutions.pdf,pumac_pdfs/PUMaC_2020_Team_Solutions.pdf,mathpix_output/pumac_pdfs/PUMaC_2020_Team_Solutions.md,mathpix_output/pumac_pdfs/PUMaC_2020_Team_Solutions.tex.zip,9
PUMaC,2019,Algebra,Problems,B,,,https://jason-shi-f9dm.squarespace.com/s/2019Algebra_B.pdf,pumac_pdfs/PUMaC_2019_Algebra_B_Problems.pdf,mathpix_output/pumac_pdfs/PUMaC_2019_Algebra_B_Problems.md,mathpix_output/pumac_pdfs/PUMaC_2019_Algebra_B_Problems.tex.zip,1
PUMaC,2019,Algebra,Problems,A,,,https://jason-shi-f9dm.squarespace.com/s/2019Algebra_A.pdf,pumac_pdfs/PUMaC_2019_Algebra_A_Problems.pdf,mathpix_output/pumac_pdfs/PUMaC_2019_Algebra_A_Problems.md,mathpix_output/pumac_pdfs/PUMaC_2019_Algebra_A_Problems.tex.zip,1
PUMaC,2019,Algebra,Solutions,A,,,https://jason-shi-f9dm.squarespace.com/s/2019Algebra_ASOLS.pdf,pumac_pdfs/PUMaC_2019_Algebra_A_Solutions.pdf,mathpix_output/pumac_pdfs/PUMaC_2019_Algebra_A_Solutions.md,mathpix_output/pumac_pdfs/PUMaC_2019_Algebra_A_Solutions.tex.zip,4
PUMaC,2019,Algebra,Solutions,B,,,https://jason-shi-f9dm.squarespace.com/s/2019Algebra_BSOLS.pdf,pumac_pdfs/PUMaC_2019_Algebra_B_Solutions.pdf,mathpix_output/pumac_pdfs/PUMaC_2019_Algebra_B_Solutions.md,mathpix_output/pumac_pdfs/PUMaC_2019_Algebra_B_Solutions.tex.zip,3
PUMaC,2019,Combinatorics,Problems,B,,,https://jason-shi-f9dm.squarespace.com/s/2019Combo_B.pdf,pumac_pdfs/PUMaC_2019_Combinatorics_B_Problems.pdf,mathpix_output/pumac_pdfs/PUMaC_2019_Combinatorics_B_Problems.md,mathpix_output/pumac_pdfs/PUMaC_2019_Combinatorics_B_Problems.tex.zip,1
PUMaC,2019,Combinatorics,Problems,A,,,https://jason-shi-f9dm.squarespace.com/s/2019Combo_A.pdf,pumac_pdfs/PUMaC_2019_Combinatorics_A_Problems.pdf,mathpix_output/pumac_pdfs/PUMaC_2019_Combinatorics_A_Problems.md,mathpix_output/pumac_pdfs/PUMaC_2019_Combinatorics_A_Problems.tex.zip,2
PUMaC,2019,Combinatorics,Solutions,B,,,https://jason-shi-f9dm.squarespace.com/s/2019Combo_B_Sols.pdf,pumac_pdfs/PUMaC_2019_Combinatorics_B_Solutions.pdf,mathpix_output/pumac_pdfs/PUMaC_2019_Combinatorics_B_Solutions.md,mathpix_output/pumac_pdfs/PUMaC_2019_Combinatorics_B_Solutions.tex.zip,3
PUMaC,2019,Combinatorics,Solutions,A,,,https://jason-shi-f9dm.squarespace.com/s/2019Combo_A_Sols.pdf,pumac_pdfs/PUMaC_2019_Combinatorics_A_Solutions.pdf,mathpix_output/pumac_pdfs/PUMaC_2019_Combinatorics_A_Solutions.md,mathpix_output/pumac_pdfs/PUMaC_2019_Combinatorics_A_Solutions.tex.zip,4
PUMaC,2019,Finals,Problems,B,,,https://jason-shi-f9dm.squarespace.com/s/2019Individual-Finals-B.pdf,pumac_pdfs/PUMaC_2019_Finals_B_Problems.pdf,mathpix_output/pumac_pdfs/PUMaC_2019_Finals_B_Problems.md,mathpix_output/pumac_pdfs/PUMaC_2019_Finals_B_Problems.tex.zip,1
PUMaC,2019,Finals,Problems,A,,,https://jason-shi-f9dm.squarespace.com/s/2019Indiv_Finals_A.pdf,pumac_pdfs/PUMaC_2019_Finals_A_Problems.pdf,mathpix_output/pumac_pdfs/PUMaC_2019_Finals_A_Problems.md,mathpix_output/pumac_pdfs/PUMaC_2019_Finals_A_Problems.tex.zip,1
PUMaC,2019,Finals,Solutions,A,,,https://jason-shi-f9dm.squarespace.com/s/2019Indiv_Finals_A-SOLS.pdf,pumac_pdfs/PUMaC_2019_Finals_A_Solutions.pdf,mathpix_output/pumac_pdfs/PUMaC_2019_Finals_A_Solutions.md,mathpix_output/pumac_pdfs/PUMaC_2019_Finals_A_Solutions.tex.zip,2
PUMaC,2019,Finals,Solutions,B,,,https://jason-shi-f9dm.squarespace.com/s/2019Indiv_Finals_B-SOLS.pdf,pumac_pdfs/PUMaC_2019_Finals_B_Solutions.pdf,mathpix_output/pumac_pdfs/PUMaC_2019_Finals_B_Solutions.md,mathpix_output/pumac_pdfs/PUMaC_2019_Finals_B_Solutions.tex.zip,1
PUMaC,2019,Geometry,Problems,A,,,https://jason-shi-f9dm.squarespace.com/s/2019Geometry_A.pdf,pumac_pdfs/PUMaC_2019_Geometry_A_Problems.pdf,mathpix_output/pumac_pdfs/PUMaC_2019_Geometry_A_Problems.md,mathpix_output/pumac_pdfs/PUMaC_2019_Geometry_A_Problems.tex.zip,1
PUMaC,2019,Geometry,Problems,B,,,https://jason-shi-f9dm.squarespace.com/s/2019Geometry_B.pdf,pumac_pdfs/PUMaC_2019_Geometry_B_Problems.pdf,mathpix_output/pumac_pdfs/PUMaC_2019_Geometry_B_Problems.md,mathpix_output/pumac_pdfs/PUMaC_2019_Geometry_B_Problems.tex.zip,1
PUMaC,2019,Geometry,Solutions,A,,,https://jason-shi-f9dm.squarespace.com/s/2019Geometry_A-SOLS.pdf,pumac_pdfs/PUMaC_2019_Geometry_A_Solutions.pdf,mathpix_output/pumac_pdfs/PUMaC_2019_Geometry_A_Solutions.md,mathpix_output/pumac_pdfs/PUMaC_2019_Geometry_A_Solutions.tex.zip,3
PUMaC,2019,Geometry,Solutions,B,,,https://jason-shi-f9dm.squarespace.com/s/2019Geometry_B-SOLS.pdf,pumac_pdfs/PUMaC_2019_Geometry_B_Solutions.pdf,mathpix_output/pumac_pdfs/PUMaC_2019_Geometry_B_Solutions.md,mathpix_output/pumac_pdfs/PUMaC_2019_Geometry_B_Solutions.tex.zip,3
PUMaC,2019,Live,Problems,,,,https://jason-shi-f9dm.squarespace.com/s/PUMaC2019Live-92ys.pdf,pumac_pdfs/PUMaC_2019_Live_Problems.pdf,mathpix_output/pumac_pdfs/PUMaC_2019_Live_Problems.md,mathpix_output/pumac_pdfs/PUMaC_2019_Live_Problems.tex.zip,4
PUMaC,2019,Live,Solutions,,,,https://jason-shi-f9dm.squarespace.com/s/PUMaC2019LiveSolutions-2w84.pdf,pumac_pdfs/PUMaC_2019_Live_Solutions.pdf,mathpix_output/pumac_pdfs/PUMaC_2019_Live_Solutions.md,mathpix_output/pumac_pdfs/PUMaC_2019_Live_Solutions.tex.zip,9
PUMaC,2019,NumberTheory,Problems,B,,,https://jason-shi-f9dm.squarespace.com/s/2019NT_B_Div.pdf,pumac_pdfs/PUMaC_2019_NumberTheory_B_Problems.pdf,mathpix_output/pumac_pdfs/PUMaC_2019_NumberTheory_B_Problems.md,mathpix_output/pumac_pdfs/PUMaC_2019_NumberTheory_B_Problems.tex.zip,1
PUMaC,2019,NumberTheory,Problems,A,,,https://jason-shi-f9dm.squarespace.com/s/2019NT_A_Div.pdf,pumac_pdfs/PUMaC_2019_NumberTheory_A_Problems.pdf,mathpix_output/pumac_pdfs/PUMaC_2019_NumberTheory_A_Problems.md,mathpix_output/pumac_pdfs/PUMaC_2019_NumberTheory_A_Problems.tex.zip,1
PUMaC,2019,NumberTheory,Solutions,B,,,https://jason-shi-f9dm.squarespace.com/s/2019NT_SOLS_B.pdf,pumac_pdfs/PUMaC_2019_NumberTheory_B_Solutions.pdf,mathpix_output/pumac_pdfs/PUMaC_2019_NumberTheory_B_Solutions.md,mathpix_output/pumac_pdfs/PUMaC_2019_NumberTheory_B_Solutions.tex.zip,3
PUMaC,2019,NumberTheory,Solutions,A,,,https://jason-shi-f9dm.squarespace.com/s/2019NT_SOLS_A.pdf,pumac_pdfs/PUMaC_2019_NumberTheory_A_Solutions.pdf,mathpix_output/pumac_pdfs/PUMaC_2019_NumberTheory_A_Solutions.md,mathpix_output/pumac_pdfs/PUMaC_2019_NumberTheory_A_Solutions.tex.zip,4
PUMaC,2019,Power,Problems,,,,https://jason-shi-f9dm.squarespace.com/s/2019Power.pdf,pumac_pdfs/PUMaC_2019_Power_Problems.pdf,mathpix_output/pumac_pdfs/PUMaC_2019_Power_Problems.md,mathpix_output/pumac_pdfs/PUMaC_2019_Power_Problems.tex.zip,32
PUMaC,2019,Power,Solutions,,,,https://jason-shi-f9dm.squarespace.com/s/2019Power-SOLS.pdf,pumac_pdfs/PUMaC_2019_Power_Solutions.pdf,mathpix_output/pumac_pdfs/PUMaC_2019_Power_Solutions.md,mathpix_output/pumac_pdfs/PUMaC_2019_Power_Solutions.tex.zip,13
PUMaC,2019,Team,Problems,,,,https://jason-shi-f9dm.squarespace.com/s/2019Team.pdf,pumac_pdfs/PUMaC_2019_Team_Problems.pdf,mathpix_output/pumac_pdfs/PUMaC_2019_Team_Problems.md,mathpix_output/pumac_pdfs/PUMaC_2019_Team_Problems.tex.zip,2
PUMaC,2019,Team,Solutions,,,,https://jason-shi-f9dm.squarespace.com/s/2019Team-Sols-9xbm.pdf,pumac_pdfs/PUMaC_2019_Team_Solutions.pdf,mathpix_output/pumac_pdfs/PUMaC_2019_Team_Solutions.md,mathpix_output/pumac_pdfs/PUMaC_2019_Team_Solutions.tex.zip,6
PUMaC,2018,Algebra,Problems,B,,,https://jason-shi-f9dm.squarespace.com/s/Algebra-B-Test.pdf,pumac_pdfs/PUMaC_2018_Algebra_B_Problems.pdf,mathpix_output/pumac_pdfs/PUMaC_2018_Algebra_B_Problems.md,mathpix_output/pumac_pdfs/PUMaC_2018_Algebra_B_Problems.tex.zip,1
PUMaC,2018,Algebra,Problems,A,,,https://jason-shi-f9dm.squarespace.com/s/Algebra-A-Test.pdf,pumac_pdfs/PUMaC_2018_Algebra_A_Problems.pdf,mathpix_output/pumac_pdfs/PUMaC_2018_Algebra_A_Problems.md,mathpix_output/pumac_pdfs/PUMaC_2018_Algebra_A_Problems.tex.zip,1
PUMaC,2018,Algebra,Solutions,B,,,https://jason-shi-f9dm.squarespace.com/s/Algebra-B-Solutions.pdf,pumac_pdfs/PUMaC_2018_Algebra_B_Solutions.pdf,mathpix_output/pumac_pdfs/PUMaC_2018_Algebra_B_Solutions.md,mathpix_output/pumac_pdfs/PUMaC_2018_Algebra_B_Solutions.tex.zip,3
PUMaC,2018,Algebra,Solutions,A,,,https://jason-shi-f9dm.squarespace.com/s/Algebra-A-Solutions.pdf,pumac_pdfs/PUMaC_2018_Algebra_A_Solutions.pdf,mathpix_output/pumac_pdfs/PUMaC_2018_Algebra_A_Solutions.md,mathpix_output/pumac_pdfs/PUMaC_2018_Algebra_A_Solutions.tex.zip,4
PUMaC,2018,Combinatorics,Problems,A,,,https://jason-shi-f9dm.squarespace.com/s/Combinatorics-A-Test.pdf,pumac_pdfs/PUMaC_2018_Combinatorics_A_Problems.pdf,mathpix_output/pumac_pdfs/PUMaC_2018_Combinatorics_A_Problems.md,mathpix_output/pumac_pdfs/PUMaC_2018_Combinatorics_A_Problems.tex.zip,1
PUMaC,2018,Combinatorics,Problems,B,,,https://jason-shi-f9dm.squarespace.com/s/Combinatorics-B-Test.pdf,pumac_pdfs/PUMaC_2018_Combinatorics_B_Problems.pdf,mathpix_output/pumac_pdfs/PUMaC_2018_Combinatorics_B_Problems.md,mathpix_output/pumac_pdfs/PUMaC_2018_Combinatorics_B_Problems.tex.zip,1
PUMaC,2018,Combinatorics,Solutions,B,,,https://jason-shi-f9dm.squarespace.com/s/Combinatorics-B-Solutions.pdf,pumac_pdfs/PUMaC_2018_Combinatorics_B_Solutions.pdf,mathpix_output/pumac_pdfs/PUMaC_2018_Combinatorics_B_Solutions.md,mathpix_output/pumac_pdfs/PUMaC_2018_Combinatorics_B_Solutions.tex.zip,4
PUMaC,2018,Combinatorics,Solutions,A,,,https://jason-shi-f9dm.squarespace.com/s/Combinatorics-A-Solutions.pdf,pumac_pdfs/PUMaC_2018_Combinatorics_A_Solutions.pdf,mathpix_output/pumac_pdfs/PUMaC_2018_Combinatorics_A_Solutions.md,mathpix_output/pumac_pdfs/PUMaC_2018_Combinatorics_A_Solutions.tex.zip,6
PUMaC,2018,Finals,Problems,A,,,https://jason-shi-f9dm.squarespace.com/s/Individual-Finals-A-Test.pdf,pumac_pdfs/PUMaC_2018_Finals_A_Problems.pdf,mathpix_output/pumac_pdfs/PUMaC_2018_Finals_A_Problems.md,mathpix_output/pumac_pdfs/PUMaC_2018_Finals_A_Problems.tex.zip,1
PUMaC,2018,Finals,Problems,B,,,https://jason-shi-f9dm.squarespace.com/s/Individual-Finals-B-Test.pdf,pumac_pdfs/PUMaC_2018_Finals_B_Problems.pdf,mathpix_output/pumac_pdfs/PUMaC_2018_Finals_B_Problems.md,mathpix_output/pumac_pdfs/PUMaC_2018_Finals_B_Problems.tex.zip,1
PUMaC,2018,Finals,Solutions,B,,,https://jason-shi-f9dm.squarespace.com/s/Individual-Finals-B-Solutions.pdf,pumac_pdfs/PUMaC_2018_Finals_B_Solutions.pdf,mathpix_output/pumac_pdfs/PUMaC_2018_Finals_B_Solutions.md,mathpix_output/pumac_pdfs/PUMaC_2018_Finals_B_Solutions.tex.zip,4
PUMaC,2018,Finals,Solutions,A,,,https://jason-shi-f9dm.squarespace.com/s/Individual-Finals-A-Solutions-293a.pdf,pumac_pdfs/PUMaC_2018_Finals_A_Solutions.pdf,mathpix_output/pumac_pdfs/PUMaC_2018_Finals_A_Solutions.md,mathpix_output/pumac_pdfs/PUMaC_2018_Finals_A_Solutions.tex.zip,4
PUMaC,2018,Geometry,Problems,B,,,https://jason-shi-f9dm.squarespace.com/s/GeoBTest.pdf,pumac_pdfs/PUMaC_2018_Geometry_B_Problems.pdf,mathpix_output/pumac_pdfs/PUMaC_2018_Geometry_B_Problems.md,mathpix_output/pumac_pdfs/PUMaC_2018_Geometry_B_Problems.tex.zip,1
PUMaC,2018,Geometry,Problems,A,,,https://jason-shi-f9dm.squarespace.com/s/Geometry-A-Test.pdf,pumac_pdfs/PUMaC_2018_Geometry_A_Problems.pdf,mathpix_output/pumac_pdfs/PUMaC_2018_Geometry_A_Problems.md,mathpix_output/pumac_pdfs/PUMaC_2018_Geometry_A_Problems.tex.zip,1
PUMaC,2018,Geometry,Solutions,B,,,https://jason-shi-f9dm.squarespace.com/s/Geometry-B-Solutions.pdf,pumac_pdfs/PUMaC_2018_Geometry_B_Solutions.pdf,mathpix_output/pumac_pdfs/PUMaC_2018_Geometry_B_Solutions.md,mathpix_output/pumac_pdfs/PUMaC_2018_Geometry_B_Solutions.tex.zip,3
PUMaC,2018,Geometry,Solutions,A,,,https://jason-shi-f9dm.squarespace.com/s/Geometry-A-Solutions.pdf,pumac_pdfs/PUMaC_2018_Geometry_A_Solutions.pdf,mathpix_output/pumac_pdfs/PUMaC_2018_Geometry_A_Solutions.md,mathpix_output/pumac_pdfs/PUMaC_2018_Geometry_A_Solutions.tex.zip,3
PUMaC,2018,Live,Problems,,,,https://jason-shi-f9dm.squarespace.com/s/Live.pdf,pumac_pdfs/PUMaC_2018_Live_Problems.pdf,mathpix_output/pumac_pdfs/PUMaC_2018_Live_Problems.md,mathpix_output/pumac_pdfs/PUMaC_2018_Live_Problems.tex.zip,4
PUMaC,2018,Live,Solutions,,,,https://jason-shi-f9dm.squarespace.com/s/LiveRoundAnswers.pdf,pumac_pdfs/PUMaC_2018_Live_Solutions.pdf,mathpix_output/pumac_pdfs/PUMaC_2018_Live_Solutions.md,mathpix_output/pumac_pdfs/PUMaC_2018_Live_Solutions.tex.zip,7
PUMaC,2018,NumberTheory,Problems,B,,,https://jason-shi-f9dm.squarespace.com/s/Number-Theory-B-Test.pdf,pumac_pdfs/PUMaC_2018_NumberTheory_B_Problems.pdf,mathpix_output/pumac_pdfs/PUMaC_2018_NumberTheory_B_Problems.md,mathpix_output/pumac_pdfs/PUMaC_2018_NumberTheory_B_Problems.tex.zip,1
PUMaC,2018,NumberTheory,Problems,A,,,https://jason-shi-f9dm.squarespace.com/s/Number-Theory-A-Test.pdf,pumac_pdfs/PUMaC_2018_NumberTheory_A_Problems.pdf,mathpix_output/pumac_pdfs/PUMaC_2018_NumberTheory_A_Problems.md,mathpix_output/pumac_pdfs/PUMaC_2018_NumberTheory_A_Problems.tex.zip,1
PUMaC,2018,NumberTheory,Solutions,A,,,https://jason-shi-f9dm.squarespace.com/s/Number-Theory-A-Solutions.pdf,pumac_pdfs/PUMaC_2018_NumberTheory_A_Solutions.pdf,mathpix_output/pumac_pdfs/PUMaC_2018_NumberTheory_A_Solutions.md,mathpix_output/pumac_pdfs/PUMaC_2018_NumberTheory_A_Solutions.tex.zip,5
PUMaC,2018,NumberTheory,Solutions,B,,,https://jason-shi-f9dm.squarespace.com/s/Number-Theory-B-Solutions.pdf,pumac_pdfs/PUMaC_2018_NumberTheory_B_Solutions.pdf,mathpix_output/pumac_pdfs/PUMaC_2018_NumberTheory_B_Solutions.md,mathpix_output/pumac_pdfs/PUMaC_2018_NumberTheory_B_Solutions.tex.zip,3
PUMaC,2018,Power,Problems,,,,https://jason-shi-f9dm.squarespace.com/s/Power-Round.pdf,pumac_pdfs/PUMaC_2018_Power_Problems.pdf,mathpix_output/pumac_pdfs/PUMaC_2018_Power_Problems.md,mathpix_output/pumac_pdfs/PUMaC_2018_Power_Problems.tex.zip,29
PUMaC,2018,Power,Solutions,,,,https://jason-shi-f9dm.squarespace.com/s/Power-Solutions.pdf,pumac_pdfs/PUMaC_2018_Power_Solutions.pdf,mathpix_output/pumac_pdfs/PUMaC_2018_Power_Solutions.md,mathpix_output/pumac_pdfs/PUMaC_2018_Power_Solutions.tex.zip,30
PUMaC,2018,Team,Problems,,,,https://jason-shi-f9dm.squarespace.com/s/2018_Team_Round.pdf,pumac_pdfs/PUMaC_2018_Team_Problems.pdf,mathpix_output/pumac_pdfs/PUMaC_2018_Team_Problems.md,mathpix_output/pumac_pdfs/PUMaC_2018_Team_Problems.tex.zip,2
PUMaC,2018,Team,Solutions,,,,https://jason-shi-f9dm.squarespace.com/s/Team-Round-Solutions.pdf,pumac_pdfs/PUMaC_2018_Team_Solutions.pdf,mathpix_output/pumac_pdfs/PUMaC_2018_Team_Solutions.md,mathpix_output/pumac_pdfs/PUMaC_2018_Team_Solutions.tex.zip,5
PUMaC,2017,Algebra,Problems,B,,,https://jason-shi-f9dm.squarespace.com/s/PUMaC2017_Algebra_B.pdf,pumac_pdfs/PUMaC_2017_Algebra_B_Problems.pdf,mathpix_output/pumac_pdfs/PUMaC_2017_Algebra_B_Problems.md,mathpix_output/pumac_pdfs/PUMaC_2017_Algebra_B_Problems.tex.zip,1
PUMaC,2017,Algebra,Problems,A,,,https://jason-shi-f9dm.squarespace.com/s/PUMaC2017_Algebra_A.pdf,pumac_pdfs/PUMaC_2017_Algebra_A_Problems.pdf,mathpix_output/pumac_pdfs/PUMaC_2017_Algebra_A_Problems.md,mathpix_output/pumac_pdfs/PUMaC_2017_Algebra_A_Problems.tex.zip,1
PUMaC,2017,Algebra,Solutions,B,,,https://jason-shi-f9dm.squarespace.com/s/PUMaC2017_Algebra_B_Solutions.pdf,pumac_pdfs/PUMaC_2017_Algebra_B_Solutions.pdf,mathpix_output/pumac_pdfs/PUMaC_2017_Algebra_B_Solutions.md,mathpix_output/pumac_pdfs/PUMaC_2017_Algebra_B_Solutions.tex.zip,2
PUMaC,2017,Algebra,Solutions,A,,,https://jason-shi-f9dm.squarespace.com/s/PUMaC2017_Algebra_A_Solutions.pdf,pumac_pdfs/PUMaC_2017_Algebra_A_Solutions.pdf,mathpix_output/pumac_pdfs/PUMaC_2017_Algebra_A_Solutions.md,mathpix_output/pumac_pdfs/PUMaC_2017_Algebra_A_Solutions.tex.zip,3
PUMaC,2017,Combinatorics,Problems,B,,,https://jason-shi-f9dm.squarespace.com/s/PUMaC2017_Combo_B.pdf,pumac_pdfs/PUMaC_2017_Combinatorics_B_Problems.pdf,mathpix_output/pumac_pdfs/PUMaC_2017_Combinatorics_B_Problems.md,mathpix_output/pumac_pdfs/PUMaC_2017_Combinatorics_B_Problems.tex.zip,1
PUMaC,2017,Combinatorics,Problems,A,,,https://jason-shi-f9dm.squarespace.com/s/PUMaC2017_Combo_A.pdf,pumac_pdfs/PUMaC_2017_Combinatorics_A_Problems.pdf,mathpix_output/pumac_pdfs/PUMaC_2017_Combinatorics_A_Problems.md,mathpix_output/pumac_pdfs/PUMaC_2017_Combinatorics_A_Problems.tex.zip,1
PUMaC,2017,Combinatorics,Solutions,B,,,https://jason-shi-f9dm.squarespace.com/s/PUMaC2017_Combo_B_Solutions.pdf,pumac_pdfs/PUMaC_2017_Combinatorics_B_Solutions.pdf,mathpix_output/pumac_pdfs/PUMaC_2017_Combinatorics_B_Solutions.md,mathpix_output/pumac_pdfs/PUMaC_2017_Combinatorics_B_Solutions.tex.zip,3
PUMaC,2017,Combinatorics,Solutions,A,,,https://jason-shi-f9dm.squarespace.com/s/PUMaC2017_Combo_A_Solutions.pdf,pumac_pdfs/PUMaC_2017_Combinatorics_A_Solutions.pdf,mathpix_output/pumac_pdfs/PUMaC_2017_Combinatorics_A_Solutions.md,mathpix_output/pumac_pdfs/PUMaC_2017_Combinatorics_A_Solutions.tex.zip,4
PUMaC,2017,Finals,Problems,B,,,https://jason-shi-f9dm.squarespace.com/s/PUMaC2017_Finals_B.pdf,pumac_pdfs/PUMaC_2017_Finals_B_Problems.pdf,mathpix_output/pumac_pdfs/PUMaC_2017_Finals_B_Problems.md,mathpix_output/pumac_pdfs/PUMaC_2017_Finals_B_Problems.tex.zip,1
PUMaC,2017,Finals,Problems,A,,,https://jason-shi-f9dm.squarespace.com/s/PUMaC2017_Finals_A.pdf,pumac_pdfs/PUMaC_2017_Finals_A_Problems.pdf,mathpix_output/pumac_pdfs/PUMaC_2017_Finals_A_Problems.md,mathpix_output/pumac_pdfs/PUMaC_2017_Finals_A_Problems.tex.zip,1
PUMaC,2017,Finals,Solutions,B,,,https://jason-shi-f9dm.squarespace.com/s/PUMaC2017_Finals_B_Solutions.pdf,pumac_pdfs/PUMaC_2017_Finals_B_Solutions.pdf,mathpix_output/pumac_pdfs/PUMaC_2017_Finals_B_Solutions.md,mathpix_output/pumac_pdfs/PUMaC_2017_Finals_B_Solutions.tex.zip,2
PUMaC,2017,Finals,Solutions,A,,,https://jason-shi-f9dm.squarespace.com/s/PUMaC2017_Finals_A_Solutions.pdf,pumac_pdfs/PUMaC_2017_Finals_A_Solutions.pdf,mathpix_output/pumac_pdfs/PUMaC_2017_Finals_A_Solutions.md,mathpix_output/pumac_pdfs/PUMaC_2017_Finals_A_Solutions.tex.zip,2
PUMaC,2017,Geometry,Problems,B,,,https://jason-shi-f9dm.squarespace.com/s/PUMaC2017_Geo_B.pdf,pumac_pdfs/PUMaC_2017_Geometry_B_Problems.pdf,mathpix_output/pumac_pdfs/PUMaC_2017_Geometry_B_Problems.md,mathpix_output/pumac_pdfs/PUMaC_2017_Geometry_B_Problems.tex.zip,1
PUMaC,2017,Geometry,Problems,A,,,https://jason-shi-f9dm.squarespace.com/s/PUMaC2017_Geo_A.pdf,pumac_pdfs/PUMaC_2017_Geometry_A_Problems.pdf,mathpix_output/pumac_pdfs/PUMaC_2017_Geometry_A_Problems.md,mathpix_output/pumac_pdfs/PUMaC_2017_Geometry_A_Problems.tex.zip,1
PUMaC,2017,Geometry,Solutions,A,,,https://jason-shi-f9dm.squarespace.com/s/PUMaC2017_Geo_A_Solutions.pdf,pumac_pdfs/PUMaC_2017_Geometry_A_Solutions.pdf,mathpix_output/pumac_pdfs/PUMaC_2017_Geometry_A_Solutions.md,mathpix_output/pumac_pdfs/PUMaC_2017_Geometry_A_Solutions.tex.zip,2
PUMaC,2017,Geometry,Solutions,B,,,https://jason-shi-f9dm.squarespace.com/s/PUMaC2017_Geo_B_Solutions.pdf,pumac_pdfs/PUMaC_2017_Geometry_B_Solutions.pdf,mathpix_output/pumac_pdfs/PUMaC_2017_Geometry_B_Solutions.md,mathpix_output/pumac_pdfs/PUMaC_2017_Geometry_B_Solutions.tex.zip,2
PUMaC,2017,Live,Problems,,,,https://jason-shi-f9dm.squarespace.com/s/PUMaC2017_Live_Round.pdf,pumac_pdfs/PUMaC_2017_Live_Problems.pdf,mathpix_output/pumac_pdfs/PUMaC_2017_Live_Problems.md,mathpix_output/pumac_pdfs/PUMaC_2017_Live_Problems.tex.zip,4
PUMaC,2017,Live,Solutions,,,,https://jason-shi-f9dm.squarespace.com/s/PUMaC2017_Live_Solutions.pdf,pumac_pdfs/PUMaC_2017_Live_Solutions.pdf,mathpix_output/pumac_pdfs/PUMaC_2017_Live_Solutions.md,mathpix_output/pumac_pdfs/PUMaC_2017_Live_Solutions.tex.zip,9
PUMaC,2017,NumberTheory,Problems,B,,,https://jason-shi-f9dm.squarespace.com/s/PUMaC2017_NT_B.pdf,pumac_pdfs/PUMaC_2017_NumberTheory_B_Problems.pdf,mathpix_output/pumac_pdfs/PUMaC_2017_NumberTheory_B_Problems.md,mathpix_output/pumac_pdfs/PUMaC_2017_NumberTheory_B_Problems.tex.zip,1
PUMaC,2017,NumberTheory,Problems,A,,,https://jason-shi-f9dm.squarespace.com/s/PUMaC2017_NT_A.pdf,pumac_pdfs/PUMaC_2017_NumberTheory_A_Problems.pdf,mathpix_output/pumac_pdfs/PUMaC_2017_NumberTheory_A_Problems.md,mathpix_output/pumac_pdfs/PUMaC_2017_NumberTheory_A_Problems.tex.zip,1
PUMaC,2017,NumberTheory,Solutions,B,,,https://jason-shi-f9dm.squarespace.com/s/PUMaC2017_NT_B_Solutions.pdf,pumac_pdfs/PUMaC_2017_NumberTheory_B_Solutions.pdf,mathpix_output/pumac_pdfs/PUMaC_2017_NumberTheory_B_Solutions.md,mathpix_output/pumac_pdfs/PUMaC_2017_NumberTheory_B_Solutions.tex.zip,3
PUMaC,2017,NumberTheory,Solutions,A,,,https://jason-shi-f9dm.squarespace.com/s/PUMaC_2017_NT_A_SolRevised.pdf,pumac_pdfs/PUMaC_2017_NumberTheory_A_Solutions.pdf,mathpix_output/pumac_pdfs/PUMaC_2017_NumberTheory_A_Solutions.md,mathpix_output/pumac_pdfs/PUMaC_2017_NumberTheory_A_Solutions.tex.zip,4
PUMaC,2017,Power,Problems,,,,https://jason-shi-f9dm.squarespace.com/s/PUMaC2017_Power.pdf,pumac_pdfs/PUMaC_2017_Power_Problems.pdf,mathpix_output/pumac_pdfs/PUMaC_2017_Power_Problems.md,mathpix_output/pumac_pdfs/PUMaC_2017_Power_Problems.tex.zip,23
PUMaC,2017,Power,Solutions,,,,https://jason-shi-f9dm.squarespace.com/s/PUMaC2017_Power_Solutions.pdf,pumac_pdfs/PUMaC_2017_Power_Solutions.pdf,mathpix_output/pumac_pdfs/PUMaC_2017_Power_Solutions.md,mathpix_output/pumac_pdfs/PUMaC_2017_Power_Solutions.tex.zip,17
PUMaC,2017,Team,Problems,,,,https://jason-shi-f9dm.squarespace.com/s/PUMaC2017_Team_Round.pdf,pumac_pdfs/PUMaC_2017_Team_Problems.pdf,mathpix_output/pumac_pdfs/PUMaC_2017_Team_Problems.md,mathpix_output/pumac_pdfs/PUMaC_2017_Team_Problems.tex.zip,2
PUMaC,2017,Team,Solutions,,,,https://jason-shi-f9dm.squarespace.com/s/PUMaC2017_Team_Solutions.pdf,pumac_pdfs/PUMaC_2017_Team_Solutions.pdf,mathpix_output/pumac_pdfs/PUMaC_2017_Team_Solutions.md,mathpix_output/pumac_pdfs/PUMaC_2017_Team_Solutions.tex.zip,6
PUMaC,2016,Algebra,Problems,B,,,https://jason-shi-f9dm.squarespace.com/s/PUMaC2016_AlgebraB.pdf,pumac_pdfs/PUMaC_2016_Algebra_B_Problems.pdf,mathpix_output/pumac_pdfs/PUMaC_2016_Algebra_B_Problems.md,mathpix_output/pumac_pdfs/PUMaC_2016_Algebra_B_Problems.tex.zip,1
PUMaC,2016,Algebra,Problems,A,,,https://jason-shi-f9dm.squarespace.com/s/PUMaC2016_AlgebraA.pdf,pumac_pdfs/PUMaC_2016_Algebra_A_Problems.pdf,mathpix_output/pumac_pdfs/PUMaC_2016_Algebra_A_Problems.md,mathpix_output/pumac_pdfs/PUMaC_2016_Algebra_A_Problems.tex.zip,1
PUMaC,2016,Algebra,Solutions,A,,,https://jason-shi-f9dm.squarespace.com/s/PUMaC2016_AlgebraASol.pdf,pumac_pdfs/PUMaC_2016_Algebra_A_Solutions.pdf,mathpix_output/pumac_pdfs/PUMaC_2016_Algebra_A_Solutions.md,mathpix_output/pumac_pdfs/PUMaC_2016_Algebra_A_Solutions.tex.zip,2
PUMaC,2016,Algebra,Solutions,B,,,https://jason-shi-f9dm.squarespace.com/s/PUMaC2016_AlgebraBSol.pdf,pumac_pdfs/PUMaC_2016_Algebra_B_Solutions.pdf,mathpix_output/pumac_pdfs/PUMaC_2016_Algebra_B_Solutions.md,mathpix_output/pumac_pdfs/PUMaC_2016_Algebra_B_Solutions.tex.zip,2
PUMaC,2016,Combinatorics,Problems,A,,,https://jason-shi-f9dm.squarespace.com/s/PUMaC2016_CombinatoricsA.pdf,pumac_pdfs/PUMaC_2016_Combinatorics_A_Problems.pdf,mathpix_output/pumac_pdfs/PUMaC_2016_Combinatorics_A_Problems.md,mathpix_output/pumac_pdfs/PUMaC_2016_Combinatorics_A_Problems.tex.zip,1
PUMaC,2016,Combinatorics,Problems,B,,,https://jason-shi-f9dm.squarespace.com/s/PUMaC2016_CombinatoricsB.pdf,pumac_pdfs/PUMaC_2016_Combinatorics_B_Problems.pdf,mathpix_output/pumac_pdfs/PUMaC_2016_Combinatorics_B_Problems.md,mathpix_output/pumac_pdfs/PUMaC_2016_Combinatorics_B_Problems.tex.zip,1
PUMaC,2016,Combinatorics,Solutions,B,,,https://jason-shi-f9dm.squarespace.com/s/PUMaC2016_CombinatoricsBSol.pdf,pumac_pdfs/PUMaC_2016_Combinatorics_B_Solutions.pdf,mathpix_output/pumac_pdfs/PUMaC_2016_Combinatorics_B_Solutions.md,mathpix_output/pumac_pdfs/PUMaC_2016_Combinatorics_B_Solutions.tex.zip,2
PUMaC,2016,Combinatorics,Solutions,A,,,https://jason-shi-f9dm.squarespace.com/s/PUMaC2016_CombinatoricsASol.pdf,pumac_pdfs/PUMaC_2016_Combinatorics_A_Solutions.pdf,mathpix_output/pumac_pdfs/PUMaC_2016_Combinatorics_A_Solutions.md,mathpix_output/pumac_pdfs/PUMaC_2016_Combinatorics_A_Solutions.tex.zip,3
PUMaC,2016,Finals,Problems,A,,,https://jason-shi-f9dm.squarespace.com/s/PUMaC2016_FinalsA.pdf,pumac_pdfs/PUMaC_2016_Finals_A_Problems.pdf,mathpix_output/pumac_pdfs/PUMaC_2016_Finals_A_Problems.md,mathpix_output/pumac_pdfs/PUMaC_2016_Finals_A_Problems.tex.zip,1
PUMaC,2016,Finals,Problems,B,,,https://jason-shi-f9dm.squarespace.com/s/PUMaC2016_FinalsB.pdf,pumac_pdfs/PUMaC_2016_Finals_B_Problems.pdf,mathpix_output/pumac_pdfs/PUMaC_2016_Finals_B_Problems.md,mathpix_output/pumac_pdfs/PUMaC_2016_Finals_B_Problems.tex.zip,1
PUMaC,2016,Finals,Solutions,A,,,https://jason-shi-f9dm.squarespace.com/s/PUMaC2016_FinalsASol.pdf,pumac_pdfs/PUMaC_2016_Finals_A_Solutions.pdf,mathpix_output/pumac_pdfs/PUMaC_2016_Finals_A_Solutions.md,mathpix_output/pumac_pdfs/PUMaC_2016_Finals_A_Solutions.tex.zip,2
PUMaC,2016,Finals,Solutions,B,,,https://jason-shi-f9dm.squarespace.com/s/PUMaC2016_FinalsBSol.pdf,pumac_pdfs/PUMaC_2016_Finals_B_Solutions.pdf,mathpix_output/pumac_pdfs/PUMaC_2016_Finals_B_Solutions.md,mathpix_output/pumac_pdfs/PUMaC_2016_Finals_B_Solutions.tex.zip,1
PUMaC,2016,Geometry,Problems,A,,,https://jason-shi-f9dm.squarespace.com/s/PUMaC2016_GeometryA.pdf,pumac_pdfs/PUMaC_2016_Geometry_A_Problems.pdf,mathpix_output/pumac_pdfs/PUMaC_2016_Geometry_A_Problems.md,mathpix_output/pumac_pdfs/PUMaC_2016_Geometry_A_Problems.tex.zip,1
PUMaC,2016,Geometry,Problems,B,,,https://jason-shi-f9dm.squarespace.com/s/PUMaC2016_GeometryB.pdf,pumac_pdfs/PUMaC_2016_Geometry_B_Problems.pdf,mathpix_output/pumac_pdfs/PUMaC_2016_Geometry_B_Problems.md,mathpix_output/pumac_pdfs/PUMaC_2016_Geometry_B_Problems.tex.zip,1
PUMaC,2016,Geometry,Solutions,B,,,https://jason-shi-f9dm.squarespace.com/s/PUMaC2016_GeometryBSol.pdf,pumac_pdfs/PUMaC_2016_Geometry_B_Solutions.pdf,mathpix_output/pumac_pdfs/PUMaC_2016_Geometry_B_Solutions.md,mathpix_output/pumac_pdfs/PUMaC_2016_Geometry_B_Solutions.tex.zip,3
PUMaC,2016,Geometry,Solutions,A,,,https://jason-shi-f9dm.squarespace.com/s/PUMaC2016_GeometryASol.pdf,pumac_pdfs/PUMaC_2016_Geometry_A_Solutions.pdf,mathpix_output/pumac_pdfs/PUMaC_2016_Geometry_A_Solutions.md,mathpix_output/pumac_pdfs/PUMaC_2016_Geometry_A_Solutions.tex.zip,3
PUMaC,2016,Live,Problems,,,,https://jason-shi-f9dm.squarespace.com/s/PUMaC2016_Live_Round.pdf,pumac_pdfs/PUMaC_2016_Live_Problems.pdf,mathpix_output/pumac_pdfs/PUMaC_2016_Live_Problems.md,mathpix_output/pumac_pdfs/PUMaC_2016_Live_Problems.tex.zip,7
PUMaC,2016,Live,Solutions,,,,https://jason-shi-f9dm.squarespace.com/s/PUMaC2016_Live_Round_Answers.pdf,pumac_pdfs/PUMaC_2016_Live_Solutions.pdf,mathpix_output/pumac_pdfs/PUMaC_2016_Live_Solutions.md,mathpix_output/pumac_pdfs/PUMaC_2016_Live_Solutions.tex.zip,1
PUMaC,2016,NumberTheory,Problems,B,,,https://jason-shi-f9dm.squarespace.com/s/PUMaC2016_NumberTheoryB.pdf,pumac_pdfs/PUMaC_2016_NumberTheory_B_Problems.pdf,mathpix_output/pumac_pdfs/PUMaC_2016_NumberTheory_B_Problems.md,mathpix_output/pumac_pdfs/PUMaC_2016_NumberTheory_B_Problems.tex.zip,1
PUMaC,2016,NumberTheory,Problems,A,,,https://jason-shi-f9dm.squarespace.com/s/PUMaC2016_NumberTheoryA.pdf,pumac_pdfs/PUMaC_2016_NumberTheory_A_Problems.pdf,mathpix_output/pumac_pdfs/PUMaC_2016_NumberTheory_A_Problems.md,mathpix_output/pumac_pdfs/PUMaC_2016_NumberTheory_A_Problems.tex.zip,1
PUMaC,2016,NumberTheory,Solutions,A,,,https://jason-shi-f9dm.squarespace.com/s/PUMaC2016_NumberTheoryASol.pdf,pumac_pdfs/PUMaC_2016_NumberTheory_A_Solutions.pdf,mathpix_output/pumac_pdfs/PUMaC_2016_NumberTheory_A_Solutions.md,mathpix_output/pumac_pdfs/PUMaC_2016_NumberTheory_A_Solutions.tex.zip,3
PUMaC,2016,NumberTheory,Solutions,B,,,https://jason-shi-f9dm.squarespace.com/s/PUMaC2016_NumberTheoryBSol.pdf,pumac_pdfs/PUMaC_2016_NumberTheory_B_Solutions.pdf,mathpix_output/pumac_pdfs/PUMaC_2016_NumberTheory_B_Solutions.md,mathpix_output/pumac_pdfs/PUMaC_2016_NumberTheory_B_Solutions.tex.zip,2
PUMaC,2016,Power,Problems,,,,https://jason-shi-f9dm.squarespace.com/s/PUMaC2016_Power.pdf,pumac_pdfs/PUMaC_2016_Power_Problems.pdf,mathpix_output/pumac_pdfs/PUMaC_2016_Power_Problems.md,mathpix_output/pumac_pdfs/PUMaC_2016_Power_Problems.tex.zip,22
PUMaC,2016,Power,Solutions,,,,https://jason-shi-f9dm.squarespace.com/s/PUMaC2016_PowerSol-n7bg.pdf,pumac_pdfs/PUMaC_2016_Power_Solutions.pdf,mathpix_output/pumac_pdfs/PUMaC_2016_Power_Solutions.md,mathpix_output/pumac_pdfs/PUMaC_2016_Power_Solutions.tex.zip,16
PUMaC,2016,Team,Problems,,,,https://jason-shi-f9dm.squarespace.com/s/PUMaC2016_Team.pdf,pumac_pdfs/PUMaC_2016_Team_Problems.pdf,mathpix_output/pumac_pdfs/PUMaC_2016_Team_Problems.md,mathpix_output/pumac_pdfs/PUMaC_2016_Team_Problems.tex.zip,3
PUMaC,2016,Team,Solutions,,,,https://jason-shi-f9dm.squarespace.com/s/PUMaC2016_TeamSol.pdf,pumac_pdfs/PUMaC_2016_Team_Solutions.pdf,mathpix_output/pumac_pdfs/PUMaC_2016_Team_Solutions.md,mathpix_output/pumac_pdfs/PUMaC_2016_Team_Solutions.tex.zip,4
PUMaC,2015,Algebra,Problems,B,,,https://jason-shi-f9dm.squarespace.com/s/PUMaC2015_AlgebraB.pdf,pumac_pdfs/PUMaC_2015_Algebra_B_Problems.pdf,mathpix_output/pumac_pdfs/PUMaC_2015_Algebra_B_Problems.md,mathpix_output/pumac_pdfs/PUMaC_2015_Algebra_B_Problems.tex.zip,1
PUMaC,2015,Algebra,Problems,A,,,https://jason-shi-f9dm.squarespace.com/s/PUMaC2015_AlgebraA.pdf,pumac_pdfs/PUMaC_2015_Algebra_A_Problems.pdf,mathpix_output/pumac_pdfs/PUMaC_2015_Algebra_A_Problems.md,mathpix_output/pumac_pdfs/PUMaC_2015_Algebra_A_Problems.tex.zip,1
PUMaC,2015,Algebra,Solutions,B,,,https://jason-shi-f9dm.squarespace.com/s/PUMaC2015_AlgebraBSol.pdf,pumac_pdfs/PUMaC_2015_Algebra_B_Solutions.pdf,mathpix_output/pumac_pdfs/PUMaC_2015_Algebra_B_Solutions.md,mathpix_output/pumac_pdfs/PUMaC_2015_Algebra_B_Solutions.tex.zip,3
PUMaC,2015,Algebra,Solutions,A,,,https://jason-shi-f9dm.squarespace.com/s/PUMaC2015_AlgebraASol.pdf,pumac_pdfs/PUMaC_2015_Algebra_A_Solutions.pdf,mathpix_output/pumac_pdfs/PUMaC_2015_Algebra_A_Solutions.md,mathpix_output/pumac_pdfs/PUMaC_2015_Algebra_A_Solutions.tex.zip,4
PUMaC,2015,Combinatorics,Problems,A,,,https://jason-shi-f9dm.squarespace.com/s/PUMaC2015_CombinatoricsA.pdf,pumac_pdfs/PUMaC_2015_Combinatorics_A_Problems.pdf,mathpix_output/pumac_pdfs/PUMaC_2015_Combinatorics_A_Problems.md,mathpix_output/pumac_pdfs/PUMaC_2015_Combinatorics_A_Problems.tex.zip,1
PUMaC,2015,Combinatorics,Problems,B,,,https://jason-shi-f9dm.squarespace.com/s/PUMaC2015_CombinatoricsB.pdf,pumac_pdfs/PUMaC_2015_Combinatorics_B_Problems.pdf,mathpix_output/pumac_pdfs/PUMaC_2015_Combinatorics_B_Problems.md,mathpix_output/pumac_pdfs/PUMaC_2015_Combinatorics_B_Problems.tex.zip,1
PUMaC,2015,Combinatorics,Solutions,A,,,https://jason-shi-f9dm.squarespace.com/s/PUMaC2015_CombinatoricsASol.pdf,pumac_pdfs/PUMaC_2015_Combinatorics_A_Solutions.pdf,mathpix_output/pumac_pdfs/PUMaC_2015_Combinatorics_A_Solutions.md,mathpix_output/pumac_pdfs/PUMaC_2015_Combinatorics_A_Solutions.tex.zip,6
PUMaC,2015,Combinatorics,Solutions,B,,,https://jason-shi-f9dm.squarespace.com/s/PUMaC2015_CombinatoricsBSol.pdf,pumac_pdfs/PUMaC_2015_Combinatorics_B_Solutions.pdf,mathpix_output/pumac_pdfs/PUMaC_2015_Combinatorics_B_Solutions.md,mathpix_output/pumac_pdfs/PUMaC_2015_Combinatorics_B_Solutions.tex.zip,4
PUMaC,2015,Finals,Problems,B,,,https://jason-shi-f9dm.squarespace.com/s/PUMaC2015_FinalsB.pdf,pumac_pdfs/PUMaC_2015_Finals_B_Problems.pdf,mathpix_output/pumac_pdfs/PUMaC_2015_Finals_B_Problems.md,mathpix_output/pumac_pdfs/PUMaC_2015_Finals_B_Problems.tex.zip,1
PUMaC,2015,Finals,Problems,A,,,https://jason-shi-f9dm.squarespace.com/s/PUMaC2015_FinalsA.pdf,pumac_pdfs/PUMaC_2015_Finals_A_Problems.pdf,mathpix_output/pumac_pdfs/PUMaC_2015_Finals_A_Problems.md,mathpix_output/pumac_pdfs/PUMaC_2015_Finals_A_Problems.tex.zip,1
PUMaC,2015,Finals,Solutions,B,,,https://jason-shi-f9dm.squarespace.com/s/PUMaC2015_FinalsBSol.pdf,pumac_pdfs/PUMaC_2015_Finals_B_Solutions.pdf,mathpix_output/pumac_pdfs/PUMaC_2015_Finals_B_Solutions.md,mathpix_output/pumac_pdfs/PUMaC_2015_Finals_B_Solutions.tex.zip,2
PUMaC,2015,Finals,Solutions,A,,,https://jason-shi-f9dm.squarespace.com/s/PUMaC2015_FinalsASol.pdf,pumac_pdfs/PUMaC_2015_Finals_A_Solutions.pdf,mathpix_output/pumac_pdfs/PUMaC_2015_Finals_A_Solutions.md,mathpix_output/pumac_pdfs/PUMaC_2015_Finals_A_Solutions.tex.zip,3
PUMaC,2015,Geometry,Problems,A,,,https://jason-shi-f9dm.squarespace.com/s/PUMaC2015_GeometryA.pdf,pumac_pdfs/PUMaC_2015_Geometry_A_Problems.pdf,mathpix_output/pumac_pdfs/PUMaC_2015_Geometry_A_Problems.md,mathpix_output/pumac_pdfs/PUMaC_2015_Geometry_A_Problems.tex.zip,1
PUMaC,2015,Geometry,Problems,B,,,https://jason-shi-f9dm.squarespace.com/s/PUMaC2015_GeometryB.pdf,pumac_pdfs/PUMaC_2015_Geometry_B_Problems.pdf,mathpix_output/pumac_pdfs/PUMaC_2015_Geometry_B_Problems.md,mathpix_output/pumac_pdfs/PUMaC_2015_Geometry_B_Problems.tex.zip,2
PUMaC,2015,Geometry,Solutions,A,,,https://jason-shi-f9dm.squarespace.com/s/PUMaC2015_GeometryASol.pdf,pumac_pdfs/PUMaC_2015_Geometry_A_Solutions.pdf,mathpix_output/pumac_pdfs/PUMaC_2015_Geometry_A_Solutions.md,mathpix_output/pumac_pdfs/PUMaC_2015_Geometry_A_Solutions.tex.zip,6
PUMaC,2015,Geometry,Solutions,B,,,https://jason-shi-f9dm.squarespace.com/s/PUMaC2015_GeometryBSol.pdf,pumac_pdfs/PUMaC_2015_Geometry_B_Solutions.pdf,mathpix_output/pumac_pdfs/PUMaC_2015_Geometry_B_Solutions.md,mathpix_output/pumac_pdfs/PUMaC_2015_Geometry_B_Solutions.tex.zip,5
PUMaC,2015,NumberTheory,Problems,A,,,https://jason-shi-f9dm.squarespace.com/s/PUMaC2015_NumberTheoryA.pdf,pumac_pdfs/PUMaC_2015_NumberTheory_A_Problems.pdf,mathpix_output/pumac_pdfs/PUMaC_2015_NumberTheory_A_Problems.md,mathpix_output/pumac_pdfs/PUMaC_2015_NumberTheory_A_Problems.tex.zip,1
PUMaC,2015,NumberTheory,Problems,B,,,https://jason-shi-f9dm.squarespace.com/s/PUMaC2015_NumberTheoryB.pdf,pumac_pdfs/PUMaC_2015_NumberTheory_B_Problems.pdf,mathpix_output/pumac_pdfs/PUMaC_2015_NumberTheory_B_Problems.md,mathpix_output/pumac_pdfs/PUMaC_2015_NumberTheory_B_Problems.tex.zip,1
PUMaC,2015,NumberTheory,Solutions,B,,,https://jason-shi-f9dm.squarespace.com/s/PUMaC2015_NumberTheoryBSol.pdf,pumac_pdfs/PUMaC_2015_NumberTheory_B_Solutions.pdf,mathpix_output/pumac_pdfs/PUMaC_2015_NumberTheory_B_Solutions.md,mathpix_output/pumac_pdfs/PUMaC_2015_NumberTheory_B_Solutions.tex.zip,3
PUMaC,2015,NumberTheory,Solutions,A,,,https://jason-shi-f9dm.squarespace.com/s/PUMaC2015_NumberTheoryASol-wes5.pdf,pumac_pdfs/PUMaC_2015_NumberTheory_A_Solutions.pdf,mathpix_output/pumac_pdfs/PUMaC_2015_NumberTheory_A_Solutions.md,mathpix_output/pumac_pdfs/PUMaC_2015_NumberTheory_A_Solutions.tex.zip,5
PUMaC,2015,Power,Problems,,,,https://jason-shi-f9dm.squarespace.com/s/PUMaC2015_Power.pdf,pumac_pdfs/PUMaC_2015_Power_Problems.pdf,mathpix_output/pumac_pdfs/PUMaC_2015_Power_Problems.md,mathpix_output/pumac_pdfs/PUMaC_2015_Power_Problems.tex.zip,22
PUMaC,2015,Power,Solutions,,,,https://jason-shi-f9dm.squarespace.com/s/PUMaC2015_PowerwithSol.pdf,pumac_pdfs/PUMaC_2015_Power_Solutions.pdf,mathpix_output/pumac_pdfs/PUMaC_2015_Power_Solutions.md,mathpix_output/pumac_pdfs/PUMaC_2015_Power_Solutions.tex.zip,37
PUMaC,2015,Team,Problems,,,,https://jason-shi-f9dm.squarespace.com/s/PUMaC2015_Team.pdf,pumac_pdfs/PUMaC_2015_Team_Problems.pdf,mathpix_output/pumac_pdfs/PUMaC_2015_Team_Problems.md,mathpix_output/pumac_pdfs/PUMaC_2015_Team_Problems.tex.zip,3
PUMaC,2015,Team,Solutions,,,,https://jason-shi-f9dm.squarespace.com/s/PUMaC2015_TeamSol.pdf,pumac_pdfs/PUMaC_2015_Team_Solutions.pdf,mathpix_output/pumac_pdfs/PUMaC_2015_Team_Solutions.md,mathpix_output/pumac_pdfs/PUMaC_2015_Team_Solutions.tex.zip,9
PUMaC,2014,Algebra,Problems,B,,,https://jason-shi-f9dm.squarespace.com/s/PUMaC2014_AlgebraB.pdf,pumac_pdfs/PUMaC_2014_Algebra_B_Problems.pdf,mathpix_output/pumac_pdfs/PUMaC_2014_Algebra_B_Problems.md,mathpix_output/pumac_pdfs/PUMaC_2014_Algebra_B_Problems.tex.zip,1
PUMaC,2014,Algebra,Problems,A,,,https://jason-shi-f9dm.squarespace.com/s/PUMaC2014_AlgebraA.pdf,pumac_pdfs/PUMaC_2014_Algebra_A_Problems.pdf,mathpix_output/pumac_pdfs/PUMaC_2014_Algebra_A_Problems.md,mathpix_output/pumac_pdfs/PUMaC_2014_Algebra_A_Problems.tex.zip,1
PUMaC,2014,Algebra,Solutions,A,,,https://jason-shi-f9dm.squarespace.com/s/PUMaC2014_AlgebraASol.pdf,pumac_pdfs/PUMaC_2014_Algebra_A_Solutions.pdf,mathpix_output/pumac_pdfs/PUMaC_2014_Algebra_A_Solutions.md,mathpix_output/pumac_pdfs/PUMaC_2014_Algebra_A_Solutions.tex.zip,3
PUMaC,2014,Algebra,Solutions,B,,,https://jason-shi-f9dm.squarespace.com/s/PUMaC2014_AlgebraBSol.pdf,pumac_pdfs/PUMaC_2014_Algebra_B_Solutions.pdf,mathpix_output/pumac_pdfs/PUMaC_2014_Algebra_B_Solutions.md,mathpix_output/pumac_pdfs/PUMaC_2014_Algebra_B_Solutions.tex.zip,3
PUMaC,2014,Combinatorics,Problems,B,,,https://jason-shi-f9dm.squarespace.com/s/PUMaC2014_CombinatoricsB.pdf,pumac_pdfs/PUMaC_2014_Combinatorics_B_Problems.pdf,mathpix_output/pumac_pdfs/PUMaC_2014_Combinatorics_B_Problems.md,mathpix_output/pumac_pdfs/PUMaC_2014_Combinatorics_B_Problems.tex.zip,1
PUMaC,2014,Combinatorics,Problems,A,,,https://jason-shi-f9dm.squarespace.com/s/PUMaC2014_CombinatoricsA.pdf,pumac_pdfs/PUMaC_2014_Combinatorics_A_Problems.pdf,mathpix_output/pumac_pdfs/PUMaC_2014_Combinatorics_A_Problems.md,mathpix_output/pumac_pdfs/PUMaC_2014_Combinatorics_A_Problems.tex.zip,1
PUMaC,2014,Combinatorics,Solutions,A,,,https://jason-shi-f9dm.squarespace.com/s/PUMaC2014_CombinatoricsASol.pdf,pumac_pdfs/PUMaC_2014_Combinatorics_A_Solutions.pdf,mathpix_output/pumac_pdfs/PUMaC_2014_Combinatorics_A_Solutions.md,mathpix_output/pumac_pdfs/PUMaC_2014_Combinatorics_A_Solutions.tex.zip,6
PUMaC,2014,Combinatorics,Solutions,B,,,https://jason-shi-f9dm.squarespace.com/s/PUMaC2014_CombinatoricsBSol.pdf,pumac_pdfs/PUMaC_2014_Combinatorics_B_Solutions.pdf,mathpix_output/pumac_pdfs/PUMaC_2014_Combinatorics_B_Solutions.md,mathpix_output/pumac_pdfs/PUMaC_2014_Combinatorics_B_Solutions.tex.zip,4
PUMaC,2014,Finals,Problems,A,,,https://jason-shi-f9dm.squarespace.com/s/PUMaC2014_FinalsA.pdf,pumac_pdfs/PUMaC_2014_Finals_A_Problems.pdf,mathpix_output/pumac_pdfs/PUMaC_2014_Finals_A_Problems.md,mathpix_output/pumac_pdfs/PUMaC_2014_Finals_A_Problems.tex.zip,1
PUMaC,2014,Finals,Problems,B,,,https://jason-shi-f9dm.squarespace.com/s/PUMaC2014_FinalsB.pdf,pumac_pdfs/PUMaC_2014_Finals_B_Problems.pdf,mathpix_output/pumac_pdfs/PUMaC_2014_Finals_B_Problems.md,mathpix_output/pumac_pdfs/PUMaC_2014_Finals_B_Problems.tex.zip,1
PUMaC,2014,Finals,Solutions,A,,,https://jason-shi-f9dm.squarespace.com/s/PUMaC2014_FinalsASol.pdf,pumac_pdfs/PUMaC_2014_Finals_A_Solutions.pdf,mathpix_output/pumac_pdfs/PUMaC_2014_Finals_A_Solutions.md,mathpix_output/pumac_pdfs/PUMaC_2014_Finals_A_Solutions.tex.zip,4
PUMaC,2014,Finals,Solutions,B,,,https://jason-shi-f9dm.squarespace.com/s/PUMaC2014_FinalsBSol.pdf,pumac_pdfs/PUMaC_2014_Finals_B_Solutions.pdf,mathpix_output/pumac_pdfs/PUMaC_2014_Finals_B_Solutions.md,mathpix_output/pumac_pdfs/PUMaC_2014_Finals_B_Solutions.tex.zip,4
PUMaC,2014,Geometry,Problems,B,,,https://jason-shi-f9dm.squarespace.com/s/PUMaC2014_GeometryB.pdf,pumac_pdfs/PUMaC_2014_Geometry_B_Problems.pdf,mathpix_output/pumac_pdfs/PUMaC_2014_Geometry_B_Problems.md,mathpix_output/pumac_pdfs/PUMaC_2014_Geometry_B_Problems.tex.zip,1
PUMaC,2014,Geometry,Problems,A,,,https://jason-shi-f9dm.squarespace.com/s/PUMaC2014_GeometryA.pdf,pumac_pdfs/PUMaC_2014_Geometry_A_Problems.pdf,mathpix_output/pumac_pdfs/PUMaC_2014_Geometry_A_Problems.md,mathpix_output/pumac_pdfs/PUMaC_2014_Geometry_A_Problems.tex.zip,1
PUMaC,2014,Geometry,Solutions,B,,,https://jason-shi-f9dm.squarespace.com/s/PUMaC2014_GeometryBSol.pdf,pumac_pdfs/PUMaC_2014_Geometry_B_Solutions.pdf,mathpix_output/pumac_pdfs/PUMaC_2014_Geometry_B_Solutions.md,mathpix_output/pumac_pdfs/PUMaC_2014_Geometry_B_Solutions.tex.zip,4
PUMaC,2014,Geometry,Solutions,A,,,https://jason-shi-f9dm.squarespace.com/s/PUMaC2014_GeometryASol.pdf,pumac_pdfs/PUMaC_2014_Geometry_A_Solutions.pdf,mathpix_output/pumac_pdfs/PUMaC_2014_Geometry_A_Solutions.md,mathpix_output/pumac_pdfs/PUMaC_2014_Geometry_A_Solutions.tex.zip,3
PUMaC,2014,NumberTheory,Problems,A,,,https://jason-shi-f9dm.squarespace.com/s/PUMaC2014_NumberTheoryA.pdf,pumac_pdfs/PUMaC_2014_NumberTheory_A_Problems.pdf,mathpix_output/pumac_pdfs/PUMaC_2014_NumberTheory_A_Problems.md,mathpix_output/pumac_pdfs/PUMaC_2014_NumberTheory_A_Problems.tex.zip,1
PUMaC,2014,NumberTheory,Problems,B,,,https://jason-shi-f9dm.squarespace.com/s/PUMaC2014_NumberTheoryB.pdf,pumac_pdfs/PUMaC_2014_NumberTheory_B_Problems.pdf,mathpix_output/pumac_pdfs/PUMaC_2014_NumberTheory_B_Problems.md,mathpix_output/pumac_pdfs/PUMaC_2014_NumberTheory_B_Problems.tex.zip,1
PUMaC,2014,NumberTheory,Solutions,A,,,https://jason-shi-f9dm.squarespace.com/s/PUMaC2014_NumberTheoryASol.pdf,pumac_pdfs/PUMaC_2014_NumberTheory_A_Solutions.pdf,mathpix_output/pumac_pdfs/PUMaC_2014_NumberTheory_A_Solutions.md,mathpix_output/pumac_pdfs/PUMaC_2014_NumberTheory_A_Solutions.tex.zip,3
PUMaC,2014,NumberTheory,Solutions,B,,,https://jason-shi-f9dm.squarespace.com/s/PUMaC2014_NumberTheoryBSol.pdf,pumac_pdfs/PUMaC_2014_NumberTheory_B_Solutions.pdf,mathpix_output/pumac_pdfs/PUMaC_2014_NumberTheory_B_Solutions.md,mathpix_output/pumac_pdfs/PUMaC_2014_NumberTheory_B_Solutions.tex.zip,3
PUMaC,2014,Power,Problems,,,,https://jason-shi-f9dm.squarespace.com/s/PUMaC2014_Power.pdf,pumac_pdfs/PUMaC_2014_Power_Problems.pdf,mathpix_output/pumac_pdfs/PUMaC_2014_Power_Problems.md,mathpix_output/pumac_pdfs/PUMaC_2014_Power_Problems.tex.zip,10
PUMaC,2014,Team,Problems,,,,https://jason-shi-f9dm.squarespace.com/s/PUMaC2014_Team.pdf,pumac_pdfs/PUMaC_2014_Team_Problems.pdf,mathpix_output/pumac_pdfs/PUMaC_2014_Team_Problems.md,mathpix_output/pumac_pdfs/PUMaC_2014_Team_Problems.tex.zip,4
PUMaC,2014,Team,Solutions,,,,https://jason-shi-f9dm.squarespace.com/s/PUMaC2014_TeamSol-5kme.pdf,pumac_pdfs/PUMaC_2014_Team_Solutions.pdf,mathpix_output/pumac_pdfs/PUMaC_2014_Team_Solutions.md,mathpix_output/pumac_pdfs/PUMaC_2014_Team_Solutions.tex.zip,6
PUMaC,2013,Algebra,Problems,B,,,https://jason-shi-f9dm.squarespace.com/s/PUMaC2013_AlgebraB.pdf,pumac_pdfs/PUMaC_2013_Algebra_B_Problems.pdf,mathpix_output/pumac_pdfs/PUMaC_2013_Algebra_B_Problems.md,mathpix_output/pumac_pdfs/PUMaC_2013_Algebra_B_Problems.tex.zip,1
PUMaC,2013,Algebra,Problems,A,,,https://jason-shi-f9dm.squarespace.com/s/PUMaC2013_AlgebraA.pdf,pumac_pdfs/PUMaC_2013_Algebra_A_Problems.pdf,mathpix_output/pumac_pdfs/PUMaC_2013_Algebra_A_Problems.md,mathpix_output/pumac_pdfs/PUMaC_2013_Algebra_A_Problems.tex.zip,1
PUMaC,2013,Algebra,Solutions,A,,,https://jason-shi-f9dm.squarespace.com/s/PUMaC2013_AlgebraASol.pdf,pumac_pdfs/PUMaC_2013_Algebra_A_Solutions.pdf,mathpix_output/pumac_pdfs/PUMaC_2013_Algebra_A_Solutions.md,mathpix_output/pumac_pdfs/PUMaC_2013_Algebra_A_Solutions.tex.zip,7
PUMaC,2013,Algebra,Solutions,B,,,https://jason-shi-f9dm.squarespace.com/s/PUMaC2013_AlgebraBSol.pdf,pumac_pdfs/PUMaC_2013_Algebra_B_Solutions.pdf,mathpix_output/pumac_pdfs/PUMaC_2013_Algebra_B_Solutions.md,mathpix_output/pumac_pdfs/PUMaC_2013_Algebra_B_Solutions.tex.zip,6
PUMaC,2013,Combinatorics,Problems,A,,,https://jason-shi-f9dm.squarespace.com/s/PUMaC2013_CombinatoricsA.pdf,pumac_pdfs/PUMaC_2013_Combinatorics_A_Problems.pdf,mathpix_output/pumac_pdfs/PUMaC_2013_Combinatorics_A_Problems.md,mathpix_output/pumac_pdfs/PUMaC_2013_Combinatorics_A_Problems.tex.zip,1
PUMaC,2013,Combinatorics,Problems,B,,,https://jason-shi-f9dm.squarespace.com/s/PUMaC2013_CombinatoricsB.pdf,pumac_pdfs/PUMaC_2013_Combinatorics_B_Problems.pdf,mathpix_output/pumac_pdfs/PUMaC_2013_Combinatorics_B_Problems.md,mathpix_output/pumac_pdfs/PUMaC_2013_Combinatorics_B_Problems.tex.zip,1
PUMaC,2013,Combinatorics,Solutions,B,,,https://jason-shi-f9dm.squarespace.com/s/PUMaC2013_CombinatoricsBSol.pdf,pumac_pdfs/PUMaC_2013_Combinatorics_B_Solutions.pdf,mathpix_output/pumac_pdfs/PUMaC_2013_Combinatorics_B_Solutions.md,mathpix_output/pumac_pdfs/PUMaC_2013_Combinatorics_B_Solutions.tex.zip,2
PUMaC,2013,Combinatorics,Solutions,A,,,https://jason-shi-f9dm.squarespace.com/s/PUMaC2013_CombinatoricsASol.pdf,pumac_pdfs/PUMaC_2013_Combinatorics_A_Solutions.pdf,mathpix_output/pumac_pdfs/PUMaC_2013_Combinatorics_A_Solutions.md,mathpix_output/pumac_pdfs/PUMaC_2013_Combinatorics_A_Solutions.tex.zip,3
PUMaC,2013,Finals,Problems,B,,,https://jason-shi-f9dm.squarespace.com/s/PUMaC2013_FinalsB.pdf,pumac_pdfs/PUMaC_2013_Finals_B_Problems.pdf,mathpix_output/pumac_pdfs/PUMaC_2013_Finals_B_Problems.md,mathpix_output/pumac_pdfs/PUMaC_2013_Finals_B_Problems.tex.zip,1
PUMaC,2013,Finals,Problems,A,,,https://jason-shi-f9dm.squarespace.com/s/PUMaC2013_FinalsA.pdf,pumac_pdfs/PUMaC_2013_Finals_A_Problems.pdf,mathpix_output/pumac_pdfs/PUMaC_2013_Finals_A_Problems.md,mathpix_output/pumac_pdfs/PUMaC_2013_Finals_A_Problems.tex.zip,1
PUMaC,2013,Finals,Solutions,A,,,https://jason-shi-f9dm.squarespace.com/s/PUMaC2013_FinalsASol.pdf,pumac_pdfs/PUMaC_2013_Finals_A_Solutions.pdf,mathpix_output/pumac_pdfs/PUMaC_2013_Finals_A_Solutions.md,mathpix_output/pumac_pdfs/PUMaC_2013_Finals_A_Solutions.tex.zip,2
PUMaC,2013,Finals,Solutions,B,,,https://jason-shi-f9dm.squarespace.com/s/PUMaC2013_FinalsBSol.pdf,pumac_pdfs/PUMaC_2013_Finals_B_Solutions.pdf,mathpix_output/pumac_pdfs/PUMaC_2013_Finals_B_Solutions.md,mathpix_output/pumac_pdfs/PUMaC_2013_Finals_B_Solutions.tex.zip,2
PUMaC,2013,Geometry,Problems,B,,,https://jason-shi-f9dm.squarespace.com/s/PUMaC2013_GeometryB.pdf,pumac_pdfs/PUMaC_2013_Geometry_B_Problems.pdf,mathpix_output/pumac_pdfs/PUMaC_2013_Geometry_B_Problems.md,mathpix_output/pumac_pdfs/PUMaC_2013_Geometry_B_Problems.tex.zip,1
PUMaC,2013,Geometry,Problems,A,,,https://jason-shi-f9dm.squarespace.com/s/PUMaC2013_GeometryA.pdf,pumac_pdfs/PUMaC_2013_Geometry_A_Problems.pdf,mathpix_output/pumac_pdfs/PUMaC_2013_Geometry_A_Problems.md,mathpix_output/pumac_pdfs/PUMaC_2013_Geometry_A_Problems.tex.zip,1
PUMaC,2013,Geometry,Solutions,A,,,https://jason-shi-f9dm.squarespace.com/s/PUMaC2013_GeometryASol.pdf,pumac_pdfs/PUMaC_2013_Geometry_A_Solutions.pdf,mathpix_output/pumac_pdfs/PUMaC_2013_Geometry_A_Solutions.md,mathpix_output/pumac_pdfs/PUMaC_2013_Geometry_A_Solutions.tex.zip,3
PUMaC,2013,Geometry,Solutions,B,,,https://jason-shi-f9dm.squarespace.com/s/PUMaC2013_GeometryBSol.pdf,pumac_pdfs/PUMaC_2013_Geometry_B_Solutions.pdf,mathpix_output/pumac_pdfs/PUMaC_2013_Geometry_B_Solutions.md,mathpix_output/pumac_pdfs/PUMaC_2013_Geometry_B_Solutions.tex.zip,3
PUMaC,2013,NumberTheory,Problems,B,,,https://jason-shi-f9dm.squarespace.com/s/PUMaC2013_NumberTheoryB.pdf,pumac_pdfs/PUMaC_2013_NumberTheory_B_Problems.pdf,mathpix_output/pumac_pdfs/PUMaC_2013_NumberTheory_B_Problems.md,mathpix_output/pumac_pdfs/PUMaC_2013_NumberTheory_B_Problems.tex.zip,1
PUMaC,2013,NumberTheory,Problems,A,,,https://jason-shi-f9dm.squarespace.com/s/PUMaC2013_NumberTheoryA.pdf,pumac_pdfs/PUMaC_2013_NumberTheory_A_Problems.pdf,mathpix_output/pumac_pdfs/PUMaC_2013_NumberTheory_A_Problems.md,mathpix_output/pumac_pdfs/PUMaC_2013_NumberTheory_A_Problems.tex.zip,1
PUMaC,2013,NumberTheory,Solutions,A,,,https://jason-shi-f9dm.squarespace.com/s/PUMaC2013_NumberTheoryASol.pdf,pumac_pdfs/PUMaC_2013_NumberTheory_A_Solutions.pdf,mathpix_output/pumac_pdfs/PUMaC_2013_NumberTheory_A_Solutions.md,mathpix_output/pumac_pdfs/PUMaC_2013_NumberTheory_A_Solutions.tex.zip,3
PUMaC,2013,NumberTheory,Solutions,B,,,https://jason-shi-f9dm.squarespace.com/s/PUMaC2013_NumberTheoryBSol.pdf,pumac_pdfs/PUMaC_2013_NumberTheory_B_Solutions.pdf,mathpix_output/pumac_pdfs/PUMaC_2013_NumberTheory_B_Solutions.md,mathpix_output/pumac_pdfs/PUMaC_2013_NumberTheory_B_Solutions.tex.zip,3
PUMaC,2013,Power,Problems,,,,https://jason-shi-f9dm.squarespace.com/s/PUMaC2013_Power.pdf,pumac_pdfs/PUMaC_2013_Power_Problems.pdf,mathpix_output/pumac_pdfs/PUMaC_2013_Power_Problems.md,mathpix_output/pumac_pdfs/PUMaC_2013_Power_Problems.tex.zip,17
PUMaC,2013,Power,Solutions,,,,https://jason-shi-f9dm.squarespace.com/s/PUMaC2013_PowerSol.pdf,pumac_pdfs/PUMaC_2013_Power_Solutions.pdf,mathpix_output/pumac_pdfs/PUMaC_2013_Power_Solutions.md,mathpix_output/pumac_pdfs/PUMaC_2013_Power_Solutions.tex.zip,25
PUMaC,2013,Team,Problems,,,,https://jason-shi-f9dm.squarespace.com/s/PUMaC2013_Team.pdf,pumac_pdfs/PUMaC_2013_Team_Problems.pdf,mathpix_output/pumac_pdfs/PUMaC_2013_Team_Problems.md,mathpix_output/pumac_pdfs/PUMaC_2013_Team_Problems.tex.zip,2
PUMaC,2013,Team,Solutions,,,,https://jason-shi-f9dm.squarespace.com/s/PUMaC2013_TeamSol.pdf,pumac_pdfs/PUMaC_2013_Team_Solutions.pdf,mathpix_output/pumac_pdfs/PUMaC_2013_Team_Solutions.md,mathpix_output/pumac_pdfs/PUMaC_2013_Team_Solutions.tex.zip,6
PUMaC,2012,Algebra,Problems,B,,,https://jason-shi-f9dm.squarespace.com/s/PUMaC2012_AlgebraB.pdf,pumac_pdfs/PUMaC_2012_Algebra_B_Problems.pdf,mathpix_output/pumac_pdfs/PUMaC_2012_Algebra_B_Problems.md,mathpix_output/pumac_pdfs/PUMaC_2012_Algebra_B_Problems.tex.zip,1
PUMaC,2012,Algebra,Problems,A,,,https://jason-shi-f9dm.squarespace.com/s/PUMaC2012_AlgebraA.pdf,pumac_pdfs/PUMaC_2012_Algebra_A_Problems.pdf,mathpix_output/pumac_pdfs/PUMaC_2012_Algebra_A_Problems.md,mathpix_output/pumac_pdfs/PUMaC_2012_Algebra_A_Problems.tex.zip,1
PUMaC,2012,Algebra,Solutions,B,,,https://jason-shi-f9dm.squarespace.com/s/PUMaC2012_AlgebraBSol.pdf,pumac_pdfs/PUMaC_2012_Algebra_B_Solutions.pdf,mathpix_output/pumac_pdfs/PUMaC_2012_Algebra_B_Solutions.md,mathpix_output/pumac_pdfs/PUMaC_2012_Algebra_B_Solutions.tex.zip,4
PUMaC,2012,Algebra,Solutions,A,,,https://jason-shi-f9dm.squarespace.com/s/PUMaC2012_AlgebraASol.pdf,pumac_pdfs/PUMaC_2012_Algebra_A_Solutions.pdf,mathpix_output/pumac_pdfs/PUMaC_2012_Algebra_A_Solutions.md,mathpix_output/pumac_pdfs/PUMaC_2012_Algebra_A_Solutions.tex.zip,5
PUMaC,2012,Combinatorics,Problems,B,,,https://jason-shi-f9dm.squarespace.com/s/PUMaC2012_CombinatoricsB.pdf,pumac_pdfs/PUMaC_2012_Combinatorics_B_Problems.pdf,mathpix_output/pumac_pdfs/PUMaC_2012_Combinatorics_B_Problems.md,mathpix_output/pumac_pdfs/PUMaC_2012_Combinatorics_B_Problems.tex.zip,1
PUMaC,2012,Combinatorics,Problems,A,,,https://jason-shi-f9dm.squarespace.com/s/PUMaC2012_CombinatoricsA.pdf,pumac_pdfs/PUMaC_2012_Combinatorics_A_Problems.pdf,mathpix_output/pumac_pdfs/PUMaC_2012_Combinatorics_A_Problems.md,mathpix_output/pumac_pdfs/PUMaC_2012_Combinatorics_A_Problems.tex.zip,1
PUMaC,2012,Combinatorics,Solutions,B,,,https://jason-shi-f9dm.squarespace.com/s/PUMaC2012_CombinatoricsBSol.pdf,pumac_pdfs/PUMaC_2012_Combinatorics_B_Solutions.pdf,mathpix_output/pumac_pdfs/PUMaC_2012_Combinatorics_B_Solutions.md,mathpix_output/pumac_pdfs/PUMaC_2012_Combinatorics_B_Solutions.tex.zip,3
PUMaC,2012,Combinatorics,Solutions,A,,,https://jason-shi-f9dm.squarespace.com/s/PUMaC2012_CombinatoricsASol.pdf,pumac_pdfs/PUMaC_2012_Combinatorics_A_Solutions.pdf,mathpix_output/pumac_pdfs/PUMaC_2012_Combinatorics_A_Solutions.md,mathpix_output/pumac_pdfs/PUMaC_2012_Combinatorics_A_Solutions.tex.zip,4
PUMaC,2012,Finals,Problems,A,,,https://jason-shi-f9dm.squarespace.com/s/PUMaC2012_FinalsA.pdf,pumac_pdfs/PUMaC_2012_Finals_A_Problems.pdf,mathpix_output/pumac_pdfs/PUMaC_2012_Finals_A_Problems.md,mathpix_output/pumac_pdfs/PUMaC_2012_Finals_A_Problems.tex.zip,1
PUMaC,2012,Finals,Problems,B,,,https://jason-shi-f9dm.squarespace.com/s/PUMaC2012_FinalsB.pdf,pumac_pdfs/PUMaC_2012_Finals_B_Problems.pdf,mathpix_output/pumac_pdfs/PUMaC_2012_Finals_B_Problems.md,mathpix_output/pumac_pdfs/PUMaC_2012_Finals_B_Problems.tex.zip,1
PUMaC,2012,Finals,Solutions,B,,,https://jason-shi-f9dm.squarespace.com/s/PUMaC2012_FinalsBSol.pdf,pumac_pdfs/PUMaC_2012_Finals_B_Solutions.pdf,mathpix_output/pumac_pdfs/PUMaC_2012_Finals_B_Solutions.md,mathpix_output/pumac_pdfs/PUMaC_2012_Finals_B_Solutions.tex.zip,2
PUMaC,2012,Finals,Solutions,A,,,https://jason-shi-f9dm.squarespace.com/s/PUMaC2012_FinalsASol.pdf,pumac_pdfs/PUMaC_2012_Finals_A_Solutions.pdf,mathpix_output/pumac_pdfs/PUMaC_2012_Finals_A_Solutions.md,mathpix_output/pumac_pdfs/PUMaC_2012_Finals_A_Solutions.tex.zip,2
PUMaC,2012,Geometry,Problems,A,,,https://jason-shi-f9dm.squarespace.com/s/PUMaC2012_GeometryA.pdf,pumac_pdfs/PUMaC_2012_Geometry_A_Problems.pdf,mathpix_output/pumac_pdfs/PUMaC_2012_Geometry_A_Problems.md,mathpix_output/pumac_pdfs/PUMaC_2012_Geometry_A_Problems.tex.zip,1
PUMaC,2012,Geometry,Problems,B,,,https://jason-shi-f9dm.squarespace.com/s/PUMaC2012_GeometryB.pdf,pumac_pdfs/PUMaC_2012_Geometry_B_Problems.pdf,mathpix_output/pumac_pdfs/PUMaC_2012_Geometry_B_Problems.md,mathpix_output/pumac_pdfs/PUMaC_2012_Geometry_B_Problems.tex.zip,1
PUMaC,2012,Geometry,Solutions,B,,,https://jason-shi-f9dm.squarespace.com/s/PUMaC2012_GeometryBSol.pdf,pumac_pdfs/PUMaC_2012_Geometry_B_Solutions.pdf,mathpix_output/pumac_pdfs/PUMaC_2012_Geometry_B_Solutions.md,mathpix_output/pumac_pdfs/PUMaC_2012_Geometry_B_Solutions.tex.zip,6
PUMaC,2012,Geometry,Solutions,A,,,https://jason-shi-f9dm.squarespace.com/s/PUMaC2012_GeometryASol.pdf,pumac_pdfs/PUMaC_2012_Geometry_A_Solutions.pdf,mathpix_output/pumac_pdfs/PUMaC_2012_Geometry_A_Solutions.md,mathpix_output/pumac_pdfs/PUMaC_2012_Geometry_A_Solutions.tex.zip,7
PUMaC,2012,NumberTheory,Problems,B,,,https://jason-shi-f9dm.squarespace.com/s/PUMaC2012_NumberTheoryB.pdf,pumac_pdfs/PUMaC_2012_NumberTheory_B_Problems.pdf,mathpix_output/pumac_pdfs/PUMaC_2012_NumberTheory_B_Problems.md,mathpix_output/pumac_pdfs/PUMaC_2012_NumberTheory_B_Problems.tex.zip,1
PUMaC,2012,NumberTheory,Problems,A,,,https://jason-shi-f9dm.squarespace.com/s/PUMaC2012_NumberTheoryA.pdf,pumac_pdfs/PUMaC_2012_NumberTheory_A_Problems.pdf,mathpix_output/pumac_pdfs/PUMaC_2012_NumberTheory_A_Problems.md,mathpix_output/pumac_pdfs/PUMaC_2012_NumberTheory_A_Problems.tex.zip,1
PUMaC,2012,NumberTheory,Solutions,B,,,https://jason-shi-f9dm.squarespace.com/s/PUMaC2012_NumberTheoryBSol.pdf,pumac_pdfs/PUMaC_2012_NumberTheory_B_Solutions.pdf,mathpix_output/pumac_pdfs/PUMaC_2012_NumberTheory_B_Solutions.md,mathpix_output/pumac_pdfs/PUMaC_2012_NumberTheory_B_Solutions.tex.zip,4
PUMaC,2012,NumberTheory,Solutions,A,,,https://jason-shi-f9dm.squarespace.com/s/PUMaC2012_NumberTheoryASol.pdf,pumac_pdfs/PUMaC_2012_NumberTheory_A_Solutions.pdf,mathpix_output/pumac_pdfs/PUMaC_2012_NumberTheory_A_Solutions.md,mathpix_output/pumac_pdfs/PUMaC_2012_NumberTheory_A_Solutions.tex.zip,5
PUMaC,2012,Power,Problems,,,,https://jason-shi-f9dm.squarespace.com/s/PUMaC2012_Power.pdf,pumac_pdfs/PUMaC_2012_Power_Problems.pdf,mathpix_output/pumac_pdfs/PUMaC_2012_Power_Problems.md,mathpix_output/pumac_pdfs/PUMaC_2012_Power_Problems.tex.zip,7
PUMaC,2012,Power,Solutions,,,,https://jason-shi-f9dm.squarespace.com/s/PUMaC2012_PowerSol.pdf,pumac_pdfs/PUMaC_2012_Power_Solutions.pdf,mathpix_output/pumac_pdfs/PUMaC_2012_Power_Solutions.md,mathpix_output/pumac_pdfs/PUMaC_2012_Power_Solutions.tex.zip,13
PUMaC,2012,Team,Problems,,,,https://jason-shi-f9dm.squarespace.com/s/PUMaC2012_Team.pdf,pumac_pdfs/PUMaC_2012_Team_Problems.pdf,mathpix_output/pumac_pdfs/PUMaC_2012_Team_Problems.md,mathpix_output/pumac_pdfs/PUMaC_2012_Team_Problems.tex.zip,4
PUMaC,2012,Team,Solutions,,,,https://jason-shi-f9dm.squarespace.com/s/PUMaC2012_TeamSol.pdf,pumac_pdfs/PUMaC_2012_Team_Solutions.pdf,mathpix_output/pumac_pdfs/PUMaC_2012_Team_Solutions.md,mathpix_output/pumac_pdfs/PUMaC_2012_Team_Solutions.tex.zip,10
PUMaC,2011,Algebra,Problems,B,,,https://jason-shi-f9dm.squarespace.com/s/PUMaC2011_AlgebraB.pdf,pumac_pdfs/PUMaC_2011_Algebra_B_Problems.pdf,mathpix_output/pumac_pdfs/PUMaC_2011_Algebra_B_Problems.md,mathpix_output/pumac_pdfs/PUMaC_2011_Algebra_B_Problems.tex.zip,1
PUMaC,2011,Algebra,Problems,A,,,https://jason-shi-f9dm.squarespace.com/s/PUMaC2011_AlgebraA.pdf,pumac_pdfs/PUMaC_2011_Algebra_A_Problems.pdf,mathpix_output/pumac_pdfs/PUMaC_2011_Algebra_A_Problems.md,mathpix_output/pumac_pdfs/PUMaC_2011_Algebra_A_Problems.tex.zip,1
PUMaC,2011,Algebra,Solutions,A,,,https://jason-shi-f9dm.squarespace.com/s/PUMaC2011_AlgebraASol.pdf,pumac_pdfs/PUMaC_2011_Algebra_A_Solutions.pdf,mathpix_output/pumac_pdfs/PUMaC_2011_Algebra_A_Solutions.md,mathpix_output/pumac_pdfs/PUMaC_2011_Algebra_A_Solutions.tex.zip,4
PUMaC,2011,Algebra,Solutions,B,,,https://jason-shi-f9dm.squarespace.com/s/PUMaC2011_AlgebraBSol.pdf,pumac_pdfs/PUMaC_2011_Algebra_B_Solutions.pdf,mathpix_output/pumac_pdfs/PUMaC_2011_Algebra_B_Solutions.md,mathpix_output/pumac_pdfs/PUMaC_2011_Algebra_B_Solutions.tex.zip,3
PUMaC,2011,Combinatorics,Problems,B,,,https://jason-shi-f9dm.squarespace.com/s/PUMaC2011_CombinatoricsB.pdf,pumac_pdfs/PUMaC_2011_Combinatorics_B_Problems.pdf,mathpix_output/pumac_pdfs/PUMaC_2011_Combinatorics_B_Problems.md,mathpix_output/pumac_pdfs/PUMaC_2011_Combinatorics_B_Problems.tex.zip,1
PUMaC,2011,Combinatorics,Problems,A,,,https://jason-shi-f9dm.squarespace.com/s/PUMaC2011_CombinatoricsA.pdf,pumac_pdfs/PUMaC_2011_Combinatorics_A_Problems.pdf,mathpix_output/pumac_pdfs/PUMaC_2011_Combinatorics_A_Problems.md,mathpix_output/pumac_pdfs/PUMaC_2011_Combinatorics_A_Problems.tex.zip,1
PUMaC,2011,Combinatorics,Solutions,A,,,https://jason-shi-f9dm.squarespace.com/s/PUMaC2011_CombinatoricsASol.pdf,pumac_pdfs/PUMaC_2011_Combinatorics_A_Solutions.pdf,mathpix_output/pumac_pdfs/PUMaC_2011_Combinatorics_A_Solutions.md,mathpix_output/pumac_pdfs/PUMaC_2011_Combinatorics_A_Solutions.tex.zip,5
PUMaC,2011,Combinatorics,Solutions,B,,,https://jason-shi-f9dm.squarespace.com/s/PUMaC2011_CombinatoricsBSol.pdf,pumac_pdfs/PUMaC_2011_Combinatorics_B_Solutions.pdf,mathpix_output/pumac_pdfs/PUMaC_2011_Combinatorics_B_Solutions.md,mathpix_output/pumac_pdfs/PUMaC_2011_Combinatorics_B_Solutions.tex.zip,3
PUMaC,2011,Finals,Problems,B,,,https://jason-shi-f9dm.squarespace.com/s/PUMaC2011_FinalsB.pdf,pumac_pdfs/PUMaC_2011_Finals_B_Problems.pdf,mathpix_output/pumac_pdfs/PUMaC_2011_Finals_B_Problems.md,mathpix_output/pumac_pdfs/PUMaC_2011_Finals_B_Problems.tex.zip,1
PUMaC,2011,Finals,Problems,A,,,https://jason-shi-f9dm.squarespace.com/s/PUMaC2011_FinalsA.pdf,pumac_pdfs/PUMaC_2011_Finals_A_Problems.pdf,mathpix_output/pumac_pdfs/PUMaC_2011_Finals_A_Problems.md,mathpix_output/pumac_pdfs/PUMaC_2011_Finals_A_Problems.tex.zip,1
PUMaC,2011,Geometry,Problems,A,,,https://jason-shi-f9dm.squarespace.com/s/PUMaC2011_GeometryA.pdf,pumac_pdfs/PUMaC_2011_Geometry_A_Problems.pdf,mathpix_output/pumac_pdfs/PUMaC_2011_Geometry_A_Problems.md,mathpix_output/pumac_pdfs/PUMaC_2011_Geometry_A_Problems.tex.zip,1
PUMaC,2011,Geometry,Problems,B,,,https://jason-shi-f9dm.squarespace.com/s/PUMaC2011_GeometryB.pdf,pumac_pdfs/PUMaC_2011_Geometry_B_Problems.pdf,mathpix_output/pumac_pdfs/PUMaC_2011_Geometry_B_Problems.md,mathpix_output/pumac_pdfs/PUMaC_2011_Geometry_B_Problems.tex.zip,1
PUMaC,2011,Geometry,Solutions,A,,,https://jason-shi-f9dm.squarespace.com/s/PUMaC2011_GeometryASol.pdf,pumac_pdfs/PUMaC_2011_Geometry_A_Solutions.pdf,mathpix_output/pumac_pdfs/PUMaC_2011_Geometry_A_Solutions.md,mathpix_output/pumac_pdfs/PUMaC_2011_Geometry_A_Solutions.tex.zip,7
PUMaC,2011,Geometry,Solutions,B,,,https://jason-shi-f9dm.squarespace.com/s/PUMaC2011_GeometryBSol.pdf,pumac_pdfs/PUMaC_2011_Geometry_B_Solutions.pdf,mathpix_output/pumac_pdfs/PUMaC_2011_Geometry_B_Solutions.md,mathpix_output/pumac_pdfs/PUMaC_2011_Geometry_B_Solutions.tex.zip,5
PUMaC,2011,NumberTheory,Problems,A,,,https://jason-shi-f9dm.squarespace.com/s/PUMaC2011_NumberTheoryA.pdf,pumac_pdfs/PUMaC_2011_NumberTheory_A_Problems.pdf,mathpix_output/pumac_pdfs/PUMaC_2011_NumberTheory_A_Problems.md,mathpix_output/pumac_pdfs/PUMaC_2011_NumberTheory_A_Problems.tex.zip,1
PUMaC,2011,NumberTheory,Problems,B,,,https://jason-shi-f9dm.squarespace.com/s/PUMaC2011_NumberTheoryB.pdf,pumac_pdfs/PUMaC_2011_NumberTheory_B_Problems.pdf,mathpix_output/pumac_pdfs/PUMaC_2011_NumberTheory_B_Problems.md,mathpix_output/pumac_pdfs/PUMaC_2011_NumberTheory_B_Problems.tex.zip,1
PUMaC,2011,NumberTheory,Solutions,A,,,https://jason-shi-f9dm.squarespace.com/s/PUMaC2011_NumberTheoryASol.pdf,pumac_pdfs/PUMaC_2011_NumberTheory_A_Solutions.pdf,mathpix_output/pumac_pdfs/PUMaC_2011_NumberTheory_A_Solutions.md,mathpix_output/pumac_pdfs/PUMaC_2011_NumberTheory_A_Solutions.tex.zip,5
PUMaC,2011,NumberTheory,Solutions,B,,,https://jason-shi-f9dm.squarespace.com/s/PUMaC2011_NumberTheoryBSol.pdf,pumac_pdfs/PUMaC_2011_NumberTheory_B_Solutions.pdf,mathpix_output/pumac_pdfs/PUMaC_2011_NumberTheory_B_Solutions.md,mathpix_output/pumac_pdfs/PUMaC_2011_NumberTheory_B_Solutions.tex.zip,3
PUMaC,2011,Power,Problems,,,,https://jason-shi-f9dm.squarespace.com/s/PUMaC2011_Power.pdf,pumac_pdfs/PUMaC_2011_Power_Problems.pdf,mathpix_output/pumac_pdfs/PUMaC_2011_Power_Problems.md,mathpix_output/pumac_pdfs/PUMaC_2011_Power_Problems.tex.zip,11
PUMaC,2011,Power,Solutions,,,,https://jason-shi-f9dm.squarespace.com/s/PUMaC2011_PowerSol.pdf,pumac_pdfs/PUMaC_2011_Power_Solutions.pdf,mathpix_output/pumac_pdfs/PUMaC_2011_Power_Solutions.md,mathpix_output/pumac_pdfs/PUMaC_2011_Power_Solutions.tex.zip,15
PUMaC,2011,Team,Problems,,,,https://jason-shi-f9dm.squarespace.com/s/PUMaC2011_Team.pdf,pumac_pdfs/PUMaC_2011_Team_Problems.pdf,mathpix_output/pumac_pdfs/PUMaC_2011_Team_Problems.md,mathpix_output/pumac_pdfs/PUMaC_2011_Team_Problems.tex.zip,5
PUMaC,2011,Team,Solutions,,,,https://jason-shi-f9dm.squarespace.com/s/PUMaC2011_TeamSol.pdf,pumac_pdfs/PUMaC_2011_Team_Solutions.pdf,mathpix_output/pumac_pdfs/PUMaC_2011_Team_Solutions.md,mathpix_output/pumac_pdfs/PUMaC_2011_Team_Solutions.tex.zip,4
PUMaC,2010,Algebra,Problems,B,,,https://jason-shi-f9dm.squarespace.com/s/PUMaC2010_AlgebraB.pdf,pumac_pdfs/PUMaC_2010_Algebra_B_Problems.pdf,mathpix_output/pumac_pdfs/PUMaC_2010_Algebra_B_Problems.md,mathpix_output/pumac_pdfs/PUMaC_2010_Algebra_B_Problems.tex.zip,1
PUMaC,2010,Algebra,Problems,A,,,https://jason-shi-f9dm.squarespace.com/s/PUMaC2010_AlgebraA.pdf,pumac_pdfs/PUMaC_2010_Algebra_A_Problems.pdf,mathpix_output/pumac_pdfs/PUMaC_2010_Algebra_A_Problems.md,mathpix_output/pumac_pdfs/PUMaC_2010_Algebra_A_Problems.tex.zip,1
PUMaC,2010,Algebra,Solutions,B,,,https://jason-shi-f9dm.squarespace.com/s/PUMaC2010_AlgebraBSol.pdf,pumac_pdfs/PUMaC_2010_Algebra_B_Solutions.pdf,mathpix_output/pumac_pdfs/PUMaC_2010_Algebra_B_Solutions.md,mathpix_output/pumac_pdfs/PUMaC_2010_Algebra_B_Solutions.tex.zip,3
PUMaC,2010,Algebra,Solutions,A,,,https://jason-shi-f9dm.squarespace.com/s/PUMaC2010_AlgebraASol.pdf,pumac_pdfs/PUMaC_2010_Algebra_A_Solutions.pdf,mathpix_output/pumac_pdfs/PUMaC_2010_Algebra_A_Solutions.md,mathpix_output/pumac_pdfs/PUMaC_2010_Algebra_A_Solutions.tex.zip,3
PUMaC,2010,Combinatorics,Problems,A,,,https://jason-shi-f9dm.squarespace.com/s/PUMaC2010_CombinatoricsA.pdf,pumac_pdfs/PUMaC_2010_Combinatorics_A_Problems.pdf,mathpix_output/pumac_pdfs/PUMaC_2010_Combinatorics_A_Problems.md,mathpix_output/pumac_pdfs/PUMaC_2010_Combinatorics_A_Problems.tex.zip,2
PUMaC,2010,Combinatorics,Problems,B,,,https://jason-shi-f9dm.squarespace.com/s/PUMaC2010_CombinatoricsB.pdf,pumac_pdfs/PUMaC_2010_Combinatorics_B_Problems.pdf,mathpix_output/pumac_pdfs/PUMaC_2010_Combinatorics_B_Problems.md,mathpix_output/pumac_pdfs/PUMaC_2010_Combinatorics_B_Problems.tex.zip,1
PUMaC,2010,Combinatorics,Solutions,A,,,https://jason-shi-f9dm.squarespace.com/s/PUMaC2010_CombinatoricsASol.pdf,pumac_pdfs/PUMaC_2010_Combinatorics_A_Solutions.pdf,mathpix_output/pumac_pdfs/PUMaC_2010_Combinatorics_A_Solutions.md,mathpix_output/pumac_pdfs/PUMaC_2010_Combinatorics_A_Solutions.tex.zip,8
PUMaC,2010,Combinatorics,Solutions,B,,,https://jason-shi-f9dm.squarespace.com/s/PUMaC2010_CombinatoricsBSol.pdf,pumac_pdfs/PUMaC_2010_Combinatorics_B_Solutions.pdf,mathpix_output/pumac_pdfs/PUMaC_2010_Combinatorics_B_Solutions.md,mathpix_output/pumac_pdfs/PUMaC_2010_Combinatorics_B_Solutions.tex.zip,6
PUMaC,2010,Geometry,Problems,B,,,https://jason-shi-f9dm.squarespace.com/s/PUMaC2010_GeometryB.pdf,pumac_pdfs/PUMaC_2010_Geometry_B_Problems.pdf,mathpix_output/pumac_pdfs/PUMaC_2010_Geometry_B_Problems.md,mathpix_output/pumac_pdfs/PUMaC_2010_Geometry_B_Problems.tex.zip,2
PUMaC,2010,Geometry,Problems,A,,,https://jason-shi-f9dm.squarespace.com/s/PUMaC2010_GeometryA.pdf,pumac_pdfs/PUMaC_2010_Geometry_A_Problems.pdf,mathpix_output/pumac_pdfs/PUMaC_2010_Geometry_A_Problems.md,mathpix_output/pumac_pdfs/PUMaC_2010_Geometry_A_Problems.tex.zip,2
PUMaC,2010,Geometry,Solutions,B,,,https://jason-shi-f9dm.squarespace.com/s/PUMaC2010_GeometryBSol.pdf,pumac_pdfs/PUMaC_2010_Geometry_B_Solutions.pdf,mathpix_output/pumac_pdfs/PUMaC_2010_Geometry_B_Solutions.md,mathpix_output/pumac_pdfs/PUMaC_2010_Geometry_B_Solutions.tex.zip,4
PUMaC,2010,Geometry,Solutions,A,,,https://jason-shi-f9dm.squarespace.com/s/PUMaC2010_GeometryASol.pdf,pumac_pdfs/PUMaC_2010_Geometry_A_Solutions.pdf,mathpix_output/pumac_pdfs/PUMaC_2010_Geometry_A_Solutions.md,mathpix_output/pumac_pdfs/PUMaC_2010_Geometry_A_Solutions.tex.zip,4
PUMaC,2010,NumberTheory,Problems,A,,,https://jason-shi-f9dm.squarespace.com/s/PUMaC2010_NumberTheoryA.pdf,pumac_pdfs/PUMaC_2010_NumberTheory_A_Problems.pdf,mathpix_output/pumac_pdfs/PUMaC_2010_NumberTheory_A_Problems.md,mathpix_output/pumac_pdfs/PUMaC_2010_NumberTheory_A_Problems.tex.zip,1
PUMaC,2010,NumberTheory,Problems,B,,,https://jason-shi-f9dm.squarespace.com/s/PUMaC2010_NumberTheoryB.pdf,pumac_pdfs/PUMaC_2010_NumberTheory_B_Problems.pdf,mathpix_output/pumac_pdfs/PUMaC_2010_NumberTheory_B_Problems.md,mathpix_output/pumac_pdfs/PUMaC_2010_NumberTheory_B_Problems.tex.zip,1
PUMaC,2010,NumberTheory,Solutions,B,,,https://jason-shi-f9dm.squarespace.com/s/PUMaC2010_NumberTheoryBSol.pdf,pumac_pdfs/PUMaC_2010_NumberTheory_B_Solutions.pdf,mathpix_output/pumac_pdfs/PUMaC_2010_NumberTheory_B_Solutions.md,mathpix_output/pumac_pdfs/PUMaC_2010_NumberTheory_B_Solutions.tex.zip,2
PUMaC,2010,NumberTheory,Solutions,A,,,https://jason-shi-f9dm.squarespace.com/s/PUMaC2010_NumberTheoryASol.pdf,pumac_pdfs/PUMaC_2010_NumberTheory_A_Solutions.pdf,mathpix_output/pumac_pdfs/PUMaC_2010_NumberTheory_A_Solutions.md,mathpix_output/pumac_pdfs/PUMaC_2010_NumberTheory_A_Solutions.tex.zip,2
PUMaC,2010,Power,Problems,,,,https://jason-shi-f9dm.squarespace.com/s/PUMaC2010_Power.pdf,pumac_pdfs/PUMaC_2010_Power_Problems.pdf,mathpix_output/pumac_pdfs/PUMaC_2010_Power_Problems.md,mathpix_output/pumac_pdfs/PUMaC_2010_Power_Problems.tex.zip,7
PUMaC,2010,Power,Solutions,,,,https://jason-shi-f9dm.squarespace.com/s/PUMaC2010_PowerSol.pdf,pumac_pdfs/PUMaC_2010_Power_Solutions.pdf,mathpix_output/pumac_pdfs/PUMaC_2010_Power_Solutions.md,mathpix_output/pumac_pdfs/PUMaC_2010_Power_Solutions.tex.zip,12
PUMaC,2010,Team,Problems,,,,https://jason-shi-f9dm.squarespace.com/s/PUMaC2010_Team.pdf,pumac_pdfs/PUMaC_2010_Team_Problems.pdf,mathpix_output/pumac_pdfs/PUMaC_2010_Team_Problems.md,mathpix_output/pumac_pdfs/PUMaC_2010_Team_Problems.tex.zip,3
PUMaC,2010,Team,Solutions,,,,https://jason-shi-f9dm.squarespace.com/s/PUMaC2010_TeamSol.pdf,pumac_pdfs/PUMaC_2010_Team_Solutions.pdf,mathpix_output/pumac_pdfs/PUMaC_2010_Team_Solutions.md,mathpix_output/pumac_pdfs/PUMaC_2010_Team_Solutions.tex.zip,5
PUMaC,2009,Algebra,Problems,A,,,https://jason-shi-f9dm.squarespace.com/s/PUMaC2009_AlgebraA.pdf,pumac_pdfs/PUMaC_2009_Algebra_A_Problems.pdf,mathpix_output/pumac_pdfs/PUMaC_2009_Algebra_A_Problems.md,mathpix_output/pumac_pdfs/PUMaC_2009_Algebra_A_Problems.tex.zip,1
PUMaC,2009,Algebra,Problems,B,,,https://jason-shi-f9dm.squarespace.com/s/PUMaC2009_AlgebraB.pdf,pumac_pdfs/PUMaC_2009_Algebra_B_Problems.pdf,mathpix_output/pumac_pdfs/PUMaC_2009_Algebra_B_Problems.md,mathpix_output/pumac_pdfs/PUMaC_2009_Algebra_B_Problems.tex.zip,1
PUMaC,2009,Algebra,Solutions,B,,,https://jason-shi-f9dm.squarespace.com/s/PUMaC2009_AlgebraBSol.pdf,pumac_pdfs/PUMaC_2009_Algebra_B_Solutions.pdf,mathpix_output/pumac_pdfs/PUMaC_2009_Algebra_B_Solutions.md,mathpix_output/pumac_pdfs/PUMaC_2009_Algebra_B_Solutions.tex.zip,3
PUMaC,2009,Algebra,Solutions,A,,,https://jason-shi-f9dm.squarespace.com/s/PUMaC2009_AlgebraASol.pdf,pumac_pdfs/PUMaC_2009_Algebra_A_Solutions.pdf,mathpix_output/pumac_pdfs/PUMaC_2009_Algebra_A_Solutions.md,mathpix_output/pumac_pdfs/PUMaC_2009_Algebra_A_Solutions.tex.zip,4
PUMaC,2009,Combinatorics,Problems,B,,,https://jason-shi-f9dm.squarespace.com/s/PUMaC2009_CombinatoricsB.pdf,pumac_pdfs/PUMaC_2009_Combinatorics_B_Problems.pdf,mathpix_output/pumac_pdfs/PUMaC_2009_Combinatorics_B_Problems.md,mathpix_output/pumac_pdfs/PUMaC_2009_Combinatorics_B_Problems.tex.zip,1
PUMaC,2009,Combinatorics,Problems,A,,,https://jason-shi-f9dm.squarespace.com/s/PUMaC2009_CombinatoricsA.pdf,pumac_pdfs/PUMaC_2009_Combinatorics_A_Problems.pdf,mathpix_output/pumac_pdfs/PUMaC_2009_Combinatorics_A_Problems.md,mathpix_output/pumac_pdfs/PUMaC_2009_Combinatorics_A_Problems.tex.zip,1
PUMaC,2009,Combinatorics,Solutions,B,,,https://jason-shi-f9dm.squarespace.com/s/PUMaC2009_CombinatoricsBSol.pdf,pumac_pdfs/PUMaC_2009_Combinatorics_B_Solutions.pdf,mathpix_output/pumac_pdfs/PUMaC_2009_Combinatorics_B_Solutions.md,mathpix_output/pumac_pdfs/PUMaC_2009_Combinatorics_B_Solutions.tex.zip,3
PUMaC,2009,Combinatorics,Solutions,A,,,https://jason-shi-f9dm.squarespace.com/s/PUMaC2009_CombinatoricsASol.pdf,pumac_pdfs/PUMaC_2009_Combinatorics_A_Solutions.pdf,mathpix_output/pumac_pdfs/PUMaC_2009_Combinatorics_A_Solutions.md,mathpix_output/pumac_pdfs/PUMaC_2009_Combinatorics_A_Solutions.tex.zip,3
PUMaC,2009,Geometry,Problems,A,,,https://jason-shi-f9dm.squarespace.com/s/PUMaC2009_GeometryA.pdf,pumac_pdfs/PUMaC_2009_Geometry_A_Problems.pdf,mathpix_output/pumac_pdfs/PUMaC_2009_Geometry_A_Problems.md,mathpix_output/pumac_pdfs/PUMaC_2009_Geometry_A_Problems.tex.zip,2
PUMaC,2009,Geometry,Problems,B,,,https://jason-shi-f9dm.squarespace.com/s/PUMaC2009_GeometryB.pdf,pumac_pdfs/PUMaC_2009_Geometry_B_Problems.pdf,mathpix_output/pumac_pdfs/PUMaC_2009_Geometry_B_Problems.md,mathpix_output/pumac_pdfs/PUMaC_2009_Geometry_B_Problems.tex.zip,2
PUMaC,2009,Geometry,Solutions,B,,,https://jason-shi-f9dm.squarespace.com/s/PUMaC2009_GeometryBSol.pdf,pumac_pdfs/PUMaC_2009_Geometry_B_Solutions.pdf,mathpix_output/pumac_pdfs/PUMaC_2009_Geometry_B_Solutions.md,mathpix_output/pumac_pdfs/PUMaC_2009_Geometry_B_Solutions.tex.zip,3
PUMaC,2009,Geometry,Solutions,A,,,https://jason-shi-f9dm.squarespace.com/s/PUMaC2009_GeometryASol.pdf,pumac_pdfs/PUMaC_2009_Geometry_A_Solutions.pdf,mathpix_output/pumac_pdfs/PUMaC_2009_Geometry_A_Solutions.md,mathpix_output/pumac_pdfs/PUMaC_2009_Geometry_A_Solutions.tex.zip,5
PUMaC,2009,NumberTheory,Problems,A,,,https://jason-shi-f9dm.squarespace.com/s/PUMaC2009_NumberTheoryA.pdf,pumac_pdfs/PUMaC_2009_NumberTheory_A_Problems.pdf,mathpix_output/pumac_pdfs/PUMaC_2009_NumberTheory_A_Problems.md,mathpix_output/pumac_pdfs/PUMaC_2009_NumberTheory_A_Problems.tex.zip,1
PUMaC,2009,NumberTheory,Problems,B,,,https://jason-shi-f9dm.squarespace.com/s/PUMaC2009_NumberTheoryB.pdf,pumac_pdfs/PUMaC_2009_NumberTheory_B_Problems.pdf,mathpix_output/pumac_pdfs/PUMaC_2009_NumberTheory_B_Problems.md,mathpix_output/pumac_pdfs/PUMaC_2009_NumberTheory_B_Problems.tex.zip,1
PUMaC,2009,NumberTheory,Solutions,B,,,https://jason-shi-f9dm.squarespace.com/s/PUMaC2009_NumberTheoryBSol.pdf,pumac_pdfs/PUMaC_2009_NumberTheory_B_Solutions.pdf,mathpix_output/pumac_pdfs/PUMaC_2009_NumberTheory_B_Solutions.md,mathpix_output/pumac_pdfs/PUMaC_2009_NumberTheory_B_Solutions.tex.zip,3
PUMaC,2009,Power,Problems,,,,https://jason-shi-f9dm.squarespace.com/s/PUMaC2009_PowerA.pdf,pumac_pdfs/PUMaC_2009_Power_Problems.pdf,mathpix_output/pumac_pdfs/PUMaC_2009_Power_Problems.md,mathpix_output/pumac_pdfs/PUMaC_2009_Power_Problems.tex.zip,5
PUMaC,2009,Power,Solutions,,,,https://jason-shi-f9dm.squarespace.com/s/PUMaC2009_PowerSol.pdf,pumac_pdfs/PUMaC_2009_Power_Solutions.pdf,mathpix_output/pumac_pdfs/PUMaC_2009_Power_Solutions.md,mathpix_output/pumac_pdfs/PUMaC_2009_Power_Solutions.tex.zip,7
PUMaC,2009,Team,Problems,,,,https://jason-shi-f9dm.squarespace.com/s/PUMaC2009_TeamRound.pdf,pumac_pdfs/PUMaC_2009_Team_Problems.pdf,mathpix_output/pumac_pdfs/PUMaC_2009_Team_Problems.md,mathpix_output/pumac_pdfs/PUMaC_2009_Team_Problems.tex.zip,4
PUMaC,2009,Team,Solutions,,,,https://jason-shi-f9dm.squarespace.com/s/PUMaC2009_TeamRoundSol.pdf,pumac_pdfs/PUMaC_2009_Team_Solutions.pdf,mathpix_output/pumac_pdfs/PUMaC_2009_Team_Solutions.md,mathpix_output/pumac_pdfs/PUMaC_2009_Team_Solutions.tex.zip,7
PUMaC,2008,Algebra,Problems,A,,,https://jason-shi-f9dm.squarespace.com/s/PUMaC2008_AlgebraA.pdf,pumac_pdfs/PUMaC_2008_Algebra_A_Problems.pdf,mathpix_output/pumac_pdfs/PUMaC_2008_Algebra_A_Problems.md,mathpix_output/pumac_pdfs/PUMaC_2008_Algebra_A_Problems.tex.zip,1
PUMaC,2008,Algebra,Problems,B,,,https://jason-shi-f9dm.squarespace.com/s/PUMaC2008_AlgebraB.pdf,pumac_pdfs/PUMaC_2008_Algebra_B_Problems.pdf,mathpix_output/pumac_pdfs/PUMaC_2008_Algebra_B_Problems.md,mathpix_output/pumac_pdfs/PUMaC_2008_Algebra_B_Problems.tex.zip,1
PUMaC,2008,Algebra,Solutions,A,,,https://jason-shi-f9dm.squarespace.com/s/PUMaC2008_AlgebraSol.pdf,pumac_pdfs/PUMaC_2008_Algebra_A_Solutions.pdf,mathpix_output/pumac_pdfs/PUMaC_2008_Algebra_A_Solutions.md,mathpix_output/pumac_pdfs/PUMaC_2008_Algebra_A_Solutions.tex.zip,4
PUMaC,2008,Algebra,Solutions,B,,,https://jason-shi-f9dm.squarespace.com/s/PUMaC2008_AlgebraSol-4b87.pdf,pumac_pdfs/PUMaC_2008_Algebra_B_Solutions.pdf,mathpix_output/pumac_pdfs/PUMaC_2008_Algebra_B_Solutions.md,mathpix_output/pumac_pdfs/PUMaC_2008_Algebra_B_Solutions.tex.zip,4
PUMaC,2008,Combinatorics,Problems,A,,,https://jason-shi-f9dm.squarespace.com/s/PUMaC2008_CombinatoricsA.pdf,pumac_pdfs/PUMaC_2008_Combinatorics_A_Problems.pdf,mathpix_output/pumac_pdfs/PUMaC_2008_Combinatorics_A_Problems.md,mathpix_output/pumac_pdfs/PUMaC_2008_Combinatorics_A_Problems.tex.zip,2
PUMaC,2008,Combinatorics,Problems,B,,,https://jason-shi-f9dm.squarespace.com/s/PUMaC2008_CombinatoricsB.pdf,pumac_pdfs/PUMaC_2008_Combinatorics_B_Problems.pdf,mathpix_output/pumac_pdfs/PUMaC_2008_Combinatorics_B_Problems.md,mathpix_output/pumac_pdfs/PUMaC_2008_Combinatorics_B_Problems.tex.zip,2
PUMaC,2008,Combinatorics,Solutions,B,,,https://jason-shi-f9dm.squarespace.com/s/PUMaC2008_CombinatoricsSol-49yr.pdf,pumac_pdfs/PUMaC_2008_Combinatorics_B_Solutions.pdf,mathpix_output/pumac_pdfs/PUMaC_2008_Combinatorics_B_Solutions.md,mathpix_output/pumac_pdfs/PUMaC_2008_Combinatorics_B_Solutions.tex.zip,7
PUMaC,2008,Combinatorics,Solutions,A,,,https://jason-shi-f9dm.squarespace.com/s/PUMaC2008_CombinatoricsSol.pdf,pumac_pdfs/PUMaC_2008_Combinatorics_A_Solutions.pdf,mathpix_output/pumac_pdfs/PUMaC_2008_Combinatorics_A_Solutions.md,mathpix_output/pumac_pdfs/PUMaC_2008_Combinatorics_A_Solutions.tex.zip,7
PUMaC,2008,Finals,Problems,A,,,https://jason-shi-f9dm.squarespace.com/s/PUMaC2008_FinalsA.pdf,pumac_pdfs/PUMaC_2008_Finals_A_Problems.pdf,mathpix_output/pumac_pdfs/PUMaC_2008_Finals_A_Problems.md,mathpix_output/pumac_pdfs/PUMaC_2008_Finals_A_Problems.tex.zip,1
PUMaC,2008,Finals,Problems,B,,,https://jason-shi-f9dm.squarespace.com/s/PUMaC2008_FinalsB.pdf,pumac_pdfs/PUMaC_2008_Finals_B_Problems.pdf,mathpix_output/pumac_pdfs/PUMaC_2008_Finals_B_Problems.md,mathpix_output/pumac_pdfs/PUMaC_2008_Finals_B_Problems.tex.zip,1
PUMaC,2008,Finals,Solutions,A,,,https://jason-shi-f9dm.squarespace.com/s/PUMaC2008_FinalsSol.pdf,pumac_pdfs/PUMaC_2008_Finals_A_Solutions.pdf,mathpix_output/pumac_pdfs/PUMaC_2008_Finals_A_Solutions.md,mathpix_output/pumac_pdfs/PUMaC_2008_Finals_A_Solutions.tex.zip,2
PUMaC,2008,Geometry,Problems,B,,,https://jason-shi-f9dm.squarespace.com/s/PUMaC2008_GeometryB.pdf,pumac_pdfs/PUMaC_2008_Geometry_B_Problems.pdf,mathpix_output/pumac_pdfs/PUMaC_2008_Geometry_B_Problems.md,mathpix_output/pumac_pdfs/PUMaC_2008_Geometry_B_Problems.tex.zip,2
PUMaC,2008,Geometry,Problems,A,,,https://jason-shi-f9dm.squarespace.com/s/PUMaC2008_GeometryA.pdf,pumac_pdfs/PUMaC_2008_Geometry_A_Problems.pdf,mathpix_output/pumac_pdfs/PUMaC_2008_Geometry_A_Problems.md,mathpix_output/pumac_pdfs/PUMaC_2008_Geometry_A_Problems.tex.zip,1
PUMaC,2008,Geometry,Solutions,A,,,https://jason-shi-f9dm.squarespace.com/s/PUMaC2008_GeometrySol.pdf,pumac_pdfs/PUMaC_2008_Geometry_A_Solutions.pdf,mathpix_output/pumac_pdfs/PUMaC_2008_Geometry_A_Solutions.md,mathpix_output/pumac_pdfs/PUMaC_2008_Geometry_A_Solutions.tex.zip,5
PUMaC,2008,Geometry,Solutions,B,,,https://jason-shi-f9dm.squarespace.com/s/PUMaC2008_GeometrySol-sar4.pdf,pumac_pdfs/PUMaC_2008_Geometry_B_Solutions.pdf,mathpix_output/pumac_pdfs/PUMaC_2008_Geometry_B_Solutions.md,mathpix_output/pumac_pdfs/PUMaC_2008_Geometry_B_Solutions.tex.zip,5
PUMaC,2008,NumberTheory,Problems,A,,,https://jason-shi-f9dm.squarespace.com/s/PUMaC2008_NumberTheoryA.pdf,pumac_pdfs/PUMaC_2008_NumberTheory_A_Problems.pdf,mathpix_output/pumac_pdfs/PUMaC_2008_NumberTheory_A_Problems.md,mathpix_output/pumac_pdfs/PUMaC_2008_NumberTheory_A_Problems.tex.zip,1
PUMaC,2008,NumberTheory,Problems,B,,,https://jason-shi-f9dm.squarespace.com/s/PUMaC2008_NumberTheoryB.pdf,pumac_pdfs/PUMaC_2008_NumberTheory_B_Problems.pdf,mathpix_output/pumac_pdfs/PUMaC_2008_NumberTheory_B_Problems.md,mathpix_output/pumac_pdfs/PUMaC_2008_NumberTheory_B_Problems.tex.zip,1
PUMaC,2008,NumberTheory,Solutions,A,,,https://jason-shi-f9dm.squarespace.com/s/PUMaC2008_NumberTheorySol.pdf,pumac_pdfs/PUMaC_2008_NumberTheory_A_Solutions.pdf,mathpix_output/pumac_pdfs/PUMaC_2008_NumberTheory_A_Solutions.md,mathpix_output/pumac_pdfs/PUMaC_2008_NumberTheory_A_Solutions.tex.zip,4
PUMaC,2008,NumberTheory,Solutions,B,,,https://jason-shi-f9dm.squarespace.com/s/PUMaC2008_NumberTheorySol-j4w8.pdf,pumac_pdfs/PUMaC_2008_NumberTheory_B_Solutions.pdf,mathpix_output/pumac_pdfs/PUMaC_2008_NumberTheory_B_Solutions.md,mathpix_output/pumac_pdfs/PUMaC_2008_NumberTheory_B_Solutions.tex.zip,4
PUMaC,2008,Power,Problems,,,,https://jason-shi-f9dm.squarespace.com/s/PUMaC2008_Power.pdf,pumac_pdfs/PUMaC_2008_Power_Problems.pdf,mathpix_output/pumac_pdfs/PUMaC_2008_Power_Problems.md,mathpix_output/pumac_pdfs/PUMaC_2008_Power_Problems.tex.zip,8
PUMaC,2008,Team,Problems,,,,https://jason-shi-f9dm.squarespace.com/s/PUMaC2008_TeamB.pdf,pumac_pdfs/PUMaC_2008_Team_Problems.pdf,mathpix_output/pumac_pdfs/PUMaC_2008_Team_Problems.md,mathpix_output/pumac_pdfs/PUMaC_2008_Team_Problems.tex.zip,2
PUMaC,2008,Team,Solutions,,,,https://jason-shi-f9dm.squarespace.com/s/PUMaC2008_TeamSol.pdf,pumac_pdfs/PUMaC_2008_Team_Solutions.pdf,mathpix_output/pumac_pdfs/PUMaC_2008_Team_Solutions.md,mathpix_output/pumac_pdfs/PUMaC_2008_Team_Solutions.tex.zip,5
PUMaC,2007,Algebra,Problems,A,,,https://jason-shi-f9dm.squarespace.com/s/PUMaC2007_AlgebraA.pdf,pumac_pdfs/PUMaC_2007_Algebra_A_Problems.pdf,mathpix_output/pumac_pdfs/PUMaC_2007_Algebra_A_Problems.md,mathpix_output/pumac_pdfs/PUMaC_2007_Algebra_A_Problems.tex.zip,1
PUMaC,2007,Algebra,Problems,B,,,https://jason-shi-f9dm.squarespace.com/s/PUMaC2007_AlgebraB.pdf,pumac_pdfs/PUMaC_2007_Algebra_B_Problems.pdf,mathpix_output/pumac_pdfs/PUMaC_2007_Algebra_B_Problems.md,mathpix_output/pumac_pdfs/PUMaC_2007_Algebra_B_Problems.tex.zip,1
PUMaC,2007,Combinatorics,Problems,B,,,https://jason-shi-f9dm.squarespace.com/s/PUMaC2007_CombinatoricsB.pdf,pumac_pdfs/PUMaC_2007_Combinatorics_B_Problems.pdf,mathpix_output/pumac_pdfs/PUMaC_2007_Combinatorics_B_Problems.md,mathpix_output/pumac_pdfs/PUMaC_2007_Combinatorics_B_Problems.tex.zip,1
PUMaC,2007,Combinatorics,Problems,A,,,https://jason-shi-f9dm.squarespace.com/s/PUMaC2007_CombinatoricsA.pdf,pumac_pdfs/PUMaC_2007_Combinatorics_A_Problems.pdf,mathpix_output/pumac_pdfs/PUMaC_2007_Combinatorics_A_Problems.md,mathpix_output/pumac_pdfs/PUMaC_2007_Combinatorics_A_Problems.tex.zip,1
PUMaC,2007,Finals,Problems,B,,,https://jason-shi-f9dm.squarespace.com/s/PUMaC2007_FinalsB.pdf,pumac_pdfs/PUMaC_2007_Finals_B_Problems.pdf,mathpix_output/pumac_pdfs/PUMaC_2007_Finals_B_Problems.md,mathpix_output/pumac_pdfs/PUMaC_2007_Finals_B_Problems.tex.zip,1
PUMaC,2007,Finals,Problems,A,,,https://jason-shi-f9dm.squarespace.com/s/PUMaC2007_FinalsA.pdf,pumac_pdfs/PUMaC_2007_Finals_A_Problems.pdf,mathpix_output/pumac_pdfs/PUMaC_2007_Finals_A_Problems.md,mathpix_output/pumac_pdfs/PUMaC_2007_Finals_A_Problems.tex.zip,1
PUMaC,2007,Geometry,Problems,B,,,https://jason-shi-f9dm.squarespace.com/s/PUMaC2007_GeometryB.pdf,pumac_pdfs/PUMaC_2007_Geometry_B_Problems.pdf,mathpix_output/pumac_pdfs/PUMaC_2007_Geometry_B_Problems.md,mathpix_output/pumac_pdfs/PUMaC_2007_Geometry_B_Problems.tex.zip,2
PUMaC,2007,Geometry,Problems,A,,,https://jason-shi-f9dm.squarespace.com/s/PUMaC2007_GeometryA.pdf,pumac_pdfs/PUMaC_2007_Geometry_A_Problems.pdf,mathpix_output/pumac_pdfs/PUMaC_2007_Geometry_A_Problems.md,mathpix_output/pumac_pdfs/PUMaC_2007_Geometry_A_Problems.tex.zip,2
PUMaC,2007,NumberTheory,Problems,A,,,https://jason-shi-f9dm.squarespace.com/s/PUMaC2007_NumberTheoryA.pdf,pumac_pdfs/PUMaC_2007_NumberTheory_A_Problems.pdf,mathpix_output/pumac_pdfs/PUMaC_2007_NumberTheory_A_Problems.md,mathpix_output/pumac_pdfs/PUMaC_2007_NumberTheory_A_Problems.tex.zip,1
PUMaC,2007,NumberTheory,Problems,B,,,https://jason-shi-f9dm.squarespace.com/s/NumberTheoryB-e2ng.pdf,pumac_pdfs/PUMaC_2007_NumberTheory_B_Problems.pdf,mathpix_output/pumac_pdfs/PUMaC_2007_NumberTheory_B_Problems.md,mathpix_output/pumac_pdfs/PUMaC_2007_NumberTheory_B_Problems.tex.zip,1
PUMaC,2007,Power,Problems,,,,https://jason-shi-f9dm.squarespace.com/s/PUMaC2007_Power.pdf,pumac_pdfs/PUMaC_2007_Power_Problems.pdf,mathpix_output/pumac_pdfs/PUMaC_2007_Power_Problems.md,mathpix_output/pumac_pdfs/PUMaC_2007_Power_Problems.tex.zip,5
PUMaC,2007,Team,Problems,,,,https://jason-shi-f9dm.squarespace.com/s/TeamAB.pdf,pumac_pdfs/PUMaC_2007_Team_Problems.pdf,mathpix_output/pumac_pdfs/PUMaC_2007_Team_Problems.md,mathpix_output/pumac_pdfs/PUMaC_2007_Team_Problems.tex.zip,1
SMT,2024,Algebra,Problems,,Individual,,https://www.stanfordmathtournament.org/pdfs/smt2024/algebra-problems.pdf,smt_pdfs/SMT_2024_Algebra_Problems.pdf,mathpix_output/smt_pdfs/SMT_2024_Algebra_Problems.md,mathpix_output/smt_pdfs/SMT_2024_Algebra_Problems.tex.zip,1
SMT,2024,Algebra,Solutions,,Individual,,https://www.stanfordmathtournament.org/pdfs/smt2024/algebra-solutions.pdf,smt_pdfs/SMT_2024_Algebra_Solutions.pdf,mathpix_output/smt_pdfs/SMT_2024_Algebra_Solutions.md,mathpix_output/smt_pdfs/SMT_2024_Algebra_Solutions.tex.zip,5
SMT,2024,AlgebraTiebreaker,Problems,,Tiebreaker,,https://www.stanfordmathtournament.org/pdfs/smt2024/algebra-tiebreaker-problems.pdf,smt_pdfs/SMT_2024_AlgebraTiebreaker_Problems.pdf,mathpix_output/smt_pdfs/SMT_2024_AlgebraTiebreaker_Problems.md,mathpix_output/smt_pdfs/SMT_2024_AlgebraTiebreaker_Problems.tex.zip,1
SMT,2024,AlgebraTiebreaker,Solutions,,Tiebreaker,,https://www.stanfordmathtournament.org/pdfs/smt2024/algebra-tiebreaker-solutions.pdf,smt_pdfs/SMT_2024_AlgebraTiebreaker_Solutions.pdf,mathpix_output/smt_pdfs/SMT_2024_AlgebraTiebreaker_Solutions.md,mathpix_output/smt_pdfs/SMT_2024_AlgebraTiebreaker_Solutions.tex.zip,1
SMT,2024,Calculus,Problems,,Individual,,https://www.stanfordmathtournament.org/pdfs/smt2024/calculus-problems.pdf,smt_pdfs/SMT_2024_Calculus_Problems.pdf,mathpix_output/smt_pdfs/SMT_2024_Calculus_Problems.md,mathpix_output/smt_pdfs/SMT_2024_Calculus_Problems.tex.zip,2
SMT,2024,Calculus,Solutions,,Individual,,https://www.stanfordmathtournament.org/pdfs/smt2024/calculus-solutions.pdf,smt_pdfs/SMT_2024_Calculus_Solutions.pdf,mathpix_output/smt_pdfs/SMT_2024_Calculus_Solutions.md,mathpix_output/smt_pdfs/SMT_2024_Calculus_Solutions.tex.zip,6
SMT,2024,CalculusTiebreaker,Problems,,Tiebreaker,,https://www.stanfordmathtournament.org/pdfs/smt2024/calculus-tiebreaker-problems.pdf,smt_pdfs/SMT_2024_CalculusTiebreaker_Problems.pdf,mathpix_output/smt_pdfs/SMT_2024_CalculusTiebreaker_Problems.md,mathpix_output/smt_pdfs/SMT_2024_CalculusTiebreaker_Problems.tex.zip,1
SMT,2024,CalculusTiebreaker,Solutions,,Tiebreaker,,https://www.stanfordmathtournament.org/pdfs/smt2024/calculus-tiebreaker-solutions.pdf,smt_pdfs/SMT_2024_CalculusTiebreaker_Solutions.pdf,mathpix_output/smt_pdfs/SMT_2024_CalculusTiebreaker_Solutions.md,mathpix_output/smt_pdfs/SMT_2024_CalculusTiebreaker_Solutions.tex.zip,3
SMT,2024,Discrete,Problems,,Individual,,https://www.stanfordmathtournament.org/pdfs/smt2024/discrete-problems.pdf,smt_pdfs/SMT_2024_Discrete_Problems.pdf,mathpix_output/smt_pdfs/SMT_2024_Discrete_Problems.md,mathpix_output/smt_pdfs/SMT_2024_Discrete_Problems.tex.zip,2
SMT,2024,Discrete,Solutions,,Individual,,https://www.stanfordmathtournament.org/pdfs/smt2024/discrete-solutions.pdf,smt_pdfs/SMT_2024_Discrete_Solutions.pdf,mathpix_output/smt_pdfs/SMT_2024_Discrete_Solutions.md,mathpix_output/smt_pdfs/SMT_2024_Discrete_Solutions.tex.zip,7
SMT,2024,DiscreteTiebreaker,Problems,,Tiebreaker,,https://www.stanfordmathtournament.org/pdfs/smt2024/discrete-tiebreaker-problems.pdf,smt_pdfs/SMT_2024_DiscreteTiebreaker_Problems.pdf,mathpix_output/smt_pdfs/SMT_2024_DiscreteTiebreaker_Problems.md,mathpix_output/smt_pdfs/SMT_2024_DiscreteTiebreaker_Problems.tex.zip,1
SMT,2024,DiscreteTiebreaker,Solutions,,Tiebreaker,,https://www.stanfordmathtournament.org/pdfs/smt2024/discrete-tiebreaker-solutions.pdf,smt_pdfs/SMT_2024_DiscreteTiebreaker_Solutions.pdf,mathpix_output/smt_pdfs/SMT_2024_DiscreteTiebreaker_Solutions.md,mathpix_output/smt_pdfs/SMT_2024_DiscreteTiebreaker_Solutions.tex.zip,1
SMT,2024,General,Problems,,Individual,,https://www.stanfordmathtournament.org/pdfs/smt2024/general-problems.pdf,smt_pdfs/SMT_2024_General_Problems.pdf,mathpix_output/smt_pdfs/SMT_2024_General_Problems.md,mathpix_output/smt_pdfs/SMT_2024_General_Problems.tex.zip,4
SMT,2024,General,Solutions,,Individual,,https://www.stanfordmathtournament.org/pdfs/smt2024/general-solutions.pdf,smt_pdfs/SMT_2024_General_Solutions.pdf,mathpix_output/smt_pdfs/SMT_2024_General_Solutions.md,mathpix_output/smt_pdfs/SMT_2024_General_Solutions.tex.zip,9
SMT,2024,GeneralTiebreaker,Problems,,Tiebreaker,,https://www.stanfordmathtournament.org/pdfs/smt2024/general-tiebreaker-problems.pdf,smt_pdfs/SMT_2024_GeneralTiebreaker_Problems.pdf,mathpix_output/smt_pdfs/SMT_2024_GeneralTiebreaker_Problems.md,mathpix_output/smt_pdfs/SMT_2024_GeneralTiebreaker_Problems.tex.zip,1
SMT,2024,GeneralTiebreaker,Solutions,,Tiebreaker,,https://www.stanfordmathtournament.org/pdfs/smt2024/general-tiebreaker-solutions.pdf,smt_pdfs/SMT_2024_GeneralTiebreaker_Solutions.pdf,mathpix_output/smt_pdfs/SMT_2024_GeneralTiebreaker_Solutions.md,mathpix_output/smt_pdfs/SMT_2024_GeneralTiebreaker_Solutions.tex.zip,1
SMT,2024,Geometry,Problems,,Individual,,https://www.stanfordmathtournament.org/pdfs/smt2024/geometry-problems.pdf,smt_pdfs/SMT_2024_Geometry_Problems.pdf,mathpix_output/smt_pdfs/SMT_2024_Geometry_Problems.md,mathpix_output/smt_pdfs/SMT_2024_Geometry_Problems.tex.zip,2
SMT,2024,Geometry,Solutions,,Individual,,https://www.stanfordmathtournament.org/pdfs/smt2024/geometry-solutions.pdf,smt_pdfs/SMT_2024_Geometry_Solutions.pdf,mathpix_output/smt_pdfs/SMT_2024_Geometry_Solutions.md,mathpix_output/smt_pdfs/SMT_2024_Geometry_Solutions.tex.zip,5
SMT,2024,GeometryTiebreaker,Problems,,Tiebreaker,,https://www.stanfordmathtournament.org/pdfs/smt2024/geometry-tiebreaker-problems.pdf,smt_pdfs/SMT_2024_GeometryTiebreaker_Problems.pdf,mathpix_output/smt_pdfs/SMT_2024_GeometryTiebreaker_Problems.md,mathpix_output/smt_pdfs/SMT_2024_GeometryTiebreaker_Problems.tex.zip,1
SMT,2024,GeometryTiebreaker,Solutions,,Tiebreaker,,https://www.stanfordmathtournament.org/pdfs/smt2024/geometry-tiebreaker-solutions.pdf,smt_pdfs/SMT_2024_GeometryTiebreaker_Solutions.pdf,mathpix_output/smt_pdfs/SMT_2024_GeometryTiebreaker_Solutions.md,mathpix_output/smt_pdfs/SMT_2024_GeometryTiebreaker_Solutions.tex.zip,2
SMT,2024,Power,Problems,,Team,,https://www.stanfordmathtournament.org/pdfs/smt2024/power-problems.pdf,smt_pdfs/SMT_2024_Power_Problems.pdf,mathpix_output/smt_pdfs/SMT_2024_Power_Problems.md,mathpix_output/smt_pdfs/SMT_2024_Power_Problems.tex.zip,6
SMT,2024,Power,Solutions,,Team,,https://www.stanfordmathtournament.org/pdfs/smt2024/power-solutions.pdf,smt_pdfs/SMT_2024_Power_Solutions.pdf,mathpix_output/smt_pdfs/SMT_2024_Power_Solutions.md,mathpix_output/smt_pdfs/SMT_2024_Power_Solutions.tex.zip,9
SMT,2024,Team,Problems,,Team,,https://www.stanfordmathtournament.org/pdfs/smt2024/team-problems.pdf,smt_pdfs/SMT_2024_Team_Problems.pdf,mathpix_output/smt_pdfs/SMT_2024_Team_Problems.md,mathpix_output/smt_pdfs/SMT_2024_Team_Problems.tex.zip,2
SMT,2024,Team,Solutions,,Team,,https://www.stanfordmathtournament.org/pdfs/smt2024/team-solutions.pdf,smt_pdfs/SMT_2024_Team_Solutions.pdf,mathpix_output/smt_pdfs/SMT_2024_Team_Solutions.md,mathpix_output/smt_pdfs/SMT_2024_Team_Solutions.tex.zip,9
SMT,2023,Algebra,Problems,,Individual,,https://www.stanfordmathtournament.org/pdfs/smt2023/algebra-problems.pdf,smt_pdfs/SMT_2023_Algebra_Problems.pdf,mathpix_output/smt_pdfs/SMT_2023_Algebra_Problems.md,mathpix_output/smt_pdfs/SMT_2023_Algebra_Problems.tex.zip,2
SMT,2023,Algebra,Solutions,,Individual,,https://www.stanfordmathtournament.org/pdfs/smt2023/algebra-solutions.pdf,smt_pdfs/SMT_2023_Algebra_Solutions.pdf,mathpix_output/smt_pdfs/SMT_2023_Algebra_Solutions.md,mathpix_output/smt_pdfs/SMT_2023_Algebra_Solutions.tex.zip,6
SMT,2023,AlgebraTiebreaker,Problems,,Tiebreaker,,https://www.stanfordmathtournament.org/pdfs/smt2023/algebra-tiebreaker-problems.pdf,smt_pdfs/SMT_2023_AlgebraTiebreaker_Problems.pdf,mathpix_output/smt_pdfs/SMT_2023_AlgebraTiebreaker_Problems.md,mathpix_output/smt_pdfs/SMT_2023_AlgebraTiebreaker_Problems.tex.zip,1
SMT,2023,AlgebraTiebreaker,Solutions,,Tiebreaker,,https://www.stanfordmathtournament.org/pdfs/smt2023/algebra-tiebreaker-solutions.pdf,smt_pdfs/SMT_2023_AlgebraTiebreaker_Solutions.pdf,mathpix_output/smt_pdfs/SMT_2023_AlgebraTiebreaker_Solutions.md,mathpix_output/smt_pdfs/SMT_2023_AlgebraTiebreaker_Solutions.tex.zip,1
SMT,2023,Calculus,Problems,,Individual,,https://www.stanfordmathtournament.org/pdfs/smt2023/calculus-problems.pdf,smt_pdfs/SMT_2023_Calculus_Problems.pdf,mathpix_output/smt_pdfs/SMT_2023_Calculus_Problems.md,mathpix_output/smt_pdfs/SMT_2023_Calculus_Problems.tex.zip,1
SMT,2023,Calculus,Solutions,,Individual,,https://www.stanfordmathtournament.org/pdfs/smt2023/calculus-solutions.pdf,smt_pdfs/SMT_2023_Calculus_Solutions.pdf,mathpix_output/smt_pdfs/SMT_2023_Calculus_Solutions.md,mathpix_output/smt_pdfs/SMT_2023_Calculus_Solutions.tex.zip,6
SMT,2023,CalculusTiebreaker,Problems,,Tiebreaker,,https://www.stanfordmathtournament.org/pdfs/smt2023/calculus-tiebreaker-problems.pdf,smt_pdfs/SMT_2023_CalculusTiebreaker_Problems.pdf,mathpix_output/smt_pdfs/SMT_2023_CalculusTiebreaker_Problems.md,mathpix_output/smt_pdfs/SMT_2023_CalculusTiebreaker_Problems.tex.zip,1
SMT,2023,CalculusTiebreaker,Solutions,,Tiebreaker,,https://www.stanfordmathtournament.org/pdfs/smt2023/calculus-tiebreaker-solutions.pdf,smt_pdfs/SMT_2023_CalculusTiebreaker_Solutions.pdf,mathpix_output/smt_pdfs/SMT_2023_CalculusTiebreaker_Solutions.md,mathpix_output/smt_pdfs/SMT_2023_CalculusTiebreaker_Solutions.tex.zip,2
SMT,2023,Discrete,Problems,,Individual,,https://www.stanfordmathtournament.org/pdfs/smt2023/discrete-problems.pdf,smt_pdfs/SMT_2023_Discrete_Problems.pdf,mathpix_output/smt_pdfs/SMT_2023_Discrete_Problems.md,mathpix_output/smt_pdfs/SMT_2023_Discrete_Problems.tex.zip,2
SMT,2023,Discrete,Solutions,,Individual,,https://www.stanfordmathtournament.org/pdfs/smt2023/discrete-solutions.pdf,smt_pdfs/SMT_2023_Discrete_Solutions.pdf,mathpix_output/smt_pdfs/SMT_2023_Discrete_Solutions.md,mathpix_output/smt_pdfs/SMT_2023_Discrete_Solutions.tex.zip,6
SMT,2023,DiscreteTiebreaker,Problems,,Tiebreaker,,https://www.stanfordmathtournament.org/pdfs/smt2023/discrete-tiebreaker-problems.pdf,smt_pdfs/SMT_2023_DiscreteTiebreaker_Problems.pdf,mathpix_output/smt_pdfs/SMT_2023_DiscreteTiebreaker_Problems.md,mathpix_output/smt_pdfs/SMT_2023_DiscreteTiebreaker_Problems.tex.zip,1
SMT,2023,DiscreteTiebreaker,Solutions,,Tiebreaker,,https://www.stanfordmathtournament.org/pdfs/smt2023/discrete-tiebreaker-solutions.pdf,smt_pdfs/SMT_2023_DiscreteTiebreaker_Solutions.pdf,mathpix_output/smt_pdfs/SMT_2023_DiscreteTiebreaker_Solutions.md,mathpix_output/smt_pdfs/SMT_2023_DiscreteTiebreaker_Solutions.tex.zip,2
SMT,2023,General,Problems,,Individual,,https://www.stanfordmathtournament.org/pdfs/smt2023/general-problems.pdf,smt_pdfs/SMT_2023_General_Problems.pdf,mathpix_output/smt_pdfs/SMT_2023_General_Problems.md,mathpix_output/smt_pdfs/SMT_2023_General_Problems.tex.zip,3
SMT,2023,General,Solutions,,Individual,,https://www.stanfordmathtournament.org/pdfs/smt2023/general-solutions.pdf,smt_pdfs/SMT_2023_General_Solutions.pdf,mathpix_output/smt_pdfs/SMT_2023_General_Solutions.md,mathpix_output/smt_pdfs/SMT_2023_General_Solutions.tex.zip,10
SMT,2023,GeneralTiebreaker,Problems,,Tiebreaker,,https://www.stanfordmathtournament.org/pdfs/smt2023/general-tiebreaker-problems.pdf,smt_pdfs/SMT_2023_GeneralTiebreaker_Problems.pdf,mathpix_output/smt_pdfs/SMT_2023_GeneralTiebreaker_Problems.md,mathpix_output/smt_pdfs/SMT_2023_GeneralTiebreaker_Problems.tex.zip,1
SMT,2023,GeneralTiebreaker,Solutions,,Tiebreaker,,https://www.stanfordmathtournament.org/pdfs/smt2023/general-tiebreaker-solutions.pdf,smt_pdfs/SMT_2023_GeneralTiebreaker_Solutions.pdf,mathpix_output/smt_pdfs/SMT_2023_GeneralTiebreaker_Solutions.md,mathpix_output/smt_pdfs/SMT_2023_GeneralTiebreaker_Solutions.tex.zip,1
SMT,2023,Geometry,Problems,,Individual,,https://www.stanfordmathtournament.org/pdfs/smt2023/geometry-problems.pdf,smt_pdfs/SMT_2023_Geometry_Problems.pdf,mathpix_output/smt_pdfs/SMT_2023_Geometry_Problems.md,mathpix_output/smt_pdfs/SMT_2023_Geometry_Problems.tex.zip,2
SMT,2023,Geometry,Solutions,,Individual,,https://www.stanfordmathtournament.org/pdfs/smt2023/geometry-solutions.pdf,smt_pdfs/SMT_2023_Geometry_Solutions.pdf,mathpix_output/smt_pdfs/SMT_2023_Geometry_Solutions.md,mathpix_output/smt_pdfs/SMT_2023_Geometry_Solutions.tex.zip,7
SMT,2023,GeometryTiebreaker,Problems,,Tiebreaker,,https://www.stanfordmathtournament.org/pdfs/smt2023/geometry-tiebreaker-problems.pdf,smt_pdfs/SMT_2023_GeometryTiebreaker_Problems.pdf,mathpix_output/smt_pdfs/SMT_2023_GeometryTiebreaker_Problems.md,mathpix_output/smt_pdfs/SMT_2023_GeometryTiebreaker_Problems.tex.zip,1
SMT,2023,GeometryTiebreaker,Solutions,,Tiebreaker,,https://www.stanfordmathtournament.org/pdfs/smt2023/geometry-tiebreaker-solutions.pdf,smt_pdfs/SMT_2023_GeometryTiebreaker_Solutions.pdf,mathpix_output/smt_pdfs/SMT_2023_GeometryTiebreaker_Solutions.md,mathpix_output/smt_pdfs/SMT_2023_GeometryTiebreaker_Solutions.tex.zip,1
SMT,2023,Power,Problems,,Team,,https://www.stanfordmathtournament.org/pdfs/smt2023/power-problems.pdf,smt_pdfs/SMT_2023_Power_Problems.pdf,mathpix_output/smt_pdfs/SMT_2023_Power_Problems.md,mathpix_output/smt_pdfs/SMT_2023_Power_Problems.tex.zip,11
SMT,2023,Power,Solutions,,Team,,https://www.stanfordmathtournament.org/pdfs/smt2023/power-solutions.pdf,smt_pdfs/SMT_2023_Power_Solutions.pdf,mathpix_output/smt_pdfs/SMT_2023_Power_Solutions.md,mathpix_output/smt_pdfs/SMT_2023_Power_Solutions.tex.zip,22
SMT,2023,Results,Results,,Results,,https://www.stanfordmathtournament.org/pdfs/smt2023/results.pdf,smt_pdfs/SMT_2023_Results.pdf,mathpix_output/smt_pdfs/SMT_2023_Results.md,mathpix_output/smt_pdfs/SMT_2023_Results.tex.zip,19
SMT,2023,ResultsOnline,Results,,Results,,https://www.stanfordmathtournament.org/pdfs/smt2023/results-online.pdf,smt_pdfs/SMT_2023_ResultsOnline.pdf,mathpix_output/smt_pdfs/SMT_2023_ResultsOnline.md,mathpix_output/smt_pdfs/SMT_2023_ResultsOnline.tex.zip,45
SMT,2023,Team,Problems,,Team,,https://www.stanfordmathtournament.org/pdfs/smt2023/team-problems.pdf,smt_pdfs/SMT_2023_Team_Problems.pdf,mathpix_output/smt_pdfs/SMT_2023_Team_Problems.md,mathpix_output/smt_pdfs/SMT_2023_Team_Problems.tex.zip,2
SMT,2023,Team,Solutions,,Team,,https://www.stanfordmathtournament.org/pdfs/smt2023/team-solutions.pdf,smt_pdfs/SMT_2023_Team_Solutions.pdf,mathpix_output/smt_pdfs/SMT_2023_Team_Solutions.md,mathpix_output/smt_pdfs/SMT_2023_Team_Solutions.tex.zip,10
SMT,2022,Algebra,Problems,,Individual,,https://www.stanfordmathtournament.org/pdfs/smt2022/algebra-problems.pdf,smt_pdfs/SMT_2022_Algebra_Problems.pdf,mathpix_output/smt_pdfs/SMT_2022_Algebra_Problems.md,mathpix_output/smt_pdfs/SMT_2022_Algebra_Problems.tex.zip,2
SMT,2022,Algebra,Solutions,,Individual,,https://www.stanfordmathtournament.org/pdfs/smt2022/algebra-solutions.pdf,smt_pdfs/SMT_2022_Algebra_Solutions.pdf,mathpix_output/smt_pdfs/SMT_2022_Algebra_Solutions.md,mathpix_output/smt_pdfs/SMT_2022_Algebra_Solutions.tex.zip,6
SMT,2022,AlgebraTiebreaker,Problems,,Tiebreaker,,https://www.stanfordmathtournament.org/pdfs/smt2022/algebra-tiebreaker-problems.pdf,smt_pdfs/SMT_2022_AlgebraTiebreaker_Problems.pdf,mathpix_output/smt_pdfs/SMT_2022_AlgebraTiebreaker_Problems.md,mathpix_output/smt_pdfs/SMT_2022_AlgebraTiebreaker_Problems.tex.zip,1
SMT,2022,AlgebraTiebreaker,Solutions,,Tiebreaker,,https://www.stanfordmathtournament.org/pdfs/smt2022/algebra-tiebreaker-solutions.pdf,smt_pdfs/SMT_2022_AlgebraTiebreaker_Solutions.pdf,mathpix_output/smt_pdfs/SMT_2022_AlgebraTiebreaker_Solutions.md,mathpix_output/smt_pdfs/SMT_2022_AlgebraTiebreaker_Solutions.tex.zip,2
SMT,2022,Calculus,Problems,,Individual,,https://www.stanfordmathtournament.org/pdfs/smt2022/calculus-problems.pdf,smt_pdfs/SMT_2022_Calculus_Problems.pdf,mathpix_output/smt_pdfs/SMT_2022_Calculus_Problems.md,mathpix_output/smt_pdfs/SMT_2022_Calculus_Problems.tex.zip,2
SMT,2022,Calculus,Solutions,,Individual,,https://www.stanfordmathtournament.org/pdfs/smt2022/calculus-solutions.pdf,smt_pdfs/SMT_2022_Calculus_Solutions.pdf,mathpix_output/smt_pdfs/SMT_2022_Calculus_Solutions.md,mathpix_output/smt_pdfs/SMT_2022_Calculus_Solutions.tex.zip,6
SMT,2022,CalculusTiebreaker,Problems,,Tiebreaker,,https://www.stanfordmathtournament.org/pdfs/smt2022/calculus-tiebreaker-problems.pdf,smt_pdfs/SMT_2022_CalculusTiebreaker_Problems.pdf,mathpix_output/smt_pdfs/SMT_2022_CalculusTiebreaker_Problems.md,mathpix_output/smt_pdfs/SMT_2022_CalculusTiebreaker_Problems.tex.zip,1
SMT,2022,CalculusTiebreaker,Solutions,,Tiebreaker,,https://www.stanfordmathtournament.org/pdfs/smt2022/calculus-tiebreaker-solutions.pdf,smt_pdfs/SMT_2022_CalculusTiebreaker_Solutions.pdf,mathpix_output/smt_pdfs/SMT_2022_CalculusTiebreaker_Solutions.md,mathpix_output/smt_pdfs/SMT_2022_CalculusTiebreaker_Solutions.tex.zip,2
SMT,2022,Discrete,Problems,,Individual,,https://www.stanfordmathtournament.org/pdfs/smt2022/discrete-problems.pdf,smt_pdfs/SMT_2022_Discrete_Problems.pdf,mathpix_output/smt_pdfs/SMT_2022_Discrete_Problems.md,mathpix_output/smt_pdfs/SMT_2022_Discrete_Problems.tex.zip,1
SMT,2022,Discrete,Solutions,,Individual,,https://www.stanfordmathtournament.org/pdfs/smt2022/discrete-solutions.pdf,smt_pdfs/SMT_2022_Discrete_Solutions.pdf,mathpix_output/smt_pdfs/SMT_2022_Discrete_Solutions.md,mathpix_output/smt_pdfs/SMT_2022_Discrete_Solutions.tex.zip,7
SMT,2022,DiscreteTiebreaker,Problems,,Tiebreaker,,https://www.stanfordmathtournament.org/pdfs/smt2022/discrete-tiebreaker-problems.pdf,smt_pdfs/SMT_2022_DiscreteTiebreaker_Problems.pdf,mathpix_output/smt_pdfs/SMT_2022_DiscreteTiebreaker_Problems.md,mathpix_output/smt_pdfs/SMT_2022_DiscreteTiebreaker_Problems.tex.zip,1
SMT,2022,DiscreteTiebreaker,Solutions,,Tiebreaker,,https://www.stanfordmathtournament.org/pdfs/smt2022/discrete-tiebreaker-solutions.pdf,smt_pdfs/SMT_2022_DiscreteTiebreaker_Solutions.pdf,mathpix_output/smt_pdfs/SMT_2022_DiscreteTiebreaker_Solutions.md,mathpix_output/smt_pdfs/SMT_2022_DiscreteTiebreaker_Solutions.tex.zip,1
SMT,2022,General,Problems,,Individual,,https://www.stanfordmathtournament.org/pdfs/smt2022/general-problems.pdf,smt_pdfs/SMT_2022_General_Problems.pdf,mathpix_output/smt_pdfs/SMT_2022_General_Problems.md,mathpix_output/smt_pdfs/SMT_2022_General_Problems.tex.zip,3
SMT,2022,General,Solutions,,Individual,,https://www.stanfordmathtournament.org/pdfs/smt2022/general-solutions.pdf,smt_pdfs/SMT_2022_General_Solutions.pdf,mathpix_output/smt_pdfs/SMT_2022_General_Solutions.md,mathpix_output/smt_pdfs/SMT_2022_General_Solutions.tex.zip,11
SMT,2022,GeneralTiebreaker,Problems,,Tiebreaker,,https://www.stanfordmathtournament.org/pdfs/smt2022/general-tiebreaker-problems.pdf,smt_pdfs/SMT_2022_GeneralTiebreaker_Problems.pdf,mathpix_output/smt_pdfs/SMT_2022_GeneralTiebreaker_Problems.md,mathpix_output/smt_pdfs/SMT_2022_GeneralTiebreaker_Problems.tex.zip,1
SMT,2022,GeneralTiebreaker,Solutions,,Tiebreaker,,https://www.stanfordmathtournament.org/pdfs/smt2022/general-tiebreaker-solutions.pdf,smt_pdfs/SMT_2022_GeneralTiebreaker_Solutions.pdf,mathpix_output/smt_pdfs/SMT_2022_GeneralTiebreaker_Solutions.md,mathpix_output/smt_pdfs/SMT_2022_GeneralTiebreaker_Solutions.tex.zip,1
SMT,2022,Geometry,Problems,,Individual,,https://www.stanfordmathtournament.org/pdfs/smt2022/geometry-problems.pdf,smt_pdfs/SMT_2022_Geometry_Problems.pdf,mathpix_output/smt_pdfs/SMT_2022_Geometry_Problems.md,mathpix_output/smt_pdfs/SMT_2022_Geometry_Problems.tex.zip,1
SMT,2022,Geometry,Solutions,,Individual,,https://www.stanfordmathtournament.org/pdfs/smt2022/geometry-solutions.pdf,smt_pdfs/SMT_2022_Geometry_Solutions.pdf,mathpix_output/smt_pdfs/SMT_2022_Geometry_Solutions.md,mathpix_output/smt_pdfs/SMT_2022_Geometry_Solutions.tex.zip,5
SMT,2022,GeometryTiebreaker,Problems,,Tiebreaker,,https://www.stanfordmathtournament.org/pdfs/smt2022/geometry-tiebreaker-problems.pdf,smt_pdfs/SMT_2022_GeometryTiebreaker_Problems.pdf,mathpix_output/smt_pdfs/SMT_2022_GeometryTiebreaker_Problems.md,mathpix_output/smt_pdfs/SMT_2022_GeometryTiebreaker_Problems.tex.zip,1
SMT,2022,GeometryTiebreaker,Solutions,,Tiebreaker,,https://www.stanfordmathtournament.org/pdfs/smt2022/geometry-tiebreaker-solutions.pdf,smt_pdfs/SMT_2022_GeometryTiebreaker_Solutions.pdf,mathpix_output/smt_pdfs/SMT_2022_GeometryTiebreaker_Solutions.md,mathpix_output/smt_pdfs/SMT_2022_GeometryTiebreaker_Solutions.tex.zip,1
SMT,2022,Power,Problems,,Team,,https://www.stanfordmathtournament.org/pdfs/smt2022/power-problems.pdf,smt_pdfs/SMT_2022_Power_Problems.pdf,mathpix_output/smt_pdfs/SMT_2022_Power_Problems.md,mathpix_output/smt_pdfs/SMT_2022_Power_Problems.tex.zip,20
SMT,2022,Power,Solutions,,Team,,https://www.stanfordmathtournament.org/pdfs/smt2022/power-solutions.pdf,smt_pdfs/SMT_2022_Power_Solutions.pdf,mathpix_output/smt_pdfs/SMT_2022_Power_Solutions.md,mathpix_output/smt_pdfs/SMT_2022_Power_Solutions.tex.zip,30
SMT,2022,Results,Results,,Results,,https://www.stanfordmathtournament.org/pdfs/smt2022/results.pdf,smt_pdfs/SMT_2022_Results.pdf,mathpix_output/smt_pdfs/SMT_2022_Results.md,mathpix_output/smt_pdfs/SMT_2022_Results.tex.zip,48
SMT,2022,Team,Problems,,Team,,https://www.stanfordmathtournament.org/pdfs/smt2022/team-problems.pdf,smt_pdfs/SMT_2022_Team_Problems.pdf,mathpix_output/smt_pdfs/SMT_2022_Team_Problems.md,mathpix_output/smt_pdfs/SMT_2022_Team_Problems.tex.zip,2
SMT,2022,Team,Solutions,,Team,,https://www.stanfordmathtournament.org/pdfs/smt2022/team-solutions.pdf,smt_pdfs/SMT_2022_Team_Solutions.pdf,mathpix_output/smt_pdfs/SMT_2022_Team_Solutions.md,mathpix_output/smt_pdfs/SMT_2022_Team_Solutions.tex.zip,10
SMT,2021,Algebra,Problems,,Individual,,https://www.stanfordmathtournament.org/pdfs/smt2021/algebra-problems.pdf,smt_pdfs/SMT_2021_Algebra_Problems.pdf,mathpix_output/smt_pdfs/SMT_2021_Algebra_Problems.md,mathpix_output/smt_pdfs/SMT_2021_Algebra_Problems.tex.zip,1
SMT,2021,Algebra,Solutions,,Individual,,https://www.stanfordmathtournament.org/pdfs/smt2021/algebra-solutions.pdf,smt_pdfs/SMT_2021_Algebra_Solutions.pdf,mathpix_output/smt_pdfs/SMT_2021_Algebra_Solutions.md,mathpix_output/smt_pdfs/SMT_2021_Algebra_Solutions.tex.zip,6
SMT,2021,AlgebraTiebreaker,Problems,,Tiebreaker,,https://www.stanfordmathtournament.org/pdfs/smt2021/algebra-tiebreaker-problems.pdf,smt_pdfs/SMT_2021_AlgebraTiebreaker_Problems.pdf,mathpix_output/smt_pdfs/SMT_2021_AlgebraTiebreaker_Problems.md,mathpix_output/smt_pdfs/SMT_2021_AlgebraTiebreaker_Problems.tex.zip,1
SMT,2021,AlgebraTiebreaker,Solutions,,Tiebreaker,,https://www.stanfordmathtournament.org/pdfs/smt2021/algebra-tiebreaker-solutions.pdf,smt_pdfs/SMT_2021_AlgebraTiebreaker_Solutions.pdf,mathpix_output/smt_pdfs/SMT_2021_AlgebraTiebreaker_Solutions.md,mathpix_output/smt_pdfs/SMT_2021_AlgebraTiebreaker_Solutions.tex.zip,1
SMT,2021,General,Problems,,Individual,,https://www.stanfordmathtournament.org/pdfs/smt2021/general-problems.pdf,smt_pdfs/SMT_2021_General_Problems.pdf,mathpix_output/smt_pdfs/SMT_2021_General_Problems.md,mathpix_output/smt_pdfs/SMT_2021_General_Problems.tex.zip,2
SMT,2021,General,Solutions,,Individual,,https://www.stanfordmathtournament.org/pdfs/smt2021/general-solutions.pdf,smt_pdfs/SMT_2021_General_Solutions.pdf,mathpix_output/smt_pdfs/SMT_2021_General_Solutions.md,mathpix_output/smt_pdfs/SMT_2021_General_Solutions.tex.zip,5
SMT,2021,GeneralTiebreaker,Problems,,Tiebreaker,,https://www.stanfordmathtournament.org/pdfs/smt2021/general-tiebreaker-problems.pdf,smt_pdfs/SMT_2021_GeneralTiebreaker_Problems.pdf,mathpix_output/smt_pdfs/SMT_2021_GeneralTiebreaker_Problems.md,mathpix_output/smt_pdfs/SMT_2021_GeneralTiebreaker_Problems.tex.zip,1
SMT,2021,GeneralTiebreaker,Solutions,,Tiebreaker,,https://www.stanfordmathtournament.org/pdfs/smt2021/general-tiebreaker-solutions.pdf,smt_pdfs/SMT_2021_GeneralTiebreaker_Solutions.pdf,mathpix_output/smt_pdfs/SMT_2021_GeneralTiebreaker_Solutions.md,mathpix_output/smt_pdfs/SMT_2021_GeneralTiebreaker_Solutions.tex.zip,1
SMT,2021,Geometry,Problems,,Individual,,https://www.stanfordmathtournament.org/pdfs/smt2021/geometry-problems.pdf,smt_pdfs/SMT_2021_Geometry_Problems.pdf,mathpix_output/smt_pdfs/SMT_2021_Geometry_Problems.md,mathpix_output/smt_pdfs/SMT_2021_Geometry_Problems.tex.zip,2
SMT,2021,Geometry,Solutions,,Individual,,https://www.stanfordmathtournament.org/pdfs/smt2021/geometry-solutions.pdf,smt_pdfs/SMT_2021_Geometry_Solutions.pdf,mathpix_output/smt_pdfs/SMT_2021_Geometry_Solutions.md,mathpix_output/smt_pdfs/SMT_2021_Geometry_Solutions.tex.zip,5
SMT,2021,GeometryTiebreaker,Problems,,Tiebreaker,,https://www.stanfordmathtournament.org/pdfs/smt2021/geometry-tiebreaker-problems.pdf,smt_pdfs/SMT_2021_GeometryTiebreaker_Problems.pdf,mathpix_output/smt_pdfs/SMT_2021_GeometryTiebreaker_Problems.md,mathpix_output/smt_pdfs/SMT_2021_GeometryTiebreaker_Problems.tex.zip,1
SMT,2021,GeometryTiebreaker,Solutions,,Tiebreaker,,https://www.stanfordmathtournament.org/pdfs/smt2021/geometry-tiebreaker-solutions.pdf,smt_pdfs/SMT_2021_GeometryTiebreaker_Solutions.pdf,mathpix_output/smt_pdfs/SMT_2021_GeometryTiebreaker_Solutions.md,mathpix_output/smt_pdfs/SMT_2021_GeometryTiebreaker_Solutions.tex.zip,2
SMT,2021,Power,Problems,,Team,,https://www.stanfordmathtournament.org/pdfs/smt2021/power-problems.pdf,smt_pdfs/SMT_2021_Power_Problems.pdf,mathpix_output/smt_pdfs/SMT_2021_Power_Problems.md,mathpix_output/smt_pdfs/SMT_2021_Power_Problems.tex.zip,15
SMT,2021,Power,Solutions,,Team,,https://www.stanfordmathtournament.org/pdfs/smt2021/power-solutions.pdf,smt_pdfs/SMT_2021_Power_Solutions.pdf,mathpix_output/smt_pdfs/SMT_2021_Power_Solutions.md,mathpix_output/smt_pdfs/SMT_2021_Power_Solutions.tex.zip,21
SMT,2021,Team,Problems,,Team,,https://www.stanfordmathtournament.org/pdfs/smt2021/team-problems.pdf,smt_pdfs/SMT_2021_Team_Problems.pdf,mathpix_output/smt_pdfs/SMT_2021_Team_Problems.md,mathpix_output/smt_pdfs/SMT_2021_Team_Problems.tex.zip,2
SMT,2021,Team,Solutions,,Team,,https://www.stanfordmathtournament.org/pdfs/smt2021/team-solutions.pdf,smt_pdfs/SMT_2021_Team_Solutions.pdf,mathpix_output/smt_pdfs/SMT_2021_Team_Solutions.md,mathpix_output/smt_pdfs/SMT_2021_Team_Solutions.tex.zip,8
SMT,2020,Algebra,Problems,,Individual,,https://www.stanfordmathtournament.org/pdfs/smt2020/algebra-problems.pdf,smt_pdfs/SMT_2020_Algebra_Problems.pdf,mathpix_output/smt_pdfs/SMT_2020_Algebra_Problems.md,mathpix_output/smt_pdfs/SMT_2020_Algebra_Problems.tex.zip,1
SMT,2020,Algebra,Solutions,,Individual,,https://www.stanfordmathtournament.org/pdfs/smt2020/algebra-solutions.pdf,smt_pdfs/SMT_2020_Algebra_Solutions.pdf,mathpix_output/smt_pdfs/SMT_2020_Algebra_Solutions.md,mathpix_output/smt_pdfs/SMT_2020_Algebra_Solutions.tex.zip,5
SMT,2020,AlgebraTiebreaker,Problems,,Tiebreaker,,https://www.stanfordmathtournament.org/pdfs/smt2020/algebra-tiebreaker-problems.pdf,smt_pdfs/SMT_2020_AlgebraTiebreaker_Problems.pdf,mathpix_output/smt_pdfs/SMT_2020_AlgebraTiebreaker_Problems.md,mathpix_output/smt_pdfs/SMT_2020_AlgebraTiebreaker_Problems.tex.zip,1
SMT,2020,AlgebraTiebreaker,Solutions,,Tiebreaker,,https://www.stanfordmathtournament.org/pdfs/smt2020/algebra-tiebreaker-solutions.pdf,smt_pdfs/SMT_2020_AlgebraTiebreaker_Solutions.pdf,mathpix_output/smt_pdfs/SMT_2020_AlgebraTiebreaker_Solutions.md,mathpix_output/smt_pdfs/SMT_2020_AlgebraTiebreaker_Solutions.tex.zip,2
SMT,2020,Calculus,Problems,,Individual,,https://www.stanfordmathtournament.org/pdfs/smt2020/calculus-problems.pdf,smt_pdfs/SMT_2020_Calculus_Problems.pdf,mathpix_output/smt_pdfs/SMT_2020_Calculus_Problems.md,mathpix_output/smt_pdfs/SMT_2020_Calculus_Problems.tex.zip,2
SMT,2020,Calculus,Solutions,,Individual,,https://www.stanfordmathtournament.org/pdfs/smt2020/calculus-solutions.pdf,smt_pdfs/SMT_2020_Calculus_Solutions.pdf,mathpix_output/smt_pdfs/SMT_2020_Calculus_Solutions.md,mathpix_output/smt_pdfs/SMT_2020_Calculus_Solutions.tex.zip,6
SMT,2020,CalculusTiebreaker,Problems,,Tiebreaker,,https://www.stanfordmathtournament.org/pdfs/smt2020/calculus-tiebreaker-problems.pdf,smt_pdfs/SMT_2020_CalculusTiebreaker_Problems.pdf,mathpix_output/smt_pdfs/SMT_2020_CalculusTiebreaker_Problems.md,mathpix_output/smt_pdfs/SMT_2020_CalculusTiebreaker_Problems.tex.zip,1
SMT,2020,CalculusTiebreaker,Solutions,,Tiebreaker,,https://www.stanfordmathtournament.org/pdfs/smt2020/calculus-tiebreaker-solutions.pdf,smt_pdfs/SMT_2020_CalculusTiebreaker_Solutions.pdf,mathpix_output/smt_pdfs/SMT_2020_CalculusTiebreaker_Solutions.md,mathpix_output/smt_pdfs/SMT_2020_CalculusTiebreaker_Solutions.tex.zip,1
SMT,2020,Discrete,Problems,,Individual,,https://www.stanfordmathtournament.org/pdfs/smt2020/discrete-problems.pdf,smt_pdfs/SMT_2020_Discrete_Problems.pdf,mathpix_output/smt_pdfs/SMT_2020_Discrete_Problems.md,mathpix_output/smt_pdfs/SMT_2020_Discrete_Problems.tex.zip,1
SMT,2020,Discrete,Solutions,,Individual,,https://www.stanfordmathtournament.org/pdfs/smt2020/discrete-solutions.pdf,smt_pdfs/SMT_2020_Discrete_Solutions.pdf,mathpix_output/smt_pdfs/SMT_2020_Discrete_Solutions.md,mathpix_output/smt_pdfs/SMT_2020_Discrete_Solutions.tex.zip,6
SMT,2020,DiscreteTiebreaker,Problems,,Tiebreaker,,https://www.stanfordmathtournament.org/pdfs/smt2020/discrete-tiebreaker-problems.pdf,smt_pdfs/SMT_2020_DiscreteTiebreaker_Problems.pdf,mathpix_output/smt_pdfs/SMT_2020_DiscreteTiebreaker_Problems.md,mathpix_output/smt_pdfs/SMT_2020_DiscreteTiebreaker_Problems.tex.zip,1
SMT,2020,DiscreteTiebreaker,Solutions,,Tiebreaker,,https://www.stanfordmathtournament.org/pdfs/smt2020/discrete-tiebreaker-solutions.pdf,smt_pdfs/SMT_2020_DiscreteTiebreaker_Solutions.pdf,mathpix_output/smt_pdfs/SMT_2020_DiscreteTiebreaker_Solutions.md,mathpix_output/smt_pdfs/SMT_2020_DiscreteTiebreaker_Solutions.tex.zip,2
SMT,2020,General,Problems,,Individual,,https://www.stanfordmathtournament.org/pdfs/smt2020/general-problems.pdf,smt_pdfs/SMT_2020_General_Problems.pdf,mathpix_output/smt_pdfs/SMT_2020_General_Problems.md,mathpix_output/smt_pdfs/SMT_2020_General_Problems.tex.zip,2
SMT,2020,General,Solutions,,Individual,,https://www.stanfordmathtournament.org/pdfs/smt2020/general-solutions.pdf,smt_pdfs/SMT_2020_General_Solutions.pdf,mathpix_output/smt_pdfs/SMT_2020_General_Solutions.md,mathpix_output/smt_pdfs/SMT_2020_General_Solutions.tex.zip,6
SMT,2020,GeneralTiebreaker,Problems,,Tiebreaker,,https://www.stanfordmathtournament.org/pdfs/smt2020/general-tiebreaker-problems.pdf,smt_pdfs/SMT_2020_GeneralTiebreaker_Problems.pdf,mathpix_output/smt_pdfs/SMT_2020_GeneralTiebreaker_Problems.md,mathpix_output/smt_pdfs/SMT_2020_GeneralTiebreaker_Problems.tex.zip,1
SMT,2020,GeneralTiebreaker,Solutions,,Tiebreaker,,https://www.stanfordmathtournament.org/pdfs/smt2020/general-tiebreaker-solutions.pdf,smt_pdfs/SMT_2020_GeneralTiebreaker_Solutions.pdf,mathpix_output/smt_pdfs/SMT_2020_GeneralTiebreaker_Solutions.md,mathpix_output/smt_pdfs/SMT_2020_GeneralTiebreaker_Solutions.tex.zip,1
SMT,2020,Geometry,Problems,,Individual,,https://www.stanfordmathtournament.org/pdfs/smt2020/geometry-problems.pdf,smt_pdfs/SMT_2020_Geometry_Problems.pdf,mathpix_output/smt_pdfs/SMT_2020_Geometry_Problems.md,mathpix_output/smt_pdfs/SMT_2020_Geometry_Problems.tex.zip,2
SMT,2020,Geometry,Solutions,,Individual,,https://www.stanfordmathtournament.org/pdfs/smt2020/geometry-solutions.pdf,smt_pdfs/SMT_2020_Geometry_Solutions.pdf,mathpix_output/smt_pdfs/SMT_2020_Geometry_Solutions.md,mathpix_output/smt_pdfs/SMT_2020_Geometry_Solutions.tex.zip,5
SMT,2020,GeometryTiebreaker,Problems,,Tiebreaker,,https://www.stanfordmathtournament.org/pdfs/smt2020/geometry-tiebreaker-problems.pdf,smt_pdfs/SMT_2020_GeometryTiebreaker_Problems.pdf,mathpix_output/smt_pdfs/SMT_2020_GeometryTiebreaker_Problems.md,mathpix_output/smt_pdfs/SMT_2020_GeometryTiebreaker_Problems.tex.zip,1
SMT,2020,GeometryTiebreaker,Solutions,,Tiebreaker,,https://www.stanfordmathtournament.org/pdfs/smt2020/geometry-tiebreaker-solutions.pdf,smt_pdfs/SMT_2020_GeometryTiebreaker_Solutions.pdf,mathpix_output/smt_pdfs/SMT_2020_GeometryTiebreaker_Solutions.md,mathpix_output/smt_pdfs/SMT_2020_GeometryTiebreaker_Solutions.tex.zip,2
SMT,2020,Power,Problems,,Team,,https://www.stanfordmathtournament.org/pdfs/smt2020/power-problems.pdf,smt_pdfs/SMT_2020_Power_Problems.pdf,mathpix_output/smt_pdfs/SMT_2020_Power_Problems.md,mathpix_output/smt_pdfs/SMT_2020_Power_Problems.tex.zip,13
SMT,2020,Power,Solutions,,Team,,https://www.stanfordmathtournament.org/pdfs/smt2020/power-solutions.pdf,smt_pdfs/SMT_2020_Power_Solutions.pdf,mathpix_output/smt_pdfs/SMT_2020_Power_Solutions.md,mathpix_output/smt_pdfs/SMT_2020_Power_Solutions.tex.zip,17
SMT,2020,Team,Problems,,Team,,https://www.stanfordmathtournament.org/pdfs/smt2020/team-problems.pdf,smt_pdfs/SMT_2020_Team_Problems.pdf,mathpix_output/smt_pdfs/SMT_2020_Team_Problems.md,mathpix_output/smt_pdfs/SMT_2020_Team_Problems.tex.zip,2
SMT,2020,Team,Solutions,,Team,,https://www.stanfordmathtournament.org/pdfs/smt2020/team-solutions.pdf,smt_pdfs/SMT_2020_Team_Solutions.pdf,mathpix_output/smt_pdfs/SMT_2020_Team_Solutions.md,mathpix_output/smt_pdfs/SMT_2020_Team_Solutions.tex.zip,9
SMT,2019,Algebra,Problems,,Individual,,https://www.stanfordmathtournament.org/pdfs/smt2019/algebra-problems.pdf,smt_pdfs/SMT_2019_Algebra_Problems.pdf,mathpix_output/smt_pdfs/SMT_2019_Algebra_Problems.md,mathpix_output/smt_pdfs/SMT_2019_Algebra_Problems.tex.zip,2
SMT,2019,Algebra,Solutions,,Individual,,https://www.stanfordmathtournament.org/pdfs/smt2019/algebra-solutions.pdf,smt_pdfs/SMT_2019_Algebra_Solutions.pdf,mathpix_output/smt_pdfs/SMT_2019_Algebra_Solutions.md,mathpix_output/smt_pdfs/SMT_2019_Algebra_Solutions.tex.zip,6
SMT,2019,AlgebraTiebreaker,Problems,,Tiebreaker,,https://www.stanfordmathtournament.org/pdfs/smt2019/algebra-tiebreaker-problems.pdf,smt_pdfs/SMT_2019_AlgebraTiebreaker_Problems.pdf,mathpix_output/smt_pdfs/SMT_2019_AlgebraTiebreaker_Problems.md,mathpix_output/smt_pdfs/SMT_2019_AlgebraTiebreaker_Problems.tex.zip,1
SMT,2019,AlgebraTiebreaker,Solutions,,Tiebreaker,,https://www.stanfordmathtournament.org/pdfs/smt2019/algebra-tiebreaker-solutions.pdf,smt_pdfs/SMT_2019_AlgebraTiebreaker_Solutions.pdf,mathpix_output/smt_pdfs/SMT_2019_AlgebraTiebreaker_Solutions.md,mathpix_output/smt_pdfs/SMT_2019_AlgebraTiebreaker_Solutions.tex.zip,2
SMT,2019,Calculus,Problems,,Individual,,https://www.stanfordmathtournament.org/pdfs/smt2019/calculus-problems.pdf,smt_pdfs/SMT_2019_Calculus_Problems.pdf,mathpix_output/smt_pdfs/SMT_2019_Calculus_Problems.md,mathpix_output/smt_pdfs/SMT_2019_Calculus_Problems.tex.zip,1
SMT,2019,Calculus,Solutions,,Individual,,https://www.stanfordmathtournament.org/pdfs/smt2019/calculus-solutions.pdf,smt_pdfs/SMT_2019_Calculus_Solutions.pdf,mathpix_output/smt_pdfs/SMT_2019_Calculus_Solutions.md,mathpix_output/smt_pdfs/SMT_2019_Calculus_Solutions.tex.zip,4
SMT,2019,CalculusTiebreaker,Problems,,Tiebreaker,,https://www.stanfordmathtournament.org/pdfs/smt2019/calculus-tiebreaker-problems.pdf,smt_pdfs/SMT_2019_CalculusTiebreaker_Problems.pdf,mathpix_output/smt_pdfs/SMT_2019_CalculusTiebreaker_Problems.md,mathpix_output/smt_pdfs/SMT_2019_CalculusTiebreaker_Problems.tex.zip,1
SMT,2019,CalculusTiebreaker,Solutions,,Tiebreaker,,https://www.stanfordmathtournament.org/pdfs/smt2019/calculus-tiebreaker-solutions.pdf,smt_pdfs/SMT_2019_CalculusTiebreaker_Solutions.pdf,mathpix_output/smt_pdfs/SMT_2019_CalculusTiebreaker_Solutions.md,mathpix_output/smt_pdfs/SMT_2019_CalculusTiebreaker_Solutions.tex.zip,1
SMT,2019,Discrete,Problems,,Individual,,https://www.stanfordmathtournament.org/pdfs/smt2019/discrete-problems.pdf,smt_pdfs/SMT_2019_Discrete_Problems.pdf,mathpix_output/smt_pdfs/SMT_2019_Discrete_Problems.md,mathpix_output/smt_pdfs/SMT_2019_Discrete_Problems.tex.zip,1
SMT,2019,Discrete,Solutions,,Individual,,https://www.stanfordmathtournament.org/pdfs/smt2019/discrete-solutions.pdf,smt_pdfs/SMT_2019_Discrete_Solutions.pdf,mathpix_output/smt_pdfs/SMT_2019_Discrete_Solutions.md,mathpix_output/smt_pdfs/SMT_2019_Discrete_Solutions.tex.zip,4
SMT,2019,DiscreteTiebreaker,Problems,,Tiebreaker,,https://www.stanfordmathtournament.org/pdfs/smt2019/discrete-tiebreaker-problems.pdf,smt_pdfs/SMT_2019_DiscreteTiebreaker_Problems.pdf,mathpix_output/smt_pdfs/SMT_2019_DiscreteTiebreaker_Problems.md,mathpix_output/smt_pdfs/SMT_2019_DiscreteTiebreaker_Problems.tex.zip,1
SMT,2019,DiscreteTiebreaker,Solutions,,Tiebreaker,,https://www.stanfordmathtournament.org/pdfs/smt2019/discrete-tiebreaker-solutions.pdf,smt_pdfs/SMT_2019_DiscreteTiebreaker_Solutions.pdf,mathpix_output/smt_pdfs/SMT_2019_DiscreteTiebreaker_Solutions.md,mathpix_output/smt_pdfs/SMT_2019_DiscreteTiebreaker_Solutions.tex.zip,2
SMT,2019,General,Problems,,Individual,,https://www.stanfordmathtournament.org/pdfs/smt2019/general-problems.pdf,smt_pdfs/SMT_2019_General_Problems.pdf,mathpix_output/smt_pdfs/SMT_2019_General_Problems.md,mathpix_output/smt_pdfs/SMT_2019_General_Problems.tex.zip,2
SMT,2019,General,Solutions,,Individual,,https://www.stanfordmathtournament.org/pdfs/smt2019/general-solutions.pdf,smt_pdfs/SMT_2019_General_Solutions.pdf,mathpix_output/smt_pdfs/SMT_2019_General_Solutions.md,mathpix_output/smt_pdfs/SMT_2019_General_Solutions.tex.zip,6
SMT,2019,GeneralTiebreaker,Problems,,Tiebreaker,,https://www.stanfordmathtournament.org/pdfs/smt2019/general-tiebreaker-problems.pdf,smt_pdfs/SMT_2019_GeneralTiebreaker_Problems.pdf,mathpix_output/smt_pdfs/SMT_2019_GeneralTiebreaker_Problems.md,mathpix_output/smt_pdfs/SMT_2019_GeneralTiebreaker_Problems.tex.zip,1
SMT,2019,GeneralTiebreaker,Solutions,,Tiebreaker,,https://www.stanfordmathtournament.org/pdfs/smt2019/general-tiebreaker-solutions.pdf,smt_pdfs/SMT_2019_GeneralTiebreaker_Solutions.pdf,mathpix_output/smt_pdfs/SMT_2019_GeneralTiebreaker_Solutions.md,mathpix_output/smt_pdfs/SMT_2019_GeneralTiebreaker_Solutions.tex.zip,1
SMT,2019,Geometry,Problems,,Individual,,https://www.stanfordmathtournament.org/pdfs/smt2019/geometry-problems.pdf,smt_pdfs/SMT_2019_Geometry_Problems.pdf,mathpix_output/smt_pdfs/SMT_2019_Geometry_Problems.md,mathpix_output/smt_pdfs/SMT_2019_Geometry_Problems.tex.zip,1
SMT,2019,Geometry,Solutions,,Individual,,https://www.stanfordmathtournament.org/pdfs/smt2019/geometry-solutions.pdf,smt_pdfs/SMT_2019_Geometry_Solutions.pdf,mathpix_output/smt_pdfs/SMT_2019_Geometry_Solutions.md,mathpix_output/smt_pdfs/SMT_2019_Geometry_Solutions.tex.zip,4
SMT,2019,GeometryTiebreaker,Problems,,Tiebreaker,,https://www.stanfordmathtournament.org/pdfs/smt2019/geometry-tiebreaker-problems.pdf,smt_pdfs/SMT_2019_GeometryTiebreaker_Problems.pdf,mathpix_output/smt_pdfs/SMT_2019_GeometryTiebreaker_Problems.md,mathpix_output/smt_pdfs/SMT_2019_GeometryTiebreaker_Problems.tex.zip,1
SMT,2019,GeometryTiebreaker,Solutions,,Tiebreaker,,https://www.stanfordmathtournament.org/pdfs/smt2019/geometry-tiebreaker-solutions.pdf,smt_pdfs/SMT_2019_GeometryTiebreaker_Solutions.pdf,mathpix_output/smt_pdfs/SMT_2019_GeometryTiebreaker_Solutions.md,mathpix_output/smt_pdfs/SMT_2019_GeometryTiebreaker_Solutions.tex.zip,1
SMT,2019,Power,Problems,,Team,,https://www.stanfordmathtournament.org/pdfs/smt2019/power-problems.pdf,smt_pdfs/SMT_2019_Power_Problems.pdf,mathpix_output/smt_pdfs/SMT_2019_Power_Problems.md,mathpix_output/smt_pdfs/SMT_2019_Power_Problems.tex.zip,7
SMT,2019,Power,Solutions,,Team,,https://www.stanfordmathtournament.org/pdfs/smt2019/power-solutions.pdf,smt_pdfs/SMT_2019_Power_Solutions.pdf,mathpix_output/smt_pdfs/SMT_2019_Power_Solutions.md,mathpix_output/smt_pdfs/SMT_2019_Power_Solutions.tex.zip,13
SMT,2019,Team,Problems,,Team,,https://www.stanfordmathtournament.org/pdfs/smt2019/team-problems.pdf,smt_pdfs/SMT_2019_Team_Problems.pdf,mathpix_output/smt_pdfs/SMT_2019_Team_Problems.md,mathpix_output/smt_pdfs/SMT_2019_Team_Problems.tex.zip,2
SMT,2019,Team,Solutions,,Team,,https://www.stanfordmathtournament.org/pdfs/smt2019/team-solutions.pdf,smt_pdfs/SMT_2019_Team_Solutions.pdf,mathpix_output/smt_pdfs/SMT_2019_Team_Solutions.md,mathpix_output/smt_pdfs/SMT_2019_Team_Solutions.tex.zip,7
SMT,2018,Algebra,Problems,,Individual,,https://www.stanfordmathtournament.org/pdfs/smt2018/algebra-problems.pdf,smt_pdfs/SMT_2018_Algebra_Problems.pdf,mathpix_output/smt_pdfs/SMT_2018_Algebra_Problems.md,mathpix_output/smt_pdfs/SMT_2018_Algebra_Problems.tex.zip,1
SMT,2018,Algebra,Solutions,,Individual,,https://www.stanfordmathtournament.org/pdfs/smt2018/algebra-solutions.pdf,smt_pdfs/SMT_2018_Algebra_Solutions.pdf,mathpix_output/smt_pdfs/SMT_2018_Algebra_Solutions.md,mathpix_output/smt_pdfs/SMT_2018_Algebra_Solutions.tex.zip,4
SMT,2018,AlgebraTiebreaker,Problems,,Tiebreaker,,https://www.stanfordmathtournament.org/pdfs/smt2018/algebra-tiebreaker-problems.pdf,smt_pdfs/SMT_2018_AlgebraTiebreaker_Problems.pdf,mathpix_output/smt_pdfs/SMT_2018_AlgebraTiebreaker_Problems.md,mathpix_output/smt_pdfs/SMT_2018_AlgebraTiebreaker_Problems.tex.zip,1
SMT,2018,AlgebraTiebreaker,Solutions,,Tiebreaker,,https://www.stanfordmathtournament.org/pdfs/smt2018/algebra-tiebreaker-solutions.pdf,smt_pdfs/SMT_2018_AlgebraTiebreaker_Solutions.pdf,mathpix_output/smt_pdfs/SMT_2018_AlgebraTiebreaker_Solutions.md,mathpix_output/smt_pdfs/SMT_2018_AlgebraTiebreaker_Solutions.tex.zip,2
SMT,2018,Calculus,Problems,,Individual,,https://www.stanfordmathtournament.org/pdfs/smt2018/calculus-problems.pdf,smt_pdfs/SMT_2018_Calculus_Problems.pdf,mathpix_output/smt_pdfs/SMT_2018_Calculus_Problems.md,mathpix_output/smt_pdfs/SMT_2018_Calculus_Problems.tex.zip,1
SMT,2018,Calculus,Solutions,,Individual,,https://www.stanfordmathtournament.org/pdfs/smt2018/calculus-solutions.pdf,smt_pdfs/SMT_2018_Calculus_Solutions.pdf,mathpix_output/smt_pdfs/SMT_2018_Calculus_Solutions.md,mathpix_output/smt_pdfs/SMT_2018_Calculus_Solutions.tex.zip,4
SMT,2018,CalculusTiebreaker,Problems,,Tiebreaker,,https://www.stanfordmathtournament.org/pdfs/smt2018/calculus-tiebreaker-problems.pdf,smt_pdfs/SMT_2018_CalculusTiebreaker_Problems.pdf,mathpix_output/smt_pdfs/SMT_2018_CalculusTiebreaker_Problems.md,mathpix_output/smt_pdfs/SMT_2018_CalculusTiebreaker_Problems.tex.zip,1
SMT,2018,CalculusTiebreaker,Solutions,,Tiebreaker,,https://www.stanfordmathtournament.org/pdfs/smt2018/calculus-tiebreaker-solutions.pdf,smt_pdfs/SMT_2018_CalculusTiebreaker_Solutions.pdf,mathpix_output/smt_pdfs/SMT_2018_CalculusTiebreaker_Solutions.md,mathpix_output/smt_pdfs/SMT_2018_CalculusTiebreaker_Solutions.tex.zip,2
SMT,2018,Discrete,Problems,,Individual,,https://www.stanfordmathtournament.org/pdfs/smt2018/discrete-problems.pdf,smt_pdfs/SMT_2018_Discrete_Problems.pdf,mathpix_output/smt_pdfs/SMT_2018_Discrete_Problems.md,mathpix_output/smt_pdfs/SMT_2018_Discrete_Problems.tex.zip,1
SMT,2018,Discrete,Solutions,,Individual,,https://www.stanfordmathtournament.org/pdfs/smt2018/discrete-solutions.pdf,smt_pdfs/SMT_2018_Discrete_Solutions.pdf,mathpix_output/smt_pdfs/SMT_2018_Discrete_Solutions.md,mathpix_output/smt_pdfs/SMT_2018_Discrete_Solutions.tex.zip,6
SMT,2018,DiscreteTiebreaker,Problems,,Tiebreaker,,https://www.stanfordmathtournament.org/pdfs/smt2018/discrete-tiebreaker-problems.pdf,smt_pdfs/SMT_2018_DiscreteTiebreaker_Problems.pdf,mathpix_output/smt_pdfs/SMT_2018_DiscreteTiebreaker_Problems.md,mathpix_output/smt_pdfs/SMT_2018_DiscreteTiebreaker_Problems.tex.zip,1
SMT,2018,DiscreteTiebreaker,Solutions,,Tiebreaker,,https://www.stanfordmathtournament.org/pdfs/smt2018/discrete-tiebreaker-solutions.pdf,smt_pdfs/SMT_2018_DiscreteTiebreaker_Solutions.pdf,mathpix_output/smt_pdfs/SMT_2018_DiscreteTiebreaker_Solutions.md,mathpix_output/smt_pdfs/SMT_2018_DiscreteTiebreaker_Solutions.tex.zip,2
SMT,2018,General,Problems,,Individual,,https://www.stanfordmathtournament.org/pdfs/smt2018/general-problems.pdf,smt_pdfs/SMT_2018_General_Problems.pdf,mathpix_output/smt_pdfs/SMT_2018_General_Problems.md,mathpix_output/smt_pdfs/SMT_2018_General_Problems.tex.zip,2
SMT,2018,General,Solutions,,Individual,,https://www.stanfordmathtournament.org/pdfs/smt2018/general-solutions.pdf,smt_pdfs/SMT_2018_General_Solutions.pdf,mathpix_output/smt_pdfs/SMT_2018_General_Solutions.md,mathpix_output/smt_pdfs/SMT_2018_General_Solutions.tex.zip,8
SMT,2018,GeneralTiebreaker,Problems,,Tiebreaker,,https://www.stanfordmathtournament.org/pdfs/smt2018/general-tiebreaker-problems.pdf,smt_pdfs/SMT_2018_GeneralTiebreaker_Problems.pdf,mathpix_output/smt_pdfs/SMT_2018_GeneralTiebreaker_Problems.md,mathpix_output/smt_pdfs/SMT_2018_GeneralTiebreaker_Problems.tex.zip,1
SMT,2018,GeneralTiebreaker,Solutions,,Tiebreaker,,https://www.stanfordmathtournament.org/pdfs/smt2018/general-tiebreaker-solutions.pdf,smt_pdfs/SMT_2018_GeneralTiebreaker_Solutions.pdf,mathpix_output/smt_pdfs/SMT_2018_GeneralTiebreaker_Solutions.md,mathpix_output/smt_pdfs/SMT_2018_GeneralTiebreaker_Solutions.tex.zip,1
SMT,2018,Geometry,Problems,,Individual,,https://www.stanfordmathtournament.org/pdfs/smt2018/geometry-problems.pdf,smt_pdfs/SMT_2018_Geometry_Problems.pdf,mathpix_output/smt_pdfs/SMT_2018_Geometry_Problems.md,mathpix_output/smt_pdfs/SMT_2018_Geometry_Problems.tex.zip,1
SMT,2018,Geometry,Solutions,,Individual,,https://www.stanfordmathtournament.org/pdfs/smt2018/geometry-solutions.pdf,smt_pdfs/SMT_2018_Geometry_Solutions.pdf,mathpix_output/smt_pdfs/SMT_2018_Geometry_Solutions.md,mathpix_output/smt_pdfs/SMT_2018_Geometry_Solutions.tex.zip,5
SMT,2018,GeometryTiebreaker,Problems,,Tiebreaker,,https://www.stanfordmathtournament.org/pdfs/smt2018/geometry-tiebreaker-problems.pdf,smt_pdfs/SMT_2018_GeometryTiebreaker_Problems.pdf,mathpix_output/smt_pdfs/SMT_2018_GeometryTiebreaker_Problems.md,mathpix_output/smt_pdfs/SMT_2018_GeometryTiebreaker_Problems.tex.zip,1
SMT,2018,GeometryTiebreaker,Solutions,,Tiebreaker,,https://www.stanfordmathtournament.org/pdfs/smt2018/geometry-tiebreaker-solutions.pdf,smt_pdfs/SMT_2018_GeometryTiebreaker_Solutions.pdf,mathpix_output/smt_pdfs/SMT_2018_GeometryTiebreaker_Solutions.md,mathpix_output/smt_pdfs/SMT_2018_GeometryTiebreaker_Solutions.tex.zip,1
SMT,2018,Team,Problems,,Team,,https://www.stanfordmathtournament.org/pdfs/smt2018/team-problems.pdf,smt_pdfs/SMT_2018_Team_Problems.pdf,mathpix_output/smt_pdfs/SMT_2018_Team_Problems.md,mathpix_output/smt_pdfs/SMT_2018_Team_Problems.tex.zip,3
SMT,2018,Team,Solutions,,Team,,https://www.stanfordmathtournament.org/pdfs/smt2018/team-solutions.pdf,smt_pdfs/SMT_2018_Team_Solutions.pdf,mathpix_output/smt_pdfs/SMT_2018_Team_Solutions.md,mathpix_output/smt_pdfs/SMT_2018_Team_Solutions.tex.zip,12
SMT,2014,Algebra,Problems,,Individual,,https://www.stanfordmathtournament.org/pdfs/smt2014/algebra-problems.pdf,smt_pdfs/SMT_2014_Algebra_Problems.pdf,mathpix_output/smt_pdfs/SMT_2014_Algebra_Problems.md,mathpix_output/smt_pdfs/SMT_2014_Algebra_Problems.tex.zip,1
SMT,2014,Algebra,Solutions,,Individual,,https://www.stanfordmathtournament.org/pdfs/smt2014/algebra-solutions.pdf,smt_pdfs/SMT_2014_Algebra_Solutions.pdf,mathpix_output/smt_pdfs/SMT_2014_Algebra_Solutions.md,mathpix_output/smt_pdfs/SMT_2014_Algebra_Solutions.tex.zip,6
SMT,2014,AlgebraTiebreaker,Problems,,Tiebreaker,,https://www.stanfordmathtournament.org/pdfs/smt2014/algebra-tiebreaker-problems.pdf,smt_pdfs/SMT_2014_AlgebraTiebreaker_Problems.pdf,mathpix_output/smt_pdfs/SMT_2014_AlgebraTiebreaker_Problems.md,mathpix_output/smt_pdfs/SMT_2014_AlgebraTiebreaker_Problems.tex.zip,1
SMT,2014,AlgebraTiebreaker,Solutions,,Tiebreaker,,https://www.stanfordmathtournament.org/pdfs/smt2014/algebra-tiebreaker-solutions.pdf,smt_pdfs/SMT_2014_AlgebraTiebreaker_Solutions.pdf,mathpix_output/smt_pdfs/SMT_2014_AlgebraTiebreaker_Solutions.md,mathpix_output/smt_pdfs/SMT_2014_AlgebraTiebreaker_Solutions.tex.zip,2
SMT,2014,Calculus,Problems,,Individual,,https://www.stanfordmathtournament.org/pdfs/smt2014/calculus-problems.pdf,smt_pdfs/SMT_2014_Calculus_Problems.pdf,mathpix_output/smt_pdfs/SMT_2014_Calculus_Problems.md,mathpix_output/smt_pdfs/SMT_2014_Calculus_Problems.tex.zip,1
SMT,2014,Calculus,Solutions,,Individual,,https://www.stanfordmathtournament.org/pdfs/smt2014/calculus-solutions.pdf,smt_pdfs/SMT_2014_Calculus_Solutions.pdf,mathpix_output/smt_pdfs/SMT_2014_Calculus_Solutions.md,mathpix_output/smt_pdfs/SMT_2014_Calculus_Solutions.tex.zip,5
SMT,2014,CalculusTiebreaker,Problems,,Tiebreaker,,https://www.stanfordmathtournament.org/pdfs/smt2014/calculus-tiebreaker-problems.pdf,smt_pdfs/SMT_2014_CalculusTiebreaker_Problems.pdf,mathpix_output/smt_pdfs/SMT_2014_CalculusTiebreaker_Problems.md,mathpix_output/smt_pdfs/SMT_2014_CalculusTiebreaker_Problems.tex.zip,1
SMT,2014,CalculusTiebreaker,Solutions,,Tiebreaker,,https://www.stanfordmathtournament.org/pdfs/smt2014/calculus-tiebreaker-solutions.pdf,smt_pdfs/SMT_2014_CalculusTiebreaker_Solutions.pdf,mathpix_output/smt_pdfs/SMT_2014_CalculusTiebreaker_Solutions.md,mathpix_output/smt_pdfs/SMT_2014_CalculusTiebreaker_Solutions.tex.zip,2
SMT,2014,General,Problems,,Individual,,https://www.stanfordmathtournament.org/pdfs/smt2014/general-problems.pdf,smt_pdfs/SMT_2014_General_Problems.pdf,mathpix_output/smt_pdfs/SMT_2014_General_Problems.md,mathpix_output/smt_pdfs/SMT_2014_General_Problems.tex.zip,2
SMT,2014,General,Solutions,,Individual,,https://www.stanfordmathtournament.org/pdfs/smt2014/general-solutions.pdf,smt_pdfs/SMT_2014_General_Solutions.pdf,mathpix_output/smt_pdfs/SMT_2014_General_Solutions.md,mathpix_output/smt_pdfs/SMT_2014_General_Solutions.tex.zip,6
SMT,2014,GeneralTiebreaker,Problems,,Tiebreaker,,https://www.stanfordmathtournament.org/pdfs/smt2014/general-tiebreaker-problems.pdf,smt_pdfs/SMT_2014_GeneralTiebreaker_Problems.pdf,mathpix_output/smt_pdfs/SMT_2014_GeneralTiebreaker_Problems.md,mathpix_output/smt_pdfs/SMT_2014_GeneralTiebreaker_Problems.tex.zip,1
SMT,2014,GeneralTiebreaker,Solutions,,Tiebreaker,,https://www.stanfordmathtournament.org/pdfs/smt2014/general-tiebreaker-solutions.pdf,smt_pdfs/SMT_2014_GeneralTiebreaker_Solutions.pdf,mathpix_output/smt_pdfs/SMT_2014_GeneralTiebreaker_Solutions.md,mathpix_output/smt_pdfs/SMT_2014_GeneralTiebreaker_Solutions.tex.zip,1
SMT,2014,Geometry,Problems,,Individual,,https://www.stanfordmathtournament.org/pdfs/smt2014/geometry-problems.pdf,smt_pdfs/SMT_2014_Geometry_Problems.pdf,mathpix_output/smt_pdfs/SMT_2014_Geometry_Problems.md,mathpix_output/smt_pdfs/SMT_2014_Geometry_Problems.tex.zip,1
SMT,2014,Geometry,Solutions,,Individual,,https://www.stanfordmathtournament.org/pdfs/smt2014/geometry-solutions.pdf,smt_pdfs/SMT_2014_Geometry_Solutions.pdf,mathpix_output/smt_pdfs/SMT_2014_Geometry_Solutions.md,mathpix_output/smt_pdfs/SMT_2014_Geometry_Solutions.tex.zip,5
SMT,2014,GeometryTiebreaker,Problems,,Tiebreaker,,https://www.stanfordmathtournament.org/pdfs/smt2014/geometry-tiebreaker-problems.pdf,smt_pdfs/SMT_2014_GeometryTiebreaker_Problems.pdf,mathpix_output/smt_pdfs/SMT_2014_GeometryTiebreaker_Problems.md,mathpix_output/smt_pdfs/SMT_2014_GeometryTiebreaker_Problems.tex.zip,1
SMT,2014,GeometryTiebreaker,Solutions,,Tiebreaker,,https://www.stanfordmathtournament.org/pdfs/smt2014/geometry-tiebreaker-solutions.pdf,smt_pdfs/SMT_2014_GeometryTiebreaker_Solutions.pdf,mathpix_output/smt_pdfs/SMT_2014_GeometryTiebreaker_Solutions.md,mathpix_output/smt_pdfs/SMT_2014_GeometryTiebreaker_Solutions.tex.zip,1
SMT,2014,Power,Problems,,Team,,https://www.stanfordmathtournament.org/pdfs/smt2014/power-problems.pdf,smt_pdfs/SMT_2014_Power_Problems.pdf,mathpix_output/smt_pdfs/SMT_2014_Power_Problems.md,mathpix_output/smt_pdfs/SMT_2014_Power_Problems.tex.zip,8
SMT,2014,Power,Solutions,,Team,,https://www.stanfordmathtournament.org/pdfs/smt2014/power-solutions.pdf,smt_pdfs/SMT_2014_Power_Solutions.pdf,mathpix_output/smt_pdfs/SMT_2014_Power_Solutions.md,mathpix_output/smt_pdfs/SMT_2014_Power_Solutions.tex.zip,16
SMT,2014,Team,Problems,,Team,,https://www.stanfordmathtournament.org/pdfs/smt2014/team-problems.pdf,smt_pdfs/SMT_2014_Team_Problems.pdf,mathpix_output/smt_pdfs/SMT_2014_Team_Problems.md,mathpix_output/smt_pdfs/SMT_2014_Team_Problems.tex.zip,2
SMT,2014,Team,Solutions,,Team,,https://www.stanfordmathtournament.org/pdfs/smt2014/team-solutions.pdf,smt_pdfs/SMT_2014_Team_Solutions.pdf,mathpix_output/smt_pdfs/SMT_2014_Team_Solutions.md,mathpix_output/smt_pdfs/SMT_2014_Team_Solutions.tex.zip,9
SMT,2013,Algebra,Problems,,Individual,,https://www.stanfordmathtournament.org/pdfs/smt2013/algebra-problems.pdf,smt_pdfs/SMT_2013_Algebra_Problems.pdf,mathpix_output/smt_pdfs/SMT_2013_Algebra_Problems.md,mathpix_output/smt_pdfs/SMT_2013_Algebra_Problems.tex.zip,1
SMT,2013,Algebra,Solutions,,Individual,,https://www.stanfordmathtournament.org/pdfs/smt2013/algebra-solutions.pdf,smt_pdfs/SMT_2013_Algebra_Solutions.pdf,mathpix_output/smt_pdfs/SMT_2013_Algebra_Solutions.md,mathpix_output/smt_pdfs/SMT_2013_Algebra_Solutions.tex.zip,3
SMT,2013,AlgebraTiebreaker,Problems,,Tiebreaker,,https://www.stanfordmathtournament.org/pdfs/smt2013/algebra-tiebreaker-problems.pdf,smt_pdfs/SMT_2013_AlgebraTiebreaker_Problems.pdf,mathpix_output/smt_pdfs/SMT_2013_AlgebraTiebreaker_Problems.md,mathpix_output/smt_pdfs/SMT_2013_AlgebraTiebreaker_Problems.tex.zip,1
SMT,2013,AlgebraTiebreaker,Solutions,,Tiebreaker,,https://www.stanfordmathtournament.org/pdfs/smt2013/algebra-tiebreaker-solutions.pdf,smt_pdfs/SMT_2013_AlgebraTiebreaker_Solutions.pdf,mathpix_output/smt_pdfs/SMT_2013_AlgebraTiebreaker_Solutions.md,mathpix_output/smt_pdfs/SMT_2013_AlgebraTiebreaker_Solutions.tex.zip,1
SMT,2013,Calculus,Problems,,Individual,,https://www.stanfordmathtournament.org/pdfs/smt2013/calculus-problems.pdf,smt_pdfs/SMT_2013_Calculus_Problems.pdf,mathpix_output/smt_pdfs/SMT_2013_Calculus_Problems.md,mathpix_output/smt_pdfs/SMT_2013_Calculus_Problems.tex.zip,1
SMT,2013,Calculus,Solutions,,Individual,,https://www.stanfordmathtournament.org/pdfs/smt2013/calculus-solutions.pdf,smt_pdfs/SMT_2013_Calculus_Solutions.pdf,mathpix_output/smt_pdfs/SMT_2013_Calculus_Solutions.md,mathpix_output/smt_pdfs/SMT_2013_Calculus_Solutions.tex.zip,8
SMT,2013,CalculusTiebreaker,Problems,,Tiebreaker,,https://www.stanfordmathtournament.org/pdfs/smt2013/calculus-tiebreaker-problems.pdf,smt_pdfs/SMT_2013_CalculusTiebreaker_Problems.pdf,mathpix_output/smt_pdfs/SMT_2013_CalculusTiebreaker_Problems.md,mathpix_output/smt_pdfs/SMT_2013_CalculusTiebreaker_Problems.tex.zip,1
SMT,2013,CalculusTiebreaker,Solutions,,Tiebreaker,,https://www.stanfordmathtournament.org/pdfs/smt2013/calculus-tiebreaker-solutions.pdf,smt_pdfs/SMT_2013_CalculusTiebreaker_Solutions.pdf,mathpix_output/smt_pdfs/SMT_2013_CalculusTiebreaker_Solutions.md,mathpix_output/smt_pdfs/SMT_2013_CalculusTiebreaker_Solutions.tex.zip,2
SMT,2013,General,Problems,,Individual,,https://www.stanfordmathtournament.org/pdfs/smt2013/general-problems.pdf,smt_pdfs/SMT_2013_General_Problems.pdf,mathpix_output/smt_pdfs/SMT_2013_General_Problems.md,mathpix_output/smt_pdfs/SMT_2013_General_Problems.tex.zip,3
SMT,2013,General,Solutions,,Individual,,https://www.stanfordmathtournament.org/pdfs/smt2013/general-solutions.pdf,smt_pdfs/SMT_2013_General_Solutions.pdf,mathpix_output/smt_pdfs/SMT_2013_General_Solutions.md,mathpix_output/smt_pdfs/SMT_2013_General_Solutions.tex.zip,6
SMT,2013,GeneralTiebreaker,Problems,,Tiebreaker,,https://www.stanfordmathtournament.org/pdfs/smt2013/general-tiebreaker-problems.pdf,smt_pdfs/SMT_2013_GeneralTiebreaker_Problems.pdf,mathpix_output/smt_pdfs/SMT_2013_GeneralTiebreaker_Problems.md,mathpix_output/smt_pdfs/SMT_2013_GeneralTiebreaker_Problems.tex.zip,1
SMT,2013,GeneralTiebreaker,Solutions,,Tiebreaker,,https://www.stanfordmathtournament.org/pdfs/smt2013/general-tiebreaker-solutions.pdf,smt_pdfs/SMT_2013_GeneralTiebreaker_Solutions.pdf,mathpix_output/smt_pdfs/SMT_2013_GeneralTiebreaker_Solutions.md,mathpix_output/smt_pdfs/SMT_2013_GeneralTiebreaker_Solutions.tex.zip,2
SMT,2013,Geometry,Problems,,Individual,,https://www.stanfordmathtournament.org/pdfs/smt2013/geometry-problems.pdf,smt_pdfs/SMT_2013_Geometry_Problems.pdf,mathpix_output/smt_pdfs/SMT_2013_Geometry_Problems.md,mathpix_output/smt_pdfs/SMT_2013_Geometry_Problems.tex.zip,1
SMT,2013,Geometry,Solutions,,Individual,,https://www.stanfordmathtournament.org/pdfs/smt2013/geometry-solutions.pdf,smt_pdfs/SMT_2013_Geometry_Solutions.pdf,mathpix_output/smt_pdfs/SMT_2013_Geometry_Solutions.md,mathpix_output/smt_pdfs/SMT_2013_Geometry_Solutions.tex.zip,6
SMT,2013,GeometryTiebreaker,Problems,,Tiebreaker,,https://www.stanfordmathtournament.org/pdfs/smt2013/geometry-tiebreaker-problems.pdf,smt_pdfs/SMT_2013_GeometryTiebreaker_Problems.pdf,mathpix_output/smt_pdfs/SMT_2013_GeometryTiebreaker_Problems.md,mathpix_output/smt_pdfs/SMT_2013_GeometryTiebreaker_Problems.tex.zip,1
SMT,2013,GeometryTiebreaker,Solutions,,Tiebreaker,,https://www.stanfordmathtournament.org/pdfs/smt2013/geometry-tiebreaker-solutions.pdf,smt_pdfs/SMT_2013_GeometryTiebreaker_Solutions.pdf,mathpix_output/smt_pdfs/SMT_2013_GeometryTiebreaker_Solutions.md,mathpix_output/smt_pdfs/SMT_2013_GeometryTiebreaker_Solutions.tex.zip,2
SMT,2013,Power,Problems,,Team,,https://www.stanfordmathtournament.org/pdfs/smt2013/power-problems.pdf,smt_pdfs/SMT_2013_Power_Problems.pdf,mathpix_output/smt_pdfs/SMT_2013_Power_Problems.md,mathpix_output/smt_pdfs/SMT_2013_Power_Problems.tex.zip,6
SMT,2013,Power,Solutions,,Team,,https://www.stanfordmathtournament.org/pdfs/smt2013/power-solutions.pdf,smt_pdfs/SMT_2013_Power_Solutions.pdf,mathpix_output/smt_pdfs/SMT_2013_Power_Solutions.md,mathpix_output/smt_pdfs/SMT_2013_Power_Solutions.tex.zip,15
SMT,2013,Team,Problems,,Team,,https://www.stanfordmathtournament.org/pdfs/smt2013/team-problems.pdf,smt_pdfs/SMT_2013_Team_Problems.pdf,mathpix_output/smt_pdfs/SMT_2013_Team_Problems.md,mathpix_output/smt_pdfs/SMT_2013_Team_Problems.tex.zip,2
SMT,2013,Team,Solutions,,Team,,https://www.stanfordmathtournament.org/pdfs/smt2013/team-solutions.pdf,smt_pdfs/SMT_2013_Team_Solutions.pdf,mathpix_output/smt_pdfs/SMT_2013_Team_Solutions.md,mathpix_output/smt_pdfs/SMT_2013_Team_Solutions.tex.zip,11
SMT,2012,Algebra,Problems,,Individual,,https://www.stanfordmathtournament.org/pdfs/smt2012/algebra-problems.pdf,smt_pdfs/SMT_2012_Algebra_Problems.pdf,mathpix_output/smt_pdfs/SMT_2012_Algebra_Problems.md,mathpix_output/smt_pdfs/SMT_2012_Algebra_Problems.tex.zip,1
SMT,2012,Algebra,Solutions,,Individual,,https://www.stanfordmathtournament.org/pdfs/smt2012/algebra-solutions.pdf,smt_pdfs/SMT_2012_Algebra_Solutions.pdf,mathpix_output/smt_pdfs/SMT_2012_Algebra_Solutions.md,mathpix_output/smt_pdfs/SMT_2012_Algebra_Solutions.tex.zip,4
SMT,2012,AlgebraTiebreaker,Problems,,Tiebreaker,,https://www.stanfordmathtournament.org/pdfs/smt2012/algebra-tiebreaker-problems.pdf,smt_pdfs/SMT_2012_AlgebraTiebreaker_Problems.pdf,mathpix_output/smt_pdfs/SMT_2012_AlgebraTiebreaker_Problems.md,mathpix_output/smt_pdfs/SMT_2012_AlgebraTiebreaker_Problems.tex.zip,1
SMT,2012,AlgebraTiebreaker,Solutions,,Tiebreaker,,https://www.stanfordmathtournament.org/pdfs/smt2012/algebra-tiebreaker-solutions.pdf,smt_pdfs/SMT_2012_AlgebraTiebreaker_Solutions.pdf,mathpix_output/smt_pdfs/SMT_2012_AlgebraTiebreaker_Solutions.md,mathpix_output/smt_pdfs/SMT_2012_AlgebraTiebreaker_Solutions.tex.zip,1
SMT,2012,Calculus,Problems,,Individual,,https://www.stanfordmathtournament.org/pdfs/smt2012/calculus-problems.pdf,smt_pdfs/SMT_2012_Calculus_Problems.pdf,mathpix_output/smt_pdfs/SMT_2012_Calculus_Problems.md,mathpix_output/smt_pdfs/SMT_2012_Calculus_Problems.tex.zip,1
SMT,2012,Calculus,Solutions,,Individual,,https://www.stanfordmathtournament.org/pdfs/smt2012/calculus-solutions.pdf,smt_pdfs/SMT_2012_Calculus_Solutions.pdf,mathpix_output/smt_pdfs/SMT_2012_Calculus_Solutions.md,mathpix_output/smt_pdfs/SMT_2012_Calculus_Solutions.tex.zip,6
SMT,2012,CalculusTiebreaker,Problems,,Tiebreaker,,https://www.stanfordmathtournament.org/pdfs/smt2012/calculus-tiebreaker-problems.pdf,smt_pdfs/SMT_2012_CalculusTiebreaker_Problems.pdf,mathpix_output/smt_pdfs/SMT_2012_CalculusTiebreaker_Problems.md,mathpix_output/smt_pdfs/SMT_2012_CalculusTiebreaker_Problems.tex.zip,1
SMT,2012,CalculusTiebreaker,Solutions,,Tiebreaker,,https://www.stanfordmathtournament.org/pdfs/smt2012/calculus-tiebreaker-solutions.pdf,smt_pdfs/SMT_2012_CalculusTiebreaker_Solutions.pdf,mathpix_output/smt_pdfs/SMT_2012_CalculusTiebreaker_Solutions.md,mathpix_output/smt_pdfs/SMT_2012_CalculusTiebreaker_Solutions.tex.zip,2
SMT,2012,General,Problems,,Individual,,https://www.stanfordmathtournament.org/pdfs/smt2012/general-problems.pdf,smt_pdfs/SMT_2012_General_Problems.pdf,mathpix_output/smt_pdfs/SMT_2012_General_Problems.md,mathpix_output/smt_pdfs/SMT_2012_General_Problems.tex.zip,3
SMT,2012,General,Solutions,,Individual,,https://www.stanfordmathtournament.org/pdfs/smt2012/general-solutions.pdf,smt_pdfs/SMT_2012_General_Solutions.pdf,mathpix_output/smt_pdfs/SMT_2012_General_Solutions.md,mathpix_output/smt_pdfs/SMT_2012_General_Solutions.tex.zip,7
SMT,2012,GeneralTiebreaker,Problems,,Tiebreaker,,https://www.stanfordmathtournament.org/pdfs/smt2012/general-tiebreaker-problems.pdf,smt_pdfs/SMT_2012_GeneralTiebreaker_Problems.pdf,mathpix_output/smt_pdfs/SMT_2012_GeneralTiebreaker_Problems.md,mathpix_output/smt_pdfs/SMT_2012_GeneralTiebreaker_Problems.tex.zip,1
SMT,2012,GeneralTiebreaker,Solutions,,Tiebreaker,,https://www.stanfordmathtournament.org/pdfs/smt2012/general-tiebreaker-solutions.pdf,smt_pdfs/SMT_2012_GeneralTiebreaker_Solutions.pdf,mathpix_output/smt_pdfs/SMT_2012_GeneralTiebreaker_Solutions.md,mathpix_output/smt_pdfs/SMT_2012_GeneralTiebreaker_Solutions.tex.zip,1
SMT,2012,Geometry,Problems,,Individual,,https://www.stanfordmathtournament.org/pdfs/smt2012/geometry-problems.pdf,smt_pdfs/SMT_2012_Geometry_Problems.pdf,mathpix_output/smt_pdfs/SMT_2012_Geometry_Problems.md,mathpix_output/smt_pdfs/SMT_2012_Geometry_Problems.tex.zip,1
SMT,2012,Geometry,Solutions,,Individual,,https://www.stanfordmathtournament.org/pdfs/smt2012/geometry-solutions.pdf,smt_pdfs/SMT_2012_Geometry_Solutions.pdf,mathpix_output/smt_pdfs/SMT_2012_Geometry_Solutions.md,mathpix_output/smt_pdfs/SMT_2012_Geometry_Solutions.tex.zip,5
SMT,2012,GeometryTiebreaker,Problems,,Tiebreaker,,https://www.stanfordmathtournament.org/pdfs/smt2012/geometry-tiebreaker-problems.pdf,smt_pdfs/SMT_2012_GeometryTiebreaker_Problems.pdf,mathpix_output/smt_pdfs/SMT_2012_GeometryTiebreaker_Problems.md,mathpix_output/smt_pdfs/SMT_2012_GeometryTiebreaker_Problems.tex.zip,1
SMT,2012,GeometryTiebreaker,Solutions,,Tiebreaker,,https://www.stanfordmathtournament.org/pdfs/smt2012/geometry-tiebreaker-solutions.pdf,smt_pdfs/SMT_2012_GeometryTiebreaker_Solutions.pdf,mathpix_output/smt_pdfs/SMT_2012_GeometryTiebreaker_Solutions.md,mathpix_output/smt_pdfs/SMT_2012_GeometryTiebreaker_Solutions.tex.zip,2
SMT,2012,Power,Problems,,Team,,https://www.stanfordmathtournament.org/pdfs/smt2012/power-problems.pdf,smt_pdfs/SMT_2012_Power_Problems.pdf,mathpix_output/smt_pdfs/SMT_2012_Power_Problems.md,mathpix_output/smt_pdfs/SMT_2012_Power_Problems.tex.zip,6
SMT,2012,Power,Solutions,,Team,,https://www.stanfordmathtournament.org/pdfs/smt2012/power-solutions.pdf,smt_pdfs/SMT_2012_Power_Solutions.pdf,mathpix_output/smt_pdfs/SMT_2012_Power_Solutions.md,mathpix_output/smt_pdfs/SMT_2012_Power_Solutions.tex.zip,10
SMT,2012,Team,Problems,,Team,,https://www.stanfordmathtournament.org/pdfs/smt2012/team-problems.pdf,smt_pdfs/SMT_2012_Team_Problems.pdf,mathpix_output/smt_pdfs/SMT_2012_Team_Problems.md,mathpix_output/smt_pdfs/SMT_2012_Team_Problems.tex.zip,2
SMT,2012,Team,Solutions,,Team,,https://www.stanfordmathtournament.org/pdfs/smt2012/team-solutions.pdf,smt_pdfs/SMT_2012_Team_Solutions.pdf,mathpix_output/smt_pdfs/SMT_2012_Team_Solutions.md,mathpix_output/smt_pdfs/SMT_2012_Team_Solutions.tex.zip,9
SMT,2011,Algebra,Problems,,Individual,,https://www.stanfordmathtournament.org/pdfs/smt2011/algebra-problems.pdf,smt_pdfs/SMT_2011_Algebra_Problems.pdf,mathpix_output/smt_pdfs/SMT_2011_Algebra_Problems.md,mathpix_output/smt_pdfs/SMT_2011_Algebra_Problems.tex.zip,1
SMT,2011,Algebra,Solutions,,Individual,,https://www.stanfordmathtournament.org/pdfs/smt2011/algebra-solutions.pdf,smt_pdfs/SMT_2011_Algebra_Solutions.pdf,mathpix_output/smt_pdfs/SMT_2011_Algebra_Solutions.md,mathpix_output/smt_pdfs/SMT_2011_Algebra_Solutions.tex.zip,3
SMT,2011,Calculus,Problems,,Individual,,https://www.stanfordmathtournament.org/pdfs/smt2011/calculus-problems.pdf,smt_pdfs/SMT_2011_Calculus_Problems.pdf,mathpix_output/smt_pdfs/SMT_2011_Calculus_Problems.md,mathpix_output/smt_pdfs/SMT_2011_Calculus_Problems.tex.zip,1
SMT,2011,Calculus,Solutions,,Individual,,https://www.stanfordmathtournament.org/pdfs/smt2011/calculus-solutions.pdf,smt_pdfs/SMT_2011_Calculus_Solutions.pdf,mathpix_output/smt_pdfs/SMT_2011_Calculus_Solutions.md,mathpix_output/smt_pdfs/SMT_2011_Calculus_Solutions.tex.zip,6
SMT,2011,General,Problems,,Individual,,https://www.stanfordmathtournament.org/pdfs/smt2011/general-problems.pdf,smt_pdfs/SMT_2011_General_Problems.pdf,mathpix_output/smt_pdfs/SMT_2011_General_Problems.md,mathpix_output/smt_pdfs/SMT_2011_General_Problems.tex.zip,2
SMT,2011,General,Solutions,,Individual,,https://www.stanfordmathtournament.org/pdfs/smt2011/general-solutions.pdf,smt_pdfs/SMT_2011_General_Solutions.pdf,mathpix_output/smt_pdfs/SMT_2011_General_Solutions.md,mathpix_output/smt_pdfs/SMT_2011_General_Solutions.tex.zip,7
SMT,2011,Geometry,Problems,,Individual,,https://www.stanfordmathtournament.org/pdfs/smt2011/geometry-problems.pdf,smt_pdfs/SMT_2011_Geometry_Problems.pdf,mathpix_output/smt_pdfs/SMT_2011_Geometry_Problems.md,mathpix_output/smt_pdfs/SMT_2011_Geometry_Problems.tex.zip,1
SMT,2011,Geometry,Solutions,,Individual,,https://www.stanfordmathtournament.org/pdfs/smt2011/geometry-solutions.pdf,smt_pdfs/SMT_2011_Geometry_Solutions.pdf,mathpix_output/smt_pdfs/SMT_2011_Geometry_Solutions.md,mathpix_output/smt_pdfs/SMT_2011_Geometry_Solutions.tex.zip,4
SMT,2011,Power,Problems,,Team,,https://www.stanfordmathtournament.org/pdfs/smt2011/power-problems.pdf,smt_pdfs/SMT_2011_Power_Problems.pdf,mathpix_output/smt_pdfs/SMT_2011_Power_Problems.md,mathpix_output/smt_pdfs/SMT_2011_Power_Problems.tex.zip,3
SMT,2011,Power,Solutions,,Team,,https://www.stanfordmathtournament.org/pdfs/smt2011/power-solutions.pdf,smt_pdfs/SMT_2011_Power_Solutions.pdf,mathpix_output/smt_pdfs/SMT_2011_Power_Solutions.md,mathpix_output/smt_pdfs/SMT_2011_Power_Solutions.tex.zip,8
SMT,2011,Team,Problems,,Team,,https://www.stanfordmathtournament.org/pdfs/smt2011/team-problems.pdf,smt_pdfs/SMT_2011_Team_Problems.pdf,mathpix_output/smt_pdfs/SMT_2011_Team_Problems.md,mathpix_output/smt_pdfs/SMT_2011_Team_Problems.tex.zip,2
SMT,2011,Team,Solutions,,Team,,https://www.stanfordmathtournament.org/pdfs/smt2011/team-solutions.pdf,smt_pdfs/SMT_2011_Team_Solutions.pdf,mathpix_output/smt_pdfs/SMT_2011_Team_Solutions.md,mathpix_output/smt_pdfs/SMT_2011_Team_Solutions.tex.zip,6
