source,answer,source_file
HMMT February 2008 Algebra #1,\frac{1}{6},HMMT_February_2008_Algebra_Solutions.pdf
HMMT February 2008 Algebra #2,242,HMMT_February_2008_Algebra_Solutions.pdf
HMMT February 2008 Algebra #3,"1, 2",HMMT_February_2008_Algebra_Solutions.pdf
HMMT February 2008 Algebra #4,-49,HMMT_February_2008_Algebra_Solutions.pdf
HMMT February 2008 Algebra #5,899,HMMT_February_2008_Algebra_Solutions.pdf
HMMT February 2008 Algebra #6,8,HMMT_February_2008_Algebra_Solutions.pdf
HMMT February 2008 Algebra #7,\frac{4}{9},HMMT_February_2008_Algebra_Solutions.pdf
HMMT February 2008 Algebra #8,25°,HMMT_February_2008_Algebra_Solutions.pdf
HMMT February 2008 Algebra #9,\frac{1}{4},HMMT_February_2008_Algebra_Solutions.pdf
HMMT February 2008 Algebra #10,\sqrt{5},HMMT_February_2008_Algebra_Solutions.pdf
HMMT February 2008 Combinatorics #1,60,HMMT_February_2008_Combinatorics_Solutions.pdf
HMMT February 2008 Combinatorics #2,\frac{2009}{2},HMMT_February_2008_Combinatorics_Solutions.pdf
HMMT February 2008 Combinatorics #3,100800,HMMT_February_2008_Combinatorics_Solutions.pdf
HMMT February 2008 Combinatorics #4,10201,HMMT_February_2008_Combinatorics_Solutions.pdf
HMMT February 2008 Combinatorics #5,128,HMMT_February_2008_Combinatorics_Solutions.pdf
HMMT February 2008 Combinatorics #6,\frac{2}{21},HMMT_February_2008_Combinatorics_Solutions.pdf
HMMT February 2008 Combinatorics #7,323,HMMT_February_2008_Combinatorics_Solutions.pdf
HMMT February 2008 Combinatorics #8,2025,HMMT_February_2008_Combinatorics_Solutions.pdf
HMMT February 2008 Combinatorics #9,\frac{1}{4} + \frac{3}{4 \cdot 5^{2008}},HMMT_February_2008_Combinatorics_Solutions.pdf
HMMT February 2008 Combinatorics #10,1540,HMMT_February_2008_Combinatorics_Solutions.pdf
HMMT February 2008 Geometry #1,5,HMMT_February_2008_Geometry_Solutions.pdf
HMMT February 2008 Geometry #2,3,HMMT_February_2008_Geometry_Solutions.pdf
HMMT February 2008 Geometry #3,\pi - 2,HMMT_February_2008_Geometry_Solutions.pdf
HMMT February 2008 Geometry #4,108,HMMT_February_2008_Geometry_Solutions.pdf
HMMT February 2008 Geometry #5,81^{\circ},HMMT_February_2008_Geometry_Solutions.pdf
HMMT February 2008 Geometry #6,\sqrt{17},HMMT_February_2008_Geometry_Solutions.pdf
HMMT February 2008 Geometry #7,8,HMMT_February_2008_Geometry_Solutions.pdf
HMMT February 2008 Geometry #8,\sqrt{\frac{28}{3}} - 1,HMMT_February_2008_Geometry_Solutions.pdf
HMMT February 2008 Geometry #9,\frac{75}{64},HMMT_February_2008_Geometry_Solutions.pdf
HMMT February 2008 Geometry #10,2014024,HMMT_February_2008_Geometry_Solutions.pdf
HMMT February 2008 Guts #1,"(4, -2), \left(\frac{5}{2}, -5\right)",HMMT_February_2008_Guts_Solutions.pdf
HMMT February 2008 Guts #2,\frac{25}{8},HMMT_February_2008_Guts_Solutions.pdf
HMMT February 2008 Guts #3,2 \cdot 3^{2008},HMMT_February_2008_Guts_Solutions.pdf
HMMT February 2008 Guts #4,"(-1, 1)",HMMT_February_2008_Guts_Solutions.pdf
HMMT February 2008 Guts #5,\frac{416}{729},HMMT_February_2008_Guts_Solutions.pdf
HMMT February 2008 Guts #6,297,HMMT_February_2008_Guts_Solutions.pdf
HMMT February 2008 Guts #7,2007 + \frac{\pi}{2},HMMT_February_2008_Guts_Solutions.pdf
HMMT February 2008 Guts #8,1920,HMMT_February_2008_Guts_Solutions.pdf
HMMT February 2008 Guts #9,\frac{\pi}{4-\pi},HMMT_February_2008_Guts_Solutions.pdf
HMMT February 2008 Guts #10,6,HMMT_February_2008_Guts_Solutions.pdf
HMMT February 2008 Guts #11,\frac{2007}{2008},HMMT_February_2008_Guts_Solutions.pdf
HMMT February 2008 Guts #12,\frac{1}{3},HMMT_February_2008_Guts_Solutions.pdf
HMMT February 2008 Guts #13,2008! - 1,HMMT_February_2008_Guts_Solutions.pdf
HMMT February 2008 Guts #14,\frac{3}{8},HMMT_February_2008_Guts_Solutions.pdf
HMMT February 2008 Guts #15,\frac{5}{21},HMMT_February_2008_Guts_Solutions.pdf
HMMT February 2008 Guts #16,5\sqrt{2} - 3,HMMT_February_2008_Guts_Solutions.pdf
HMMT February 2008 Guts #17,\frac{1}{2^{4016}},HMMT_February_2008_Guts_Solutions.pdf
HMMT February 2008 Guts #18,\frac{\sqrt{13}}{2},HMMT_February_2008_Guts_Solutions.pdf
HMMT February 2008 Guts #19,\frac{1}{6},HMMT_February_2008_Guts_Solutions.pdf
HMMT February 2008 Guts #20,21,HMMT_February_2008_Guts_Solutions.pdf
HMMT February 2008 Guts #21,\frac{144}{49},HMMT_February_2008_Guts_Solutions.pdf
HMMT February 2008 Guts #22,335,HMMT_February_2008_Guts_Solutions.pdf
HMMT February 2008 Guts #23,10,HMMT_February_2008_Guts_Solutions.pdf
HMMT February 2008 Guts #24,\frac{9}{10},HMMT_February_2008_Guts_Solutions.pdf
HMMT February 2008 Guts #25,35,HMMT_February_2008_Guts_Solutions.pdf
HMMT February 2008 Guts #26,\frac{7}{8},HMMT_February_2008_Guts_Solutions.pdf
HMMT February 2008 Guts #27,7,HMMT_February_2008_Guts_Solutions.pdf
HMMT February 2008 Guts #28,\frac{\sqrt{2}}{3},HMMT_February_2008_Guts_Solutions.pdf
HMMT February 2008 Guts #29,\frac{11}{65},HMMT_February_2008_Guts_Solutions.pdf
HMMT February 2008 Guts #30,40,HMMT_February_2008_Guts_Solutions.pdf
HMMT February 2008 Guts #31,254,HMMT_February_2008_Guts_Solutions.pdf
HMMT February 2008 Guts #32,\frac{225\sqrt{11}}{88},HMMT_February_2008_Guts_Solutions.pdf
HMMT February 2008 Guts #33,\frac{6}{5},HMMT_February_2008_Guts_Solutions.pdf
HMMT February 2008 Guts #35,212,HMMT_February_2008_Guts_Solutions.pdf
HMMT February 2009 Algebra #1,47,HMMT_February_2009_Algebra_Solutions.pdf
HMMT February 2009 Algebra #2,1004,HMMT_February_2009_Algebra_Solutions.pdf
HMMT February 2009 Algebra #3,20,HMMT_February_2009_Algebra_Solutions.pdf
HMMT February 2009 Algebra #4,-6,HMMT_February_2009_Algebra_Solutions.pdf
HMMT February 2009 Algebra #5,-2,HMMT_February_2009_Algebra_Solutions.pdf
HMMT February 2009 Algebra #6,4,HMMT_February_2009_Algebra_Solutions.pdf
HMMT February 2009 Algebra #7,x^{9900}\left(\frac{1+x^{100}}{2}\right)^2,HMMT_February_2009_Algebra_Solutions.pdf
HMMT February 2009 Algebra #8,20,HMMT_February_2009_Algebra_Solutions.pdf
HMMT February 2009 Algebra #9,8,HMMT_February_2009_Algebra_Solutions.pdf
HMMT February 2009 Algebra #10,"\left[\frac{\sqrt{3}}{3}, 1\right]",HMMT_February_2009_Algebra_Solutions.pdf
HMMT February 2009 Combinatorics #1,128,HMMT_February_2009_Combinatorics_Solutions.pdf
HMMT February 2009 Combinatorics #2,\frac{52}{3},HMMT_February_2009_Combinatorics_Solutions.pdf
HMMT February 2009 Combinatorics #3,361,HMMT_February_2009_Combinatorics_Solutions.pdf
HMMT February 2009 Combinatorics #4,196,HMMT_February_2009_Combinatorics_Solutions.pdf
HMMT February 2009 Combinatorics #5,\frac{1}{45},HMMT_February_2009_Combinatorics_Solutions.pdf
HMMT February 2009 Combinatorics #6,116,HMMT_February_2009_Combinatorics_Solutions.pdf
HMMT February 2009 Combinatorics #7,\frac{147}{2},HMMT_February_2009_Combinatorics_Solutions.pdf
HMMT February 2009 Combinatorics #8,2040,HMMT_February_2009_Combinatorics_Solutions.pdf
HMMT February 2009 Combinatorics #9,2448,HMMT_February_2009_Combinatorics_Solutions.pdf
HMMT February 2009 Combinatorics #10,3^n - (n + 1) \cdot 2^n + n(n + 1)/2,HMMT_February_2009_Combinatorics_Solutions.pdf
HMMT February 2009 Geometry #1,\frac{55}{2},HMMT_February_2009_Geometry_Solutions.pdf
HMMT February 2009 Geometry #2,\frac{2\sqrt{3}}{3},HMMT_February_2009_Geometry_Solutions.pdf
HMMT February 2009 Geometry #3,\frac{3}{2},HMMT_February_2009_Geometry_Solutions.pdf
HMMT February 2009 Geometry #4,\frac{1+\sqrt{5}}{2},HMMT_February_2009_Geometry_Solutions.pdf
HMMT February 2009 Geometry #5,168\pi,HMMT_February_2009_Geometry_Solutions.pdf
HMMT February 2009 Geometry #6,1 + 5\sqrt{2} + \sqrt{65},HMMT_February_2009_Geometry_Solutions.pdf
HMMT February 2009 Geometry #7,\frac{6\sqrt{37}}{5},HMMT_February_2009_Geometry_Solutions.pdf
HMMT February 2009 Geometry #8,208,HMMT_February_2009_Geometry_Solutions.pdf
HMMT February 2009 Geometry #9,14,HMMT_February_2009_Geometry_Solutions.pdf
HMMT February 2009 Geometry #10,9,HMMT_February_2009_Geometry_Solutions.pdf
HMMT February 2009 Guts #1,41230,HMMT_February_2009_Guts_Solutions.pdf
HMMT February 2009 Guts #2,\frac{5}{8},HMMT_February_2009_Guts_Solutions.pdf
HMMT February 2009 Guts #3,"(0, 0) \text{ and } (1, 1)",HMMT_February_2009_Guts_Solutions.pdf
HMMT February 2009 Guts #4,1 + i,HMMT_February_2009_Guts_Solutions.pdf
HMMT February 2009 Guts #5,6,HMMT_February_2009_Guts_Solutions.pdf
HMMT February 2009 Guts #6,1,HMMT_February_2009_Guts_Solutions.pdf
HMMT February 2009 Guts #7,120,HMMT_February_2009_Guts_Solutions.pdf
HMMT February 2009 Guts #8,\log_{2008} 2009,HMMT_February_2009_Guts_Solutions.pdf
HMMT February 2009 Guts #9,30,HMMT_February_2009_Guts_Solutions.pdf
HMMT February 2009 Guts #10,\frac{2a}{5} + 1,HMMT_February_2009_Guts_Solutions.pdf
HMMT February 2009 Guts #11,\frac{1}{3},HMMT_February_2009_Guts_Solutions.pdf
HMMT February 2009 Guts #12,376,HMMT_February_2009_Guts_Solutions.pdf
HMMT February 2009 Guts #13,630,HMMT_February_2009_Guts_Solutions.pdf
HMMT February 2009 Guts #14,2394,HMMT_February_2009_Guts_Solutions.pdf
HMMT February 2009 Guts #15,4950,HMMT_February_2009_Guts_Solutions.pdf
HMMT February 2009 Guts #16,n2^{n-2},HMMT_February_2009_Guts_Solutions.pdf
HMMT February 2009 Guts #17,682,HMMT_February_2009_Guts_Solutions.pdf
HMMT February 2009 Guts #18,7,HMMT_February_2009_Guts_Solutions.pdf
HMMT February 2009 Guts #19,6,HMMT_February_2009_Guts_Solutions.pdf
HMMT February 2009 Guts #20,4018,HMMT_February_2009_Guts_Solutions.pdf
HMMT February 2009 Guts #21,\frac{4036082}{4036081},HMMT_February_2009_Guts_Solutions.pdf
HMMT February 2009 Guts #22,3,HMMT_February_2009_Guts_Solutions.pdf
HMMT February 2009 Guts #23,12 - 4\sqrt{2},HMMT_February_2009_Guts_Solutions.pdf
HMMT February 2009 Guts #24,\frac{2 \cdot 2^n + (-1)^n}{3},HMMT_February_2009_Guts_Solutions.pdf
HMMT February 2009 Guts #25,\frac{3}{2},HMMT_February_2009_Guts_Solutions.pdf
HMMT February 2009 Guts #26,2009,HMMT_February_2009_Guts_Solutions.pdf
HMMT February 2009 Guts #27,2,HMMT_February_2009_Guts_Solutions.pdf
HMMT February 2009 Guts #28,14,HMMT_February_2009_Guts_Solutions.pdf
HMMT February 2009 Guts #29,139,HMMT_February_2009_Guts_Solutions.pdf
HMMT February 2009 Guts #30,17,HMMT_February_2009_Guts_Solutions.pdf
HMMT February 2009 Guts #31,\frac{5^n - 3^n}{2},HMMT_February_2009_Guts_Solutions.pdf
HMMT February 2009 Guts #32,56,HMMT_February_2009_Guts_Solutions.pdf
HMMT February 2009 Guts #33,\binom{m+3}{3}^3,HMMT_February_2009_Guts_Solutions.pdf
HMMT February 2009 Guts #34,12679605,HMMT_February_2009_Guts_Solutions.pdf
HMMT February 2009 Guts #35,.57196,HMMT_February_2009_Guts_Solutions.pdf
HMMT February 2009 Guts #36,13023,HMMT_February_2009_Guts_Solutions.pdf
HMMT February 2010 Algebra #1,\frac{3+\sqrt{17}}{2},HMMT_February_2010_Algebra_Solutions.pdf
HMMT February 2010 Algebra #2,"(5, 21, 421)",HMMT_February_2010_Algebra_Solutions.pdf
HMMT February 2010 Algebra #3,1092,HMMT_February_2010_Algebra_Solutions.pdf
HMMT February 2010 Algebra #4,"1, -1, i, -i",HMMT_February_2010_Algebra_Solutions.pdf
HMMT February 2010 Algebra #5,-90,HMMT_February_2010_Algebra_Solutions.pdf
HMMT February 2010 Algebra #6,1005,HMMT_February_2010_Algebra_Solutions.pdf
HMMT February 2010 Algebra #7,-5892,HMMT_February_2010_Algebra_Solutions.pdf
HMMT February 2010 Algebra #8,714,HMMT_February_2010_Algebra_Solutions.pdf
HMMT February 2010 Algebra #9,2,HMMT_February_2010_Algebra_Solutions.pdf
HMMT February 2010 Algebra #10,"(3, -24)",HMMT_February_2010_Algebra_Solutions.pdf
HMMT February 2010 Combinatorics #1,180,HMMT_February_2010_Combinatorics_Solutions.pdf
HMMT February 2010 Combinatorics #2,39,HMMT_February_2010_Combinatorics_Solutions.pdf
HMMT February 2010 Combinatorics #3,4^{2010} - 2^{2010},HMMT_February_2010_Combinatorics_Solutions.pdf
HMMT February 2010 Combinatorics #4,3384,HMMT_February_2010_Combinatorics_Solutions.pdf
HMMT February 2010 Combinatorics #5,20503,HMMT_February_2010_Combinatorics_Solutions.pdf
HMMT February 2010 Combinatorics #6,\binom{4020}{1005}^2,HMMT_February_2010_Combinatorics_Solutions.pdf
HMMT February 2010 Combinatorics #7,\frac{1793}{128},HMMT_February_2010_Combinatorics_Solutions.pdf
HMMT February 2010 Combinatorics #8,\binom{4019}{2011},HMMT_February_2010_Combinatorics_Solutions.pdf
HMMT February 2010 Combinatorics #9,\frac{2^{2009}-1}{3 \cdot 2^{2008}-1},HMMT_February_2010_Combinatorics_Solutions.pdf
HMMT February 2010 Combinatorics #10,49,HMMT_February_2010_Combinatorics_Solutions.pdf
HMMT February 2010 Geometry #1,\frac{3\pi}{7},HMMT_February_2010_Geometry_Solutions.pdf
HMMT February 2010 Geometry #2,\sqrt{5},HMMT_February_2010_Geometry_Solutions.pdf
HMMT February 2010 Geometry #3,\pi,HMMT_February_2010_Geometry_Solutions.pdf
HMMT February 2010 Geometry #4,\sqrt{\frac{216}{145}},HMMT_February_2010_Geometry_Solutions.pdf
HMMT February 2010 Geometry #5,2,HMMT_February_2010_Geometry_Solutions.pdf
HMMT February 2010 Geometry #6,\frac{\sqrt{6}+\sqrt{2}+8}{4},HMMT_February_2010_Geometry_Solutions.pdf
HMMT February 2010 Geometry #7,9\sqrt{3} + \frac{21\pi}{2},HMMT_February_2010_Geometry_Solutions.pdf
HMMT February 2010 Geometry #8,20,HMMT_February_2010_Geometry_Solutions.pdf
HMMT February 2010 Geometry #9,70° \text{ and } 160°,HMMT_February_2010_Geometry_Solutions.pdf
HMMT February 2010 Geometry #10,2 - \sqrt{3},HMMT_February_2010_Geometry_Solutions.pdf
HMMT February 2010 Guts #1,12345679,HMMT_February_2010_Guts_Solutions.pdf
HMMT February 2010 Guts #2,1,HMMT_February_2010_Guts_Solutions.pdf
HMMT February 2010 Guts #3,22,HMMT_February_2010_Guts_Solutions.pdf
HMMT February 2010 Guts #4,99,HMMT_February_2010_Guts_Solutions.pdf
HMMT February 2010 Guts #5,\frac{1}{5040},HMMT_February_2010_Guts_Solutions.pdf
HMMT February 2010 Guts #6,7,HMMT_February_2010_Guts_Solutions.pdf
HMMT February 2010 Guts #7,19754321,HMMT_February_2010_Guts_Solutions.pdf
HMMT February 2010 Guts #8,\frac{21}{2},HMMT_February_2010_Guts_Solutions.pdf
HMMT February 2010 Guts #9,\frac{1}{4},HMMT_February_2010_Guts_Solutions.pdf
HMMT February 2010 Guts #10,15,HMMT_February_2010_Guts_Solutions.pdf
HMMT February 2010 Guts #11,\frac{9\pi}{4},HMMT_February_2010_Guts_Solutions.pdf
HMMT February 2010 Guts #12,\binom{34}{9},HMMT_February_2010_Guts_Solutions.pdf
HMMT February 2010 Guts #13,\frac{17}{2},HMMT_February_2010_Guts_Solutions.pdf
HMMT February 2010 Guts #14,2016,HMMT_February_2010_Guts_Solutions.pdf
HMMT February 2010 Guts #15,\frac{20481}{4096},HMMT_February_2010_Guts_Solutions.pdf
HMMT February 2010 Guts #16,\frac{27}{35},HMMT_February_2010_Guts_Solutions.pdf
HMMT February 2010 Guts #17,\sqrt{10},HMMT_February_2010_Guts_Solutions.pdf
HMMT February 2010 Guts #18,y = (1 + \sqrt{2})x \text{ and } y = (1 - \sqrt{2})x,HMMT_February_2010_Guts_Solutions.pdf
HMMT February 2010 Guts #19,6240,HMMT_February_2010_Guts_Solutions.pdf
HMMT February 2010 Guts #20,\frac{1}{4},HMMT_February_2010_Guts_Solutions.pdf
HMMT February 2010 Guts #21,2,HMMT_February_2010_Guts_Solutions.pdf
HMMT February 2010 Guts #22,\frac{5}{8},HMMT_February_2010_Guts_Solutions.pdf
HMMT February 2010 Guts #23,1004,HMMT_February_2010_Guts_Solutions.pdf
HMMT February 2010 Guts #24,\frac{13}{3},HMMT_February_2010_Guts_Solutions.pdf
HMMT February 2010 Guts #25,94,HMMT_February_2010_Guts_Solutions.pdf
HMMT February 2010 Guts #26,1 - \frac{\sin^2(2^{2011}x)}{4^{2011}\sin^2(x)},HMMT_February_2010_Guts_Solutions.pdf
HMMT February 2010 Guts #27,\sqrt[3]{4},HMMT_February_2010_Guts_Solutions.pdf
HMMT February 2010 Guts #28,20160,HMMT_February_2010_Guts_Solutions.pdf
HMMT February 2010 Guts #29,29,HMMT_February_2010_Guts_Solutions.pdf
HMMT February 2010 Guts #30,764,HMMT_February_2010_Guts_Solutions.pdf
HMMT February 2010 Guts #31,\frac{2101}{625},HMMT_February_2010_Guts_Solutions.pdf
HMMT February 2010 Guts #32,0.96039,HMMT_February_2010_Guts_Solutions.pdf
HMMT February 2010 Guts #33,335,HMMT_February_2010_Guts_Solutions.pdf
HMMT February 2010 Guts #34,1019,HMMT_February_2010_Guts_Solutions.pdf
HMMT February 2010 Guts #35,130348,HMMT_February_2010_Guts_Solutions.pdf
HMMT February 2010 Guts #36,3426576,HMMT_February_2010_Guts_Solutions.pdf
HMMT February 2011 Guts #1,\frac{1}{3},HMMT_February_2011_Guts_Solutions.pdf
HMMT February 2011 Guts #2,1,HMMT_February_2011_Guts_Solutions.pdf
HMMT February 2011 Guts #3,0,HMMT_February_2011_Guts_Solutions.pdf
HMMT February 2011 Guts #4,\frac{\sqrt{5}-1}{2},HMMT_February_2011_Guts_Solutions.pdf
HMMT February 2011 Guts #5,77,HMMT_February_2011_Guts_Solutions.pdf
HMMT February 2011 Guts #6,144,HMMT_February_2011_Guts_Solutions.pdf
HMMT February 2011 Guts #7,\frac{31-3\sqrt{53}}{2},HMMT_February_2011_Guts_Solutions.pdf
HMMT February 2011 Guts #8,1006,HMMT_February_2011_Guts_Solutions.pdf
HMMT February 2011 Guts #9,\sqrt{3},HMMT_February_2011_Guts_Solutions.pdf
HMMT February 2011 Guts #10,256,HMMT_February_2011_Guts_Solutions.pdf
HMMT February 2011 Guts #11,\frac{1}{2} - \frac{1}{2^{1341}},HMMT_February_2011_Guts_Solutions.pdf
HMMT February 2011 Guts #12,-1941,HMMT_February_2011_Guts_Solutions.pdf
HMMT February 2011 Guts #13,3,HMMT_February_2011_Guts_Solutions.pdf
HMMT February 2011 Guts #14,122,HMMT_February_2011_Guts_Solutions.pdf
HMMT February 2011 Guts #15,-2 \pm \sqrt{5},HMMT_February_2011_Guts_Solutions.pdf
HMMT February 2011 Guts #16,10,HMMT_February_2011_Guts_Solutions.pdf
HMMT February 2011 Guts #17,\sqrt{5 + 2\sqrt{3}},HMMT_February_2011_Guts_Solutions.pdf
HMMT February 2011 Guts #18,64 \cdot 3^{4020},HMMT_February_2011_Guts_Solutions.pdf
HMMT February 2011 Guts #19,127,HMMT_February_2011_Guts_Solutions.pdf
HMMT February 2011 Guts #20,82.5,HMMT_February_2011_Guts_Solutions.pdf
HMMT February 2011 Guts #21,\frac{3}{4},HMMT_February_2011_Guts_Solutions.pdf
HMMT February 2011 Guts #22,117690,HMMT_February_2011_Guts_Solutions.pdf
HMMT February 2011 Guts #23,30604,HMMT_February_2011_Guts_Solutions.pdf
HMMT February 2011 Guts #24,41,HMMT_February_2011_Guts_Solutions.pdf
HMMT February 2011 Guts #25,2 + \sqrt{2},HMMT_February_2011_Guts_Solutions.pdf
HMMT February 2011 Guts #26,1152,HMMT_February_2011_Guts_Solutions.pdf
HMMT February 2011 Guts #27,4,HMMT_February_2011_Guts_Solutions.pdf
HMMT February 2011 Guts #28,135,HMMT_February_2011_Guts_Solutions.pdf
HMMT February 2011 Guts #29,\frac{1106}{5},HMMT_February_2011_Guts_Solutions.pdf
HMMT February 2011 Guts #30,3^n + (-2)^{n+1} - 1,HMMT_February_2011_Guts_Solutions.pdf
HMMT February 2011 Guts #31,359108,HMMT_February_2011_Guts_Solutions.pdf
HMMT February 2011 Guts #32,1 - n\frac{p-1}{p+1} + \frac{p^2(p^{2n}-1)}{(p+1)^2},HMMT_February_2011_Guts_Solutions.pdf
HMMT February 2011 Guts #33,\frac{11}{2111}\binom{2111}{100},HMMT_February_2011_Guts_Solutions.pdf
HMMT February 2011 Guts #34,25,HMMT_February_2011_Guts_Solutions.pdf
HMMT February 2011 Guts #35,2047^{100},HMMT_February_2011_Guts_Solutions.pdf
HMMT February 2011 Guts #36,768,HMMT_February_2011_Guts_Solutions.pdf
HMMT February 2012 Algebra #1,\sqrt{4^{2012} + 1},HMMT_February_2012_Algebra_Solutions.pdf
HMMT February 2012 Algebra #2,168,HMMT_February_2012_Algebra_Solutions.pdf
HMMT February 2012 Algebra #3,"\left(\frac{1-\sqrt{3}}{2}, \frac{3-\sqrt{3}}{2}\right)",HMMT_February_2012_Algebra_Solutions.pdf
HMMT February 2012 Algebra #4,\frac{1005}{1006},HMMT_February_2012_Algebra_Solutions.pdf
HMMT February 2012 Algebra #5,"\left(\frac{\sqrt{30}}{3}, \frac{\sqrt{30}}{4}, \frac{2\sqrt{30}}{5}\right), \left(\frac{\sqrt{30}}{3}, \frac{\sqrt{30}}{2}, \frac{\sqrt{30}}{5}\right)",HMMT_February_2012_Algebra_Solutions.pdf
HMMT February 2012 Algebra #6,2^{1006}\sqrt{2^{2010} + 2} - 2^{2011},HMMT_February_2012_Algebra_Solutions.pdf
HMMT February 2012 Algebra #7,y = \sqrt{2},HMMT_February_2012_Algebra_Solutions.pdf
HMMT February 2012 Algebra #8,84,HMMT_February_2012_Algebra_Solutions.pdf
HMMT February 2012 Algebra #9,18,HMMT_February_2012_Algebra_Solutions.pdf
HMMT February 2012 Algebra #10,126,HMMT_February_2012_Algebra_Solutions.pdf
HMMT February 2012 Combinatorics #1,95,HMMT_February_2012_Combinatorics_Solutions.pdf
HMMT February 2012 Combinatorics #2,\frac{19}{40},HMMT_February_2012_Combinatorics_Solutions.pdf
HMMT February 2012 Combinatorics #3,61,HMMT_February_2012_Combinatorics_Solutions.pdf
HMMT February 2012 Combinatorics #4,330,HMMT_February_2012_Combinatorics_Solutions.pdf
HMMT February 2012 Combinatorics #5,131922,HMMT_February_2012_Combinatorics_Solutions.pdf
HMMT February 2012 Combinatorics #6,22212,HMMT_February_2012_Combinatorics_Solutions.pdf
HMMT February 2012 Combinatorics #7,\frac{2^{2014} - 4}{3},HMMT_February_2012_Combinatorics_Solutions.pdf
HMMT February 2012 Combinatorics #8,67950,HMMT_February_2012_Combinatorics_Solutions.pdf
HMMT February 2012 Combinatorics #9,\frac{1}{2062300},HMMT_February_2012_Combinatorics_Solutions.pdf
HMMT February 2012 Combinatorics #10,"1, \frac{2^{2011}+1}{3 \cdot 2^{2011}}",HMMT_February_2012_Combinatorics_Solutions.pdf
HMMT February 2012 Geometry #1,\frac{\sqrt{17}}{3},HMMT_February_2012_Geometry_Solutions.pdf
HMMT February 2012 Geometry #2,\frac{3\sqrt{5}}{4},HMMT_February_2012_Geometry_Solutions.pdf
HMMT February 2012 Geometry #3,\frac{540}{7},HMMT_February_2012_Geometry_Solutions.pdf
HMMT February 2012 Geometry #4,\frac{4\sqrt{3}}{3},HMMT_February_2012_Geometry_Solutions.pdf
HMMT February 2012 Geometry #5,\frac{3}{4},HMMT_February_2012_Geometry_Solutions.pdf
HMMT February 2012 Geometry #6,\frac{\sqrt{6}}{3},HMMT_February_2012_Geometry_Solutions.pdf
HMMT February 2012 Geometry #7,\frac{1}{2^{2011}},HMMT_February_2012_Geometry_Solutions.pdf
HMMT February 2012 Geometry #8,"\{\frac{9+\sqrt{33}}{2}, \frac{9-\sqrt{33}}{2}\}",HMMT_February_2012_Geometry_Solutions.pdf
HMMT February 2012 Geometry #9,8 + 4\sqrt{2},HMMT_February_2012_Geometry_Solutions.pdf
HMMT February 2012 Geometry #10,"(-1006, 1006\sqrt{3}), (-1006, -1006\sqrt{3})",HMMT_February_2012_Geometry_Solutions.pdf
HMMT February 2012 Guts #1,\sqrt{10},HMMT_February_2012_Guts_Solutions.pdf
HMMT February 2012 Guts #2,\frac{2}{4025},HMMT_February_2012_Guts_Solutions.pdf
HMMT February 2012 Guts #3,1,HMMT_February_2012_Guts_Solutions.pdf
HMMT February 2012 Guts #4,4 \cdot 3^{2011},HMMT_February_2012_Guts_Solutions.pdf
HMMT February 2012 Guts #5,\frac{2}{3},HMMT_February_2012_Guts_Solutions.pdf
HMMT February 2012 Guts #6,72,HMMT_February_2012_Guts_Solutions.pdf
HMMT February 2012 Guts #7,372,HMMT_February_2012_Guts_Solutions.pdf
HMMT February 2012 Guts #8,23.5,HMMT_February_2012_Guts_Solutions.pdf
HMMT February 2012 Guts #9,30°,HMMT_February_2012_Guts_Solutions.pdf
HMMT February 2012 Guts #10,5,HMMT_February_2012_Guts_Solutions.pdf
HMMT February 2012 Guts #11,2\sqrt{5},HMMT_February_2012_Guts_Solutions.pdf
HMMT February 2012 Guts #12,2982,HMMT_February_2012_Guts_Solutions.pdf
HMMT February 2012 Guts #13,1010309,HMMT_February_2012_Guts_Solutions.pdf
HMMT February 2012 Guts #14,\sqrt{59} - 3,HMMT_February_2012_Guts_Solutions.pdf
HMMT February 2012 Guts #15,-8048,HMMT_February_2012_Guts_Solutions.pdf
HMMT February 2012 Guts #16,\frac{1}{24},HMMT_February_2012_Guts_Solutions.pdf
HMMT February 2012 Guts #17,\frac{2^{17}}{125},HMMT_February_2012_Guts_Solutions.pdf
HMMT February 2012 Guts #18,\frac{\sqrt{6}}{2},HMMT_February_2012_Guts_Solutions.pdf
HMMT February 2012 Guts #19,1 - 2^{2012},HMMT_February_2012_Guts_Solutions.pdf
HMMT February 2012 Guts #20,74,HMMT_February_2012_Guts_Solutions.pdf
HMMT February 2012 Guts #21,5586,HMMT_February_2012_Guts_Solutions.pdf
HMMT February 2012 Guts #22,\frac{2\sqrt{170} - 9\sqrt{5}}{5},HMMT_February_2012_Guts_Solutions.pdf
HMMT February 2012 Guts #23,\frac{\sqrt{6} + \sqrt{2}}{2},HMMT_February_2012_Guts_Solutions.pdf
HMMT February 2012 Guts #24,\frac{2}{3},HMMT_February_2012_Guts_Solutions.pdf
HMMT February 2012 Guts #25,\left(\frac{1 + 2^{1005}}{2^{1007}}\right)^2,HMMT_February_2012_Guts_Solutions.pdf
HMMT February 2012 Guts #26,\sqrt{10},HMMT_February_2012_Guts_Solutions.pdf
HMMT February 2012 Guts #27,2,HMMT_February_2012_Guts_Solutions.pdf
HMMT February 2012 Guts #28,18\pi,HMMT_February_2012_Guts_Solutions.pdf
HMMT February 2012 Guts #29,118,HMMT_February_2012_Guts_Solutions.pdf
HMMT February 2012 Guts #30,\left(\frac{11}{18}\right)^{2012},HMMT_February_2012_Guts_Solutions.pdf
HMMT February 2012 Guts #31,29093,HMMT_February_2012_Guts_Solutions.pdf
HMMT February 2012 Guts #32,74,HMMT_February_2012_Guts_Solutions.pdf
HMMT February 2012 Guts #33,1.77245385090551602729816...,HMMT_February_2012_Guts_Solutions.pdf
HMMT February 2012 Guts #34,2015.318180...,HMMT_February_2012_Guts_Solutions.pdf
HMMT February 2012 Guts #35,1231288,HMMT_February_2012_Guts_Solutions.pdf
HMMT February 2012 Guts #36,6922,HMMT_February_2012_Guts_Solutions.pdf
HMMT February 2013 Algebra #1,3 + \sqrt{7},HMMT_February_2013_Algebra_Solutions.pdf
HMMT February 2013 Algebra #2,-54,HMMT_February_2013_Algebra_Solutions.pdf
HMMT February 2013 Algebra #3,577,HMMT_February_2013_Algebra_Solutions.pdf
HMMT February 2013 Algebra #4,-7,HMMT_February_2013_Algebra_Solutions.pdf
HMMT February 2013 Algebra #5,1 + \sqrt{5},HMMT_February_2013_Algebra_Solutions.pdf
HMMT February 2013 Algebra #6,10100,HMMT_February_2013_Algebra_Solutions.pdf
HMMT February 2013 Algebra #7,\frac{15309}{256},HMMT_February_2013_Algebra_Solutions.pdf
HMMT February 2013 Algebra #8,10 \pm 2\sqrt{17},HMMT_February_2013_Algebra_Solutions.pdf
HMMT February 2013 Algebra #9,\frac{46}{3},HMMT_February_2013_Algebra_Solutions.pdf
HMMT February 2013 Algebra #10,89,HMMT_February_2013_Algebra_Solutions.pdf
HMMT February 2013 Combinatorics #1,\frac{15}{52},HMMT_February_2013_Combinatorics_Solutions.pdf
HMMT February 2013 Combinatorics #2,\frac{2}{7},HMMT_February_2013_Combinatorics_Solutions.pdf
HMMT February 2013 Combinatorics #3,\frac{1}{2^{2012}},HMMT_February_2013_Combinatorics_Solutions.pdf
HMMT February 2013 Combinatorics #4,4608,HMMT_February_2013_Combinatorics_Solutions.pdf
HMMT February 2013 Combinatorics #5,\frac{1}{2}\left[\left(\frac{1}{3}\right)^{100} + 1\right],HMMT_February_2013_Combinatorics_Solutions.pdf
HMMT February 2013 Combinatorics #6,\frac{2013^{2013}-2012^{2013}}{2013^{2012}},HMMT_February_2013_Combinatorics_Solutions.pdf
HMMT February 2013 Combinatorics #7,6038,HMMT_February_2013_Combinatorics_Solutions.pdf
HMMT February 2013 Combinatorics #8,99,HMMT_February_2013_Combinatorics_Solutions.pdf
HMMT February 2013 Combinatorics #9,15(2013!),HMMT_February_2013_Combinatorics_Solutions.pdf
HMMT February 2013 Combinatorics #10,-\frac{1}{2} + \frac{(1007)\binom{2013}{1006}}{2^{2012}},HMMT_February_2013_Combinatorics_Solutions.pdf
HMMT February 2013 Geometry #1,\frac{24}{5},HMMT_February_2013_Geometry_Solutions.pdf
HMMT February 2013 Geometry #2,2\sqrt{6},HMMT_February_2013_Geometry_Solutions.pdf
HMMT February 2013 Geometry #3,22,HMMT_February_2013_Geometry_Solutions.pdf
HMMT February 2013 Geometry #4,"\frac{-1+\sqrt{5}}{2}, \frac{1+\sqrt{5}}{2}",HMMT_February_2013_Geometry_Solutions.pdf
HMMT February 2013 Geometry #5,-\frac{1}{8},HMMT_February_2013_Geometry_Solutions.pdf
HMMT February 2013 Geometry #6,9,HMMT_February_2013_Geometry_Solutions.pdf
HMMT February 2013 Geometry #7,35,HMMT_February_2013_Geometry_Solutions.pdf
HMMT February 2013 Geometry #8,\frac{42}{13},HMMT_February_2013_Geometry_Solutions.pdf
HMMT February 2013 Geometry #9,\sqrt{39},HMMT_February_2013_Geometry_Solutions.pdf
HMMT February 2013 Geometry #10,2\sqrt{13} - 6\sqrt{3},HMMT_February_2013_Geometry_Solutions.pdf
HMMT February 2013 Guts #1,93,HMMT_February_2013_Guts_Solutions.pdf
HMMT February 2013 Guts #2,4 - 2\sqrt{3},HMMT_February_2013_Guts_Solutions.pdf
HMMT February 2013 Guts #3,6,HMMT_February_2013_Guts_Solutions.pdf
HMMT February 2013 Guts #4,25,HMMT_February_2013_Guts_Solutions.pdf
HMMT February 2013 Guts #5,4,HMMT_February_2013_Guts_Solutions.pdf
HMMT February 2013 Guts #6,\frac{9}{2},HMMT_February_2013_Guts_Solutions.pdf
HMMT February 2013 Guts #7,36,HMMT_February_2013_Guts_Solutions.pdf
HMMT February 2013 Guts #8,\frac{5}{6},HMMT_February_2013_Guts_Solutions.pdf
HMMT February 2013 Guts #9,1680,HMMT_February_2013_Guts_Solutions.pdf
HMMT February 2013 Guts #10,\sqrt{3},HMMT_February_2013_Guts_Solutions.pdf
HMMT February 2013 Guts #11,7^7 \cdot 11^7 \cdot 13^7,HMMT_February_2013_Guts_Solutions.pdf
HMMT February 2013 Guts #12,202,HMMT_February_2013_Guts_Solutions.pdf
HMMT February 2013 Guts #13,7,HMMT_February_2013_Guts_Solutions.pdf
HMMT February 2013 Guts #14,\frac{7}{9},HMMT_February_2013_Guts_Solutions.pdf
HMMT February 2013 Guts #15,\frac{16}{3},HMMT_February_2013_Guts_Solutions.pdf
HMMT February 2013 Guts #16,3\sqrt{21},HMMT_February_2013_Guts_Solutions.pdf
HMMT February 2013 Guts #17,\frac{\sqrt{58}}{2+\sqrt{34}+\sqrt{58}},HMMT_February_2013_Guts_Solutions.pdf
HMMT February 2013 Guts #18,23097,HMMT_February_2013_Guts_Solutions.pdf
HMMT February 2013 Guts #19,39,HMMT_February_2013_Guts_Solutions.pdf
HMMT February 2013 Guts #20,-26,HMMT_February_2013_Guts_Solutions.pdf
HMMT February 2013 Guts #21,2^{2013},HMMT_February_2013_Guts_Solutions.pdf
HMMT February 2013 Guts #22,\frac{1}{4023},HMMT_February_2013_Guts_Solutions.pdf
HMMT February 2013 Guts #23,\frac{19\sqrt{3}}{2},HMMT_February_2013_Guts_Solutions.pdf
HMMT February 2013 Guts #24,\frac{288}{5},HMMT_February_2013_Guts_Solutions.pdf
HMMT February 2013 Guts #25,65536,HMMT_February_2013_Guts_Solutions.pdf
HMMT February 2013 Guts #26,"(\frac{3-\sqrt{5}}{4}, \frac{1}{3}]",HMMT_February_2013_Guts_Solutions.pdf
HMMT February 2013 Guts #27,8,HMMT_February_2013_Guts_Solutions.pdf
HMMT February 2013 Guts #28,\frac{2013^{2014}}{2013^{2013}-1},HMMT_February_2013_Guts_Solutions.pdf
HMMT February 2013 Guts #29,\binom{4025}{2012},HMMT_February_2013_Guts_Solutions.pdf
HMMT February 2013 Guts #30,1006,HMMT_February_2013_Guts_Solutions.pdf
HMMT February 2013 Guts #31,\frac{1}{4}(8 - \sqrt{6} - 3\sqrt{2}),HMMT_February_2013_Guts_Solutions.pdf
HMMT February 2013 Guts #32,\frac{1}{n-1},HMMT_February_2013_Guts_Solutions.pdf
HMMT February 2013 Guts #33,66071772829247409,HMMT_February_2013_Guts_Solutions.pdf
HMMT February 2013 Guts #34,761474,HMMT_February_2013_Guts_Solutions.pdf
HMMT February 2013 Guts #35,614.519,HMMT_February_2013_Guts_Solutions.pdf
HMMT February 2013 Guts #36,"\{O, D, P, E, B, C, R, H, K, S, Y\}",HMMT_February_2013_Guts_Solutions.pdf
HMMT February 2013 Team #1,\frac{\sqrt{3}}{2},HMMT_February_2013_Team_Solutions.pdf
HMMT February 2013 Team #2,16,HMMT_February_2013_Team_Solutions.pdf
HMMT February 2013 Team #3,\frac{7}{2},HMMT_February_2013_Team_Solutions.pdf
HMMT February 2013 Team #4,72,HMMT_February_2013_Team_Solutions.pdf
HMMT February 2013 Team #5,2013^{4025},HMMT_February_2013_Team_Solutions.pdf
HMMT February 2013 Team #6,N/A,HMMT_February_2013_Team_Solutions.pdf
HMMT February 2013 Team #7,N/A,HMMT_February_2013_Team_Solutions.pdf
HMMT February 2013 Team #8,N/A,HMMT_February_2013_Team_Solutions.pdf
HMMT February 2013 Team #9a,N/A,HMMT_February_2013_Team_Solutions.pdf
HMMT February 2013 Team #9b,N/A,HMMT_February_2013_Team_Solutions.pdf
HMMT February 2013 Team #10,N/A,HMMT_February_2013_Team_Solutions.pdf
HMMT February 2014 Algebra #1,"4, 6",HMMT_February_2014_Algebra_Solutions.pdf
HMMT February 2014 Algebra #2,250,HMMT_February_2014_Algebra_Solutions.pdf
HMMT February 2014 Algebra #3,72,HMMT_February_2014_Algebra_Solutions.pdf
HMMT February 2014 Algebra #4,-\frac{3}{2},HMMT_February_2014_Algebra_Solutions.pdf
HMMT February 2014 Algebra #5,1,HMMT_February_2014_Algebra_Solutions.pdf
HMMT February 2014 Algebra #6,\frac{41}{2},HMMT_February_2014_Algebra_Solutions.pdf
HMMT February 2014 Algebra #7,\frac{5151}{50},HMMT_February_2014_Algebra_Solutions.pdf
HMMT February 2014 Algebra #8,\pm\frac{9}{4},HMMT_February_2014_Algebra_Solutions.pdf
HMMT February 2014 Algebra #9,-\frac{11+4i}{3},HMMT_February_2014_Algebra_Solutions.pdf
HMMT February 2014 Algebra #10,28,HMMT_February_2014_Algebra_Solutions.pdf
HMMT February 2014 Combinatorics #1,\frac{19}{165},HMMT_February_2014_Combinatorics_Solutions.pdf
HMMT February 2014 Combinatorics #2,7560,HMMT_February_2014_Combinatorics_Solutions.pdf
HMMT February 2014 Combinatorics #3,\frac{53}{188},HMMT_February_2014_Combinatorics_Solutions.pdf
HMMT February 2014 Combinatorics #4,45360,HMMT_February_2014_Combinatorics_Solutions.pdf
HMMT February 2014 Combinatorics #5,315,HMMT_February_2014_Combinatorics_Solutions.pdf
HMMT February 2014 Combinatorics #6,233,HMMT_February_2014_Combinatorics_Solutions.pdf
HMMT February 2014 Combinatorics #7,2048,HMMT_February_2014_Combinatorics_Solutions.pdf
HMMT February 2014 Combinatorics #8,432,HMMT_February_2014_Combinatorics_Solutions.pdf
HMMT February 2014 Combinatorics #9,6098,HMMT_February_2014_Combinatorics_Solutions.pdf
HMMT February 2014 Combinatorics #10,1750,HMMT_February_2014_Combinatorics_Solutions.pdf
HMMT February 2014 Geometry #1,2\sqrt{21},HMMT_February_2014_Geometry_Solutions.pdf
HMMT February 2014 Geometry #2,\frac{169}{24},HMMT_February_2014_Geometry_Solutions.pdf
HMMT February 2014 Geometry #3,8\sqrt{14},HMMT_February_2014_Geometry_Solutions.pdf
HMMT February 2014 Geometry #4,28,HMMT_February_2014_Geometry_Solutions.pdf
HMMT February 2014 Geometry #5,3 - \sqrt{5},HMMT_February_2014_Geometry_Solutions.pdf
HMMT February 2014 Geometry #6,\sqrt{3},HMMT_February_2014_Geometry_Solutions.pdf
HMMT February 2014 Geometry #7,\frac{65}{12},HMMT_February_2014_Geometry_Solutions.pdf
HMMT February 2014 Geometry #8,\frac{600}{73},HMMT_February_2014_Geometry_Solutions.pdf
HMMT February 2014 Geometry #9,\frac{92}{61},HMMT_February_2014_Geometry_Solutions.pdf
HMMT February 2014 Geometry #10,\frac{1235}{108},HMMT_February_2014_Geometry_Solutions.pdf
HMMT February 2014 Guts #1,3 \cdot 7 \cdot 19 \cdot 401,HMMT_February_2014_Guts_Solutions.pdf
HMMT February 2014 Guts #2,\frac{50}{3},HMMT_February_2014_Guts_Solutions.pdf
HMMT February 2014 Guts #3,\frac{\pi\sqrt{3}}{12},HMMT_February_2014_Guts_Solutions.pdf
HMMT February 2014 Guts #4,\frac{217}{900},HMMT_February_2014_Guts_Solutions.pdf
HMMT February 2014 Guts #5,\frac{175}{1296},HMMT_February_2014_Guts_Solutions.pdf
HMMT February 2014 Guts #6,"0, 1, 3, 4, 6",HMMT_February_2014_Guts_Solutions.pdf
HMMT February 2014 Guts #7,4\sqrt{5},HMMT_February_2014_Guts_Solutions.pdf
HMMT February 2014 Guts #8,131069,HMMT_February_2014_Guts_Solutions.pdf
HMMT February 2014 Guts #9,\frac{5\sqrt{6}}{3},HMMT_February_2014_Guts_Solutions.pdf
HMMT February 2014 Guts #10,2^{2014},HMMT_February_2014_Guts_Solutions.pdf
HMMT February 2014 Guts #11,\frac{11}{4},HMMT_February_2014_Guts_Solutions.pdf
HMMT February 2014 Guts #12,x^3 - 3x^2 + 9x - 9,HMMT_February_2014_Guts_Solutions.pdf
HMMT February 2014 Guts #13,\binom{100}{50}2^{98},HMMT_February_2014_Guts_Solutions.pdf
HMMT February 2014 Guts #14,\sqrt{4027},HMMT_February_2014_Guts_Solutions.pdf
HMMT February 2014 Guts #15,\frac{1}{2}(7 - 3\sqrt{5}),HMMT_February_2014_Guts_Solutions.pdf
HMMT February 2014 Guts #16,\frac{72 + 32\sqrt{2}}{7},HMMT_February_2014_Guts_Solutions.pdf
HMMT February 2014 Guts #17,1007,HMMT_February_2014_Guts_Solutions.pdf
HMMT February 2014 Guts #18,1940,HMMT_February_2014_Guts_Solutions.pdf
HMMT February 2014 Guts #19,\frac{256}{7},HMMT_February_2014_Guts_Solutions.pdf
HMMT February 2014 Guts #20,\frac{1}{2}(16^{2014} - 14^{2014}),HMMT_February_2014_Guts_Solutions.pdf
HMMT February 2014 Guts #21,6528,HMMT_February_2014_Guts_Solutions.pdf
HMMT February 2014 Guts #22,2\sqrt{42},HMMT_February_2014_Guts_Solutions.pdf
HMMT February 2014 Guts #23,\frac{8825}{201},HMMT_February_2014_Guts_Solutions.pdf
HMMT February 2014 Guts #24,1267,HMMT_February_2014_Guts_Solutions.pdf
HMMT February 2014 Guts #25,\frac{846\sqrt{3}}{49},HMMT_February_2014_Guts_Solutions.pdf
HMMT February 2014 Guts #26,\frac{1}{2014!2014},HMMT_February_2014_Guts_Solutions.pdf
HMMT February 2014 Guts #27,5530,HMMT_February_2014_Guts_Solutions.pdf
HMMT February 2014 Guts #28,\frac{3^{2014}}{2^{2014} \cdot 2014!},HMMT_February_2014_Guts_Solutions.pdf
HMMT February 2014 Guts #29,5,HMMT_February_2014_Guts_Solutions.pdf
HMMT February 2014 Guts #30,1 - \frac{\sqrt{2}}{2},HMMT_February_2014_Guts_Solutions.pdf
HMMT February 2014 Guts #31,\frac{2014(1 + \binom{2013}{1007})}{2^{2014}},HMMT_February_2014_Guts_Solutions.pdf
HMMT February 2014 Guts #32,"(1, 2), (4, 2), (\frac{5}{2}, 2 \pm \frac{3}{2}i)",HMMT_February_2014_Guts_Solutions.pdf
HMMT February 2014 Guts #33,0.2937156494680644,HMMT_February_2014_Guts_Solutions.pdf
HMMT February 2014 Guts #34,0.9102805441016536,HMMT_February_2014_Guts_Solutions.pdf
HMMT February 2014 Guts #35,1661,HMMT_February_2014_Guts_Solutions.pdf
HMMT February 2014 Guts #36,N/A,HMMT_February_2014_Guts_Solutions.pdf
HMMT February 2014 Team #1,N/A,HMMT_February_2014_Team_Solutions.pdf
HMMT February 2014 Team #2,127,HMMT_February_2014_Team_Solutions.pdf
HMMT February 2014 Team #3,\frac{n(n+1)}{2},HMMT_February_2014_Team_Solutions.pdf
HMMT February 2014 Team #4,101 \cdot 2^{49} - 50,HMMT_February_2014_Team_Solutions.pdf
HMMT February 2014 Team #5,\frac{4}{3},HMMT_February_2014_Team_Solutions.pdf
HMMT February 2014 Team #6,N/A,HMMT_February_2014_Team_Solutions.pdf
HMMT February 2014 Team #7,7,HMMT_February_2014_Team_Solutions.pdf
HMMT February 2014 Team #8,\frac{96}{41},HMMT_February_2014_Team_Solutions.pdf
HMMT February 2014 Team #9,N/A,HMMT_February_2014_Team_Solutions.pdf
HMMT February 2014 Team #10,N/A,HMMT_February_2014_Team_Solutions.pdf
HMMT February 2015 Algebra #1,254,HMMT_February_2015_Algebra_Solutions.pdf
HMMT February 2015 Algebra #2,14,HMMT_February_2015_Algebra_Solutions.pdf
HMMT February 2015 Algebra #3,"(-1, -5)",HMMT_February_2015_Algebra_Solutions.pdf
HMMT February 2015 Algebra #4,20503,HMMT_February_2015_Algebra_Solutions.pdf
HMMT February 2015 Algebra #5,\frac{25}{9},HMMT_February_2015_Algebra_Solutions.pdf
HMMT February 2015 Algebra #6,153,HMMT_February_2015_Algebra_Solutions.pdf
HMMT February 2015 Algebra #7,-9 + 3\sqrt{13},HMMT_February_2015_Algebra_Solutions.pdf
HMMT February 2015 Algebra #8,225,HMMT_February_2015_Algebra_Solutions.pdf
HMMT February 2015 Algebra #9,24,HMMT_February_2015_Algebra_Solutions.pdf
HMMT February 2015 Algebra #10,"(5, -3, 2, 3)",HMMT_February_2015_Algebra_Solutions.pdf
HMMT February 2015 Combinatorics #1,25,HMMT_February_2015_Combinatorics_Solutions.pdf
HMMT February 2015 Combinatorics #2,\frac{3}{7},HMMT_February_2015_Combinatorics_Solutions.pdf
HMMT February 2015 Combinatorics #3,\frac{11}{2^{20}},HMMT_February_2015_Combinatorics_Solutions.pdf
HMMT February 2015 Combinatorics #4,-501,HMMT_February_2015_Combinatorics_Solutions.pdf
HMMT February 2015 Combinatorics #5,577,HMMT_February_2015_Combinatorics_Solutions.pdf
HMMT February 2015 Combinatorics #6,39601,HMMT_February_2015_Combinatorics_Solutions.pdf
HMMT February 2015 Combinatorics #7,\binom{4030}{2016}/2^{4030},HMMT_February_2015_Combinatorics_Solutions.pdf
HMMT February 2015 Combinatorics #8,127,HMMT_February_2015_Combinatorics_Solutions.pdf
HMMT February 2015 Combinatorics #9,\frac{9}{26},HMMT_February_2015_Combinatorics_Solutions.pdf
HMMT February 2015 Combinatorics #10,\frac{17^{15}}{16!^2},HMMT_February_2015_Combinatorics_Solutions.pdf
HMMT February 2015 Geometry #1,\frac{3}{4},HMMT_February_2015_Geometry_Solutions.pdf
HMMT February 2015 Geometry #2,\frac{28}{3},HMMT_February_2015_Geometry_Solutions.pdf
HMMT February 2015 Geometry #3,\frac{\sqrt{2}}{2},HMMT_February_2015_Geometry_Solutions.pdf
HMMT February 2015 Geometry #4,\frac{37}{76},HMMT_February_2015_Geometry_Solutions.pdf
HMMT February 2015 Geometry #5,\frac{\pi}{3},HMMT_February_2015_Geometry_Solutions.pdf
HMMT February 2015 Geometry #6,63,HMMT_February_2015_Geometry_Solutions.pdf
HMMT February 2015 Geometry #7,\frac{17}{144},HMMT_February_2015_Geometry_Solutions.pdf
HMMT February 2015 Geometry #8,\frac{2\pi}{3} + \frac{\sqrt{3}}{4},HMMT_February_2015_Geometry_Solutions.pdf
HMMT February 2015 Geometry #9,\frac{4}{7},HMMT_February_2015_Geometry_Solutions.pdf
HMMT February 2015 Geometry #10,"\left(\frac{12}{5}, \frac{8}{5}\right)",HMMT_February_2015_Geometry_Solutions.pdf
HMMT February 2015 Guts #1,4,HMMT_February_2015_Guts_Solutions.pdf
HMMT February 2015 Guts #2,2,HMMT_February_2015_Guts_Solutions.pdf
HMMT February 2015 Guts #3,1,HMMT_February_2015_Guts_Solutions.pdf
HMMT February 2015 Guts #4,-\frac{3}{8},HMMT_February_2015_Guts_Solutions.pdf
HMMT February 2015 Guts #5,24,HMMT_February_2015_Guts_Solutions.pdf
HMMT February 2015 Guts #6,8,HMMT_February_2015_Guts_Solutions.pdf
HMMT February 2015 Guts #7,\frac{1}{16777216},HMMT_February_2015_Guts_Solutions.pdf
HMMT February 2015 Guts #8,0.09,HMMT_February_2015_Guts_Solutions.pdf
HMMT February 2015 Guts #9,16,HMMT_February_2015_Guts_Solutions.pdf
HMMT February 2015 Guts #10,-1006,HMMT_February_2015_Guts_Solutions.pdf
HMMT February 2015 Guts #11,1414,HMMT_February_2015_Guts_Solutions.pdf
HMMT February 2015 Guts #12,31,HMMT_February_2015_Guts_Solutions.pdf
HMMT February 2015 Guts #13,9496,HMMT_February_2015_Guts_Solutions.pdf
HMMT February 2015 Guts #14,8,HMMT_February_2015_Guts_Solutions.pdf
HMMT February 2015 Guts #15,8,HMMT_February_2015_Guts_Solutions.pdf
HMMT February 2015 Guts #16,376,HMMT_February_2015_Guts_Solutions.pdf
HMMT February 2015 Guts #17,2016,HMMT_February_2015_Guts_Solutions.pdf
HMMT February 2015 Guts #18,246,HMMT_February_2015_Guts_Solutions.pdf
HMMT February 2015 Guts #19,8,HMMT_February_2015_Guts_Solutions.pdf
HMMT February 2015 Guts #20,\frac{2046\pi}{2047},HMMT_February_2015_Guts_Solutions.pdf
HMMT February 2015 Guts #21,4,HMMT_February_2015_Guts_Solutions.pdf
HMMT February 2015 Guts #22,\frac{2015 \cdot 2013}{4},HMMT_February_2015_Guts_Solutions.pdf
HMMT February 2015 Guts #23,5,HMMT_February_2015_Guts_Solutions.pdf
HMMT February 2015 Guts #24,\sqrt{\frac{8463}{7}},HMMT_February_2015_Guts_Solutions.pdf
HMMT February 2015 Guts #25,8,HMMT_February_2015_Guts_Solutions.pdf
HMMT February 2015 Guts #26,\frac{4}{3},HMMT_February_2015_Guts_Solutions.pdf
HMMT February 2015 Guts #27,\frac{1816}{6561},HMMT_February_2015_Guts_Solutions.pdf
HMMT February 2015 Guts #28,\sqrt{19},HMMT_February_2015_Guts_Solutions.pdf
HMMT February 2015 Guts #29,\frac{4\sqrt{5}}{5},HMMT_February_2015_Guts_Solutions.pdf
HMMT February 2015 Guts #30,-\frac{7}{16},HMMT_February_2015_Guts_Solutions.pdf
HMMT February 2015 Guts #31,10,HMMT_February_2015_Guts_Solutions.pdf
HMMT February 2015 Guts #32,\frac{216\pi^3 - 2187\sqrt{3}}{8\pi^2},HMMT_February_2015_Guts_Solutions.pdf
HMMT February 2015 Guts #33,621,HMMT_February_2015_Guts_Solutions.pdf
HMMT February 2015 Guts #34,1.813759629294 \times 10^{12},HMMT_February_2015_Guts_Solutions.pdf
HMMT February 2015 Guts #35,0.3950203047068107,HMMT_February_2015_Guts_Solutions.pdf
HMMT February 2015 Guts #36,1462105,HMMT_February_2015_Guts_Solutions.pdf
HMMT February 2015 Team #1,-28,HMMT_February_2015_Team_Solutions.pdf
HMMT February 2015 Team #2,N/A,HMMT_February_2015_Team_Solutions.pdf
HMMT February 2015 Team #3,N/A,HMMT_February_2015_Team_Solutions.pdf
HMMT February 2015 Team #4,N/A,HMMT_February_2015_Team_Solutions.pdf
HMMT February 2015 Team #5,1 < \frac{S}{D} < 2,HMMT_February_2015_Team_Solutions.pdf
HMMT February 2015 Team #6,N/A,HMMT_February_2015_Team_Solutions.pdf
HMMT February 2015 Team #7,N/A,HMMT_February_2015_Team_Solutions.pdf
HMMT February 2015 Team #8,\binom{2014}{2},HMMT_February_2015_Team_Solutions.pdf
HMMT February 2015 Team #9,13,HMMT_February_2015_Team_Solutions.pdf
HMMT February 2015 Team #10,1 + \frac{1}{2014 \cdot 2015},HMMT_February_2015_Team_Solutions.pdf
HMMT February 2016 Algebra #1,\frac{20}{29},HMMT_February_2016_Algebra_Solutions.pdf
HMMT February 2016 Algebra #2,"1,2,4",HMMT_February_2016_Algebra_Solutions.pdf
HMMT February 2016 Algebra #3,7294927,HMMT_February_2016_Algebra_Solutions.pdf
HMMT February 2016 Algebra #4,14,HMMT_February_2016_Algebra_Solutions.pdf
HMMT February 2016 Algebra #5,3,HMMT_February_2016_Algebra_Solutions.pdf
HMMT February 2016 Algebra #6,50,HMMT_February_2016_Algebra_Solutions.pdf
HMMT February 2016 Algebra #7,14,HMMT_February_2016_Algebra_Solutions.pdf
HMMT February 2016 Algebra #8,30,HMMT_February_2016_Algebra_Solutions.pdf
HMMT February 2016 Algebra #9,995 \times 2^{998},HMMT_February_2016_Algebra_Solutions.pdf
HMMT February 2016 Algebra #10,52,HMMT_February_2016_Algebra_Solutions.pdf
HMMT February 2016 Combinatorics #1,4,HMMT_February_2016_Combinatorics_Solutions.pdf
HMMT February 2016 Combinatorics #2,6,HMMT_February_2016_Combinatorics_Solutions.pdf
HMMT February 2016 Combinatorics #3,2520,HMMT_February_2016_Combinatorics_Solutions.pdf
HMMT February 2016 Combinatorics #4,81,HMMT_February_2016_Combinatorics_Solutions.pdf
HMMT February 2016 Combinatorics #5,\frac{63}{2},HMMT_February_2016_Combinatorics_Solutions.pdf
HMMT February 2016 Combinatorics #6,51,HMMT_February_2016_Combinatorics_Solutions.pdf
HMMT February 2016 Combinatorics #7,"24, 28, 32",HMMT_February_2016_Combinatorics_Solutions.pdf
HMMT February 2016 Combinatorics #8,2 \cdot (3^{2017} - 2^{2017}),HMMT_February_2016_Combinatorics_Solutions.pdf
HMMT February 2016 Combinatorics #9,30212,HMMT_February_2016_Combinatorics_Solutions.pdf
HMMT February 2016 Combinatorics #10,18,HMMT_February_2016_Combinatorics_Solutions.pdf
HMMT February 2016 Geometry #1,"2, 6",HMMT_February_2016_Geometry_Solutions.pdf
HMMT February 2016 Geometry #2,14,HMMT_February_2016_Geometry_Solutions.pdf
HMMT February 2016 Geometry #3,\frac{25\sqrt{3}}{12} - \frac{4\pi}{3},HMMT_February_2016_Geometry_Solutions.pdf
HMMT February 2016 Geometry #4,\frac{7\sqrt{3}}{3},HMMT_February_2016_Geometry_Solutions.pdf
HMMT February 2016 Geometry #5,462,HMMT_February_2016_Geometry_Solutions.pdf
HMMT February 2016 Geometry #6,\frac{21\sqrt{3}}{8},HMMT_February_2016_Geometry_Solutions.pdf
HMMT February 2016 Geometry #7,1021,HMMT_February_2016_Geometry_Solutions.pdf
HMMT February 2016 Geometry #8,2 + 4\ln(2),HMMT_February_2016_Geometry_Solutions.pdf
HMMT February 2016 Geometry #9,\frac{28}{5}\sqrt{69},HMMT_February_2016_Geometry_Solutions.pdf
HMMT February 2016 Geometry #10,\sqrt{\frac{1}{3}(7 + 2\sqrt{13})},HMMT_February_2016_Geometry_Solutions.pdf
HMMT February 2016 Guts #1,\sqrt{10},HMMT_February_2016_Guts_Solutions.pdf
HMMT February 2016 Guts #2,1 - \left(\frac{13}{16}\right)^5,HMMT_February_2016_Guts_Solutions.pdf
HMMT February 2016 Guts #3,\sqrt{2},HMMT_February_2016_Guts_Solutions.pdf
HMMT February 2016 Guts #4,\frac{8}{9},HMMT_February_2016_Guts_Solutions.pdf
HMMT February 2016 Guts #5,15,HMMT_February_2016_Guts_Solutions.pdf
HMMT February 2016 Guts #6,\binom{4030}{2015},HMMT_February_2016_Guts_Solutions.pdf
HMMT February 2016 Guts #7,28,HMMT_February_2016_Guts_Solutions.pdf
HMMT February 2016 Guts #8,875,HMMT_February_2016_Guts_Solutions.pdf
HMMT February 2016 Guts #9,\frac{1999008}{1999012},HMMT_February_2016_Guts_Solutions.pdf
HMMT February 2016 Guts #10,\frac{91}{6},HMMT_February_2016_Guts_Solutions.pdf
HMMT February 2016 Guts #11,12,HMMT_February_2016_Guts_Solutions.pdf
HMMT February 2016 Guts #12,61,HMMT_February_2016_Guts_Solutions.pdf
HMMT February 2016 Guts #13,48 + \sqrt{2016},HMMT_February_2016_Guts_Solutions.pdf
HMMT February 2016 Guts #14,\frac{462}{5},HMMT_February_2016_Guts_Solutions.pdf
HMMT February 2016 Guts #15,\sqrt{7},HMMT_February_2016_Guts_Solutions.pdf
HMMT February 2016 Guts #16,9,HMMT_February_2016_Guts_Solutions.pdf
HMMT February 2016 Guts #17,20,HMMT_February_2016_Guts_Solutions.pdf
HMMT February 2016 Guts #18,\frac{1}{2},HMMT_February_2016_Guts_Solutions.pdf
HMMT February 2016 Guts #19,1,HMMT_February_2016_Guts_Solutions.pdf
HMMT February 2016 Guts #20,\frac{1170\sqrt{37}}{1379},HMMT_February_2016_Guts_Solutions.pdf
HMMT February 2016 Guts #21,"\left(\frac{2}{3}, \frac{2}{9}\right)",HMMT_February_2016_Guts_Solutions.pdf
HMMT February 2016 Guts #22,10,HMMT_February_2016_Guts_Solutions.pdf
HMMT February 2016 Guts #23,1 - \left(\frac{1}{2}\right)^{2016},HMMT_February_2016_Guts_Solutions.pdf
HMMT February 2016 Guts #24,4030,HMMT_February_2016_Guts_Solutions.pdf
HMMT February 2016 Guts #25,\frac{3^{8068} - 81}{80},HMMT_February_2016_Guts_Solutions.pdf
HMMT February 2016 Guts #26,283,HMMT_February_2016_Guts_Solutions.pdf
HMMT February 2016 Guts #27,\frac{56\pi\sqrt{3}}{9},HMMT_February_2016_Guts_Solutions.pdf
HMMT February 2016 Guts #28,\frac{2^{135} - 2^{128} + 1}{2^{119} \cdot 129},HMMT_February_2016_Guts_Solutions.pdf
HMMT February 2016 Guts #29,1 + \log(2016),HMMT_February_2016_Guts_Solutions.pdf
HMMT February 2016 Guts #30,22,HMMT_February_2016_Guts_Solutions.pdf
HMMT February 2016 Guts #31,172,HMMT_February_2016_Guts_Solutions.pdf
HMMT February 2016 Guts #32,216,HMMT_February_2016_Guts_Solutions.pdf
HMMT February 2016 Guts #33,1984,HMMT_February_2016_Guts_Solutions.pdf
HMMT February 2016 Guts #34,1416528,HMMT_February_2016_Guts_Solutions.pdf
HMMT February 2016 Guts #35,327680 \cdot 2^{16},HMMT_February_2016_Guts_Solutions.pdf
HMMT February 2016 Guts #36,49,HMMT_February_2016_Guts_Solutions.pdf
HMMT February 2016 Team #1,\text{Proof that } a^3 + 5b^3 \neq 2016,HMMT_February_2016_Team_Solutions.pdf
HMMT February 2016 Team #2,329,HMMT_February_2016_Team_Solutions.pdf
HMMT February 2016 Team #3,14040,HMMT_February_2016_Team_Solutions.pdf
HMMT February 2016 Team #4,"3,5",HMMT_February_2016_Team_Solutions.pdf
HMMT February 2016 Team #5,p = 2 \text{ and } p \equiv 3 \pmod{4},HMMT_February_2016_Team_Solutions.pdf
HMMT February 2016 Team #6,\binom{43}{21} - 1,HMMT_February_2016_Team_Solutions.pdf
HMMT February 2016 Team #7,\frac{2^{2017}+1}{3},HMMT_February_2016_Team_Solutions.pdf
HMMT February 2016 Team #8,\frac{3\pi}{13} - \frac{4}{13}\log\frac{3}{2},HMMT_February_2016_Team_Solutions.pdf
HMMT February 2016 Team #9,\text{Proof},HMMT_February_2016_Team_Solutions.pdf
HMMT February 2016 Team #10,"\text{Proof that } P, I, Q \text{ are collinear}",HMMT_February_2016_Team_Solutions.pdf
HMMT February 2017 Algebra #1,86,HMMT_February_2017_Algebra_Solutions.pdf
HMMT February 2017 Algebra #2,\frac{1}{1624},HMMT_February_2017_Algebra_Solutions.pdf
HMMT February 2017 Algebra #3,"0, 1",HMMT_February_2017_Algebra_Solutions.pdf
HMMT February 2017 Algebra #4,"(1, 1) \text{ and } (2, 2^{2017})",HMMT_February_2017_Algebra_Solutions.pdf
HMMT February 2017 Algebra #5,49140,HMMT_February_2017_Algebra_Solutions.pdf
HMMT February 2017 Algebra #6,-9,HMMT_February_2017_Algebra_Solutions.pdf
HMMT February 2017 Algebra #7,-\frac{1008}{2017},HMMT_February_2017_Algebra_Solutions.pdf
HMMT February 2017 Algebra #8,"(35,90)",HMMT_February_2017_Algebra_Solutions.pdf
HMMT February 2017 Algebra #9,256,HMMT_February_2017_Algebra_Solutions.pdf
HMMT February 2017 Algebra #10,12066,HMMT_February_2017_Algebra_Solutions.pdf
HMMT February 2017 Combinatorics #1,\frac{11}{200},HMMT_February_2017_Combinatorics_Solutions.pdf
HMMT February 2017 Combinatorics #2,2002,HMMT_February_2017_Combinatorics_Solutions.pdf
HMMT February 2017 Combinatorics #3,2014,HMMT_February_2017_Combinatorics_Solutions.pdf
HMMT February 2017 Combinatorics #4,167,HMMT_February_2017_Combinatorics_Solutions.pdf
HMMT February 2017 Combinatorics #5,14034,HMMT_February_2017_Combinatorics_Solutions.pdf
HMMT February 2017 Combinatorics #6,\frac{\binom{2017}{340}}{2^{2017}},HMMT_February_2017_Combinatorics_Solutions.pdf
HMMT February 2017 Combinatorics #7,"(1009, 2^{1009} - 2)",HMMT_February_2017_Combinatorics_Solutions.pdf
HMMT February 2017 Combinatorics #8,1167,HMMT_February_2017_Combinatorics_Solutions.pdf
HMMT February 2017 Combinatorics #9,2048,HMMT_February_2017_Combinatorics_Solutions.pdf
HMMT February 2017 Combinatorics #10,\binom{85}{35} - \binom{85}{34},HMMT_February_2017_Combinatorics_Solutions.pdf
HMMT February 2017 Geometry #1,\frac{2}{5},HMMT_February_2017_Geometry_Solutions.pdf
HMMT February 2017 Geometry #2,\frac{1323}{26},HMMT_February_2017_Geometry_Solutions.pdf
HMMT February 2017 Geometry #3,"(\sqrt{3}, 2)",HMMT_February_2017_Geometry_Solutions.pdf
HMMT February 2017 Geometry #4,13,HMMT_February_2017_Geometry_Solutions.pdf
HMMT February 2017 Geometry #5,19,HMMT_February_2017_Geometry_Solutions.pdf
HMMT February 2017 Geometry #6,396,HMMT_February_2017_Geometry_Solutions.pdf
HMMT February 2017 Geometry #7,\sqrt{170},HMMT_February_2017_Geometry_Solutions.pdf
HMMT February 2017 Geometry #8,\frac{17+\sqrt{51}}{34},HMMT_February_2017_Geometry_Solutions.pdf
HMMT February 2017 Geometry #9,\frac{21\sqrt{15}}{4},HMMT_February_2017_Geometry_Solutions.pdf
HMMT February 2017 Geometry #10,\frac{21}{22},HMMT_February_2017_Geometry_Solutions.pdf
HMMT February 2017 Guts #1,7,HMMT_February_2017_Guts_Solutions.pdf
HMMT February 2017 Guts #2,\frac{77}{6},HMMT_February_2017_Guts_Solutions.pdf
HMMT February 2017 Guts #3,55,HMMT_February_2017_Guts_Solutions.pdf
HMMT February 2017 Guts #4,12,HMMT_February_2017_Guts_Solutions.pdf
HMMT February 2017 Guts #5,4851,HMMT_February_2017_Guts_Solutions.pdf
HMMT February 2017 Guts #6,169,HMMT_February_2017_Guts_Solutions.pdf
HMMT February 2017 Guts #7,4^{2017} - 2 \cdot 3^{2017} + 2^{2017},HMMT_February_2017_Guts_Solutions.pdf
HMMT February 2017 Guts #8,\frac{1}{64},HMMT_February_2017_Guts_Solutions.pdf
HMMT February 2017 Guts #9,10000,HMMT_February_2017_Guts_Solutions.pdf
HMMT February 2017 Guts #10,\frac{65}{8},HMMT_February_2017_Guts_Solutions.pdf
HMMT February 2017 Guts #11,48,HMMT_February_2017_Guts_Solutions.pdf
HMMT February 2017 Guts #12,"\{0, 1000, 2000, 3000\}",HMMT_February_2017_Guts_Solutions.pdf
HMMT February 2017 Guts #13,\frac{51}{2500},HMMT_February_2017_Guts_Solutions.pdf
HMMT February 2017 Guts #14,1121,HMMT_February_2017_Guts_Solutions.pdf
HMMT February 2017 Guts #15,388,HMMT_February_2017_Guts_Solutions.pdf
HMMT February 2017 Guts #16,"3, -\frac{3}{2} + \frac{3i\sqrt{3}}{2}, -\frac{3}{2} - \frac{3i\sqrt{3}}{2}",HMMT_February_2017_Guts_Solutions.pdf
HMMT February 2017 Guts #17,2100,HMMT_February_2017_Guts_Solutions.pdf
HMMT February 2017 Guts #18,\frac{2\sqrt{30}}{7},HMMT_February_2017_Guts_Solutions.pdf
HMMT February 2017 Guts #19,n!,HMMT_February_2017_Guts_Solutions.pdf
HMMT February 2017 Guts #20,499500,HMMT_February_2017_Guts_Solutions.pdf
HMMT February 2017 Guts #21,45,HMMT_February_2017_Guts_Solutions.pdf
HMMT February 2017 Guts #22,28,HMMT_February_2017_Guts_Solutions.pdf
HMMT February 2017 Guts #23,\frac{1}{24},HMMT_February_2017_Guts_Solutions.pdf
HMMT February 2017 Guts #24,211,HMMT_February_2017_Guts_Solutions.pdf
HMMT February 2017 Guts #25,"-2, 1 \pm \sqrt{5}",HMMT_February_2017_Guts_Solutions.pdf
HMMT February 2017 Guts #26,\frac{3\sqrt{5} - 5}{5},HMMT_February_2017_Guts_Solutions.pdf
HMMT February 2017 Guts #27,11621,HMMT_February_2017_Guts_Solutions.pdf
HMMT February 2017 Guts #28,e^{23110},HMMT_February_2017_Guts_Solutions.pdf
HMMT February 2017 Guts #29,2017^{2015},HMMT_February_2017_Guts_Solutions.pdf
HMMT February 2017 Guts #30,52\sqrt{3},HMMT_February_2017_Guts_Solutions.pdf
HMMT February 2017 Guts #31,\frac{5055}{2^{15}},HMMT_February_2017_Guts_Solutions.pdf
HMMT February 2017 Guts #32,18,HMMT_February_2017_Guts_Solutions.pdf
HMMT February 2017 Guts #33,NNNYYY,HMMT_February_2017_Guts_Solutions.pdf
HMMT February 2017 Guts #34,NNYYYY,HMMT_February_2017_Guts_Solutions.pdf
HMMT February 2017 Guts #35,NYYYYN,HMMT_February_2017_Guts_Solutions.pdf
HMMT February 2017 Guts #36,NYYYYY,HMMT_February_2017_Guts_Solutions.pdf
HMMT February 2017 Team #1,P(x) = Q(x),HMMT_February_2017_Team_Solutions.pdf
HMMT February 2017 Team #2,No,HMMT_February_2017_Team_Solutions.pdf
HMMT February 2017 Team #3,n+1 \text{ faces have the same number of edges},HMMT_February_2017_Team_Solutions.pdf
HMMT February 2017 Team #4,n \text{ distinct palindromic substrings},HMMT_February_2017_Team_Solutions.pdf
HMMT February 2017 Team #5,"A, T, O \text{ are collinear}",HMMT_February_2017_Team_Solutions.pdf
HMMT February 2017 Team #6,\frac{|V|}{2016} \text{ cycles of length exactly } 2016r,HMMT_February_2017_Team_Solutions.pdf
HMMT February 2017 Team #7a,"\text{Yes, such an } n \text{ exists}",HMMT_February_2017_Team_Solutions.pdf
HMMT February 2017 Team #7b,n = p^2 - 2,HMMT_February_2017_Team_Solutions.pdf
HMMT February 2017 Team #8,\text{Yes},HMMT_February_2017_Team_Solutions.pdf
HMMT February 2017 Team #9,n \text{ has at most two distinct prime divisors},HMMT_February_2017_Team_Solutions.pdf
HMMT February 2017 Team #10,M \text{ is the fixed point},HMMT_February_2017_Team_Solutions.pdf
HMMT February 2018 Algebra #1,18,HMMT_February_2018_Algebra_Solutions.pdf
HMMT February 2018 Algebra #2,\sqrt[6]{3},HMMT_February_2018_Algebra_Solutions.pdf
HMMT February 2018 Algebra #3,52,HMMT_February_2018_Algebra_Solutions.pdf
HMMT February 2018 Algebra #4,1980,HMMT_February_2018_Algebra_Solutions.pdf
HMMT February 2018 Algebra #5,98,HMMT_February_2018_Algebra_Solutions.pdf
HMMT February 2018 Algebra #6,\frac{-1-\sqrt{7}}{4},HMMT_February_2018_Algebra_Solutions.pdf
HMMT February 2018 Algebra #7,13,HMMT_February_2018_Algebra_Solutions.pdf
HMMT February 2018 Algebra #8,(2^{2019} - 1)^{2018},HMMT_February_2018_Algebra_Solutions.pdf
HMMT February 2018 Algebra #9,\frac{5}{4},HMMT_February_2018_Algebra_Solutions.pdf
HMMT February 2018 Algebra #10,\frac{10015}{20736},HMMT_February_2018_Algebra_Solutions.pdf
HMMT February 2018 Combinatorics #1,9,HMMT_February_2018_Combinatorics_Solutions.pdf
HMMT February 2018 Combinatorics #2,"100, 110, 11",HMMT_February_2018_Combinatorics_Solutions.pdf
HMMT February 2018 Combinatorics #3,24,HMMT_February_2018_Combinatorics_Solutions.pdf
HMMT February 2018 Combinatorics #4,2 \cdot \binom{30}{15} = 310235040,HMMT_February_2018_Combinatorics_Solutions.pdf
HMMT February 2018 Combinatorics #5,\frac{20}{11},HMMT_February_2018_Combinatorics_Solutions.pdf
HMMT February 2018 Combinatorics #6,\frac{63}{64},HMMT_February_2018_Combinatorics_Solutions.pdf
HMMT February 2018 Combinatorics #7,1009! \cdot 1010!,HMMT_February_2018_Combinatorics_Solutions.pdf
HMMT February 2018 Combinatorics #8,\frac{151}{105},HMMT_February_2018_Combinatorics_Solutions.pdf
HMMT February 2018 Combinatorics #9,9^{36} + 4,HMMT_February_2018_Combinatorics_Solutions.pdf
HMMT February 2018 Combinatorics #10,49998,HMMT_February_2018_Combinatorics_Solutions.pdf
HMMT February 2018 Geometry #1,\frac{169}{10},HMMT_February_2018_Geometry_Solutions.pdf
HMMT February 2018 Geometry #2,"(7, 9)",HMMT_February_2018_Geometry_Solutions.pdf
HMMT February 2018 Geometry #3,2,HMMT_February_2018_Geometry_Solutions.pdf
HMMT February 2018 Geometry #4,\frac{\sqrt{3}}{6},HMMT_February_2018_Geometry_Solutions.pdf
HMMT February 2018 Geometry #5,\frac{8\sqrt{2}}{9},HMMT_February_2018_Geometry_Solutions.pdf
HMMT February 2018 Geometry #6,"(8, 2)",HMMT_February_2018_Geometry_Solutions.pdf
HMMT February 2018 Geometry #7,\sqrt{70},HMMT_February_2018_Geometry_Solutions.pdf
HMMT February 2018 Geometry #8,304,HMMT_February_2018_Geometry_Solutions.pdf
HMMT February 2018 Geometry #9,\frac{4853}{3},HMMT_February_2018_Geometry_Solutions.pdf
HMMT February 2018 Geometry #10,\frac{147}{10},HMMT_February_2018_Geometry_Solutions.pdf
HMMT February 2018 Guts #1,4,HMMT_February_2018_Guts_Solutions.pdf
HMMT February 2018 Guts #2,\frac{5}{6},HMMT_February_2018_Guts_Solutions.pdf
HMMT February 2018 Guts #3,1022,HMMT_February_2018_Guts_Solutions.pdf
HMMT February 2018 Guts #4,48,HMMT_February_2018_Guts_Solutions.pdf
HMMT February 2018 Guts #5,-120,HMMT_February_2018_Guts_Solutions.pdf
HMMT February 2018 Guts #6,6,HMMT_February_2018_Guts_Solutions.pdf
HMMT February 2018 Guts #7,"-6, 0, 2, 8",HMMT_February_2018_Guts_Solutions.pdf
HMMT February 2018 Guts #8,-\frac{1}{4},HMMT_February_2018_Guts_Solutions.pdf
HMMT February 2018 Guts #9,34,HMMT_February_2018_Guts_Solutions.pdf
HMMT February 2018 Guts #10,13,HMMT_February_2018_Guts_Solutions.pdf
HMMT February 2018 Guts #11,-18910,HMMT_February_2018_Guts_Solutions.pdf
HMMT February 2018 Guts #12,\frac{19}{18},HMMT_February_2018_Guts_Solutions.pdf
HMMT February 2018 Guts #13,\frac{13}{2},HMMT_February_2018_Guts_Solutions.pdf
HMMT February 2018 Guts #14,\frac{7}{25},HMMT_February_2018_Guts_Solutions.pdf
HMMT February 2018 Guts #15,\frac{1009}{2},HMMT_February_2018_Guts_Solutions.pdf
HMMT February 2018 Guts #16,\frac{122}{41},HMMT_February_2018_Guts_Solutions.pdf
HMMT February 2018 Guts #17,2 - \sqrt{2} - \sqrt{3} + \sqrt{6},HMMT_February_2018_Guts_Solutions.pdf
HMMT February 2018 Guts #18,13,HMMT_February_2018_Guts_Solutions.pdf
HMMT February 2018 Guts #19,71,HMMT_February_2018_Guts_Solutions.pdf
HMMT February 2018 Guts #20,\frac{5\sqrt{409}}{2},HMMT_February_2018_Guts_Solutions.pdf
HMMT February 2018 Guts #21,\frac{7 \cdot 2^{18} + 4}{15},HMMT_February_2018_Guts_Solutions.pdf
HMMT February 2018 Guts #22,42840,HMMT_February_2018_Guts_Solutions.pdf
HMMT February 2018 Guts #23,987,HMMT_February_2018_Guts_Solutions.pdf
HMMT February 2018 Guts #24,4,HMMT_February_2018_Guts_Solutions.pdf
HMMT February 2018 Guts #25,\frac{131}{10},HMMT_February_2018_Guts_Solutions.pdf
HMMT February 2018 Guts #26,27,HMMT_February_2018_Guts_Solutions.pdf
HMMT February 2018 Guts #27,2^{2018} - 1,HMMT_February_2018_Guts_Solutions.pdf
HMMT February 2018 Guts #28,859,HMMT_February_2018_Guts_Solutions.pdf
HMMT February 2018 Guts #29,"(1, 10, 24)",HMMT_February_2018_Guts_Solutions.pdf
HMMT February 2018 Guts #30,54,HMMT_February_2018_Guts_Solutions.pdf
HMMT February 2018 Guts #31,\frac{21\sqrt{15}}{16},HMMT_February_2018_Guts_Solutions.pdf
HMMT February 2018 Guts #32,54^{48},HMMT_February_2018_Guts_Solutions.pdf
HMMT February 2018 Guts #33,516,HMMT_February_2018_Guts_Solutions.pdf
HMMT February 2018 Guts #34,120.75280458176904,HMMT_February_2018_Guts_Solutions.pdf
HMMT February 2018 Guts #35,15600,HMMT_February_2018_Guts_Solutions.pdf
HMMT February 2018 Guts #36,0.0025632817,HMMT_February_2018_Guts_Solutions.pdf
HMMT February 2018 Team #1,\text{Proof by induction},HMMT_February_2018_Team_Solutions.pdf
HMMT February 2018 Team #2,\text{less than 50},HMMT_February_2018_Team_Solutions.pdf
HMMT February 2018 Team #3,2^n,HMMT_February_2018_Team_Solutions.pdf
HMMT February 2018 Team #4,\frac{AB^2}{AC^2},HMMT_February_2018_Team_Solutions.pdf
HMMT February 2018 Team #5,\text{Not possible},HMMT_February_2018_Team_Solutions.pdf
HMMT February 2018 Team #6,\text{Proof},HMMT_February_2018_Team_Solutions.pdf
HMMT February 2018 Team #7,\frac{1}{n},HMMT_February_2018_Team_Solutions.pdf
HMMT February 2018 Team #8a,\text{Proof},HMMT_February_2018_Team_Solutions.pdf
HMMT February 2018 Team #8b,M,HMMT_February_2018_Team_Solutions.pdf
HMMT February 2018 Team #9,\text{Proof},HMMT_February_2018_Team_Solutions.pdf
HMMT February 2018 Team #10,\text{Proof},HMMT_February_2018_Team_Solutions.pdf
HMMT February 2019 Algebra #1,21,HMMT_February_2019_Algebra_Solutions.pdf
HMMT February 2019 Algebra #2,66,HMMT_February_2019_Algebra_Solutions.pdf
HMMT February 2019 Algebra #3,50,HMMT_February_2019_Algebra_Solutions.pdf
HMMT February 2019 Algebra #4,1889,HMMT_February_2019_Algebra_Solutions.pdf
HMMT February 2019 Algebra #5,\frac{37}{4},HMMT_February_2019_Algebra_Solutions.pdf
HMMT February 2019 Algebra #6,16,HMMT_February_2019_Algebra_Solutions.pdf
HMMT February 2019 Algebra #7,\frac{1}{54},HMMT_February_2019_Algebra_Solutions.pdf
HMMT February 2019 Algebra #8,\frac{\binom{4038}{2019}^2}{2^{8076}},HMMT_February_2019_Algebra_Solutions.pdf
HMMT February 2019 Algebra #9,2040200,HMMT_February_2019_Algebra_Solutions.pdf
HMMT February 2019 Algebra #10,\frac{14}{69},HMMT_February_2019_Algebra_Solutions.pdf
HMMT February 2019 Combinatorics #1,6,HMMT_February_2019_Combinatorics_Solutions.pdf
HMMT February 2019 Combinatorics #2,\frac{1}{58},HMMT_February_2019_Combinatorics_Solutions.pdf
HMMT February 2019 Combinatorics #3,\frac{5}{16},HMMT_February_2019_Combinatorics_Solutions.pdf
HMMT February 2019 Combinatorics #4,1.01^{100},HMMT_February_2019_Combinatorics_Solutions.pdf
HMMT February 2019 Combinatorics #5,\frac{13}{22},HMMT_February_2019_Combinatorics_Solutions.pdf
HMMT February 2019 Combinatorics #6,\frac{1225}{16384},HMMT_February_2019_Combinatorics_Solutions.pdf
HMMT February 2019 Combinatorics #7,\frac{1513}{2017},HMMT_February_2019_Combinatorics_Solutions.pdf
HMMT February 2019 Combinatorics #8,192,HMMT_February_2019_Combinatorics_Solutions.pdf
HMMT February 2019 Combinatorics #9,216,HMMT_February_2019_Combinatorics_Solutions.pdf
HMMT February 2019 Combinatorics #10,\binom{40}{10}\binom{40}{20}^3,HMMT_February_2019_Combinatorics_Solutions.pdf
HMMT February 2019 Geometry #1,120,HMMT_February_2019_Geometry_Solutions.pdf
HMMT February 2019 Geometry #2,\sqrt{3},HMMT_February_2019_Geometry_Solutions.pdf
HMMT February 2019 Geometry #3,\sqrt{3} + \frac{2\pi}{3},HMMT_February_2019_Geometry_Solutions.pdf
HMMT February 2019 Geometry #4,196,HMMT_February_2019_Geometry_Solutions.pdf
HMMT February 2019 Geometry #5,\frac{\sqrt{2}+1}{2} \text{ OR } \frac{\sqrt{2}-1}{2},HMMT_February_2019_Geometry_Solutions.pdf
HMMT February 2019 Geometry #6,\sqrt{3} - 1,HMMT_February_2019_Geometry_Solutions.pdf
HMMT February 2019 Geometry #7,\frac{65}{4},HMMT_February_2019_Geometry_Solutions.pdf
HMMT February 2019 Geometry #8,\frac{6}{7},HMMT_February_2019_Geometry_Solutions.pdf
HMMT February 2019 Geometry #9,\frac{141\sqrt{11}}{2},HMMT_February_2019_Geometry_Solutions.pdf
HMMT February 2019 Geometry #10,19444,HMMT_February_2019_Geometry_Solutions.pdf
HMMT February 2019 Guts #1,0,HMMT_February_2019_Guts_Solutions.pdf
HMMT February 2019 Guts #2,43,HMMT_February_2019_Guts_Solutions.pdf
HMMT February 2019 Guts #3,12,HMMT_February_2019_Guts_Solutions.pdf
HMMT February 2019 Guts #4,3,HMMT_February_2019_Guts_Solutions.pdf
HMMT February 2019 Guts #5,26,HMMT_February_2019_Guts_Solutions.pdf
HMMT February 2019 Guts #6,42,HMMT_February_2019_Guts_Solutions.pdf
HMMT February 2019 Guts #7,3,HMMT_February_2019_Guts_Solutions.pdf
HMMT February 2019 Guts #8,46,HMMT_February_2019_Guts_Solutions.pdf
HMMT February 2019 Guts #9,7,HMMT_February_2019_Guts_Solutions.pdf
HMMT February 2019 Guts #10,1,HMMT_February_2019_Guts_Solutions.pdf
HMMT February 2019 Guts #11,13,HMMT_February_2019_Guts_Solutions.pdf
HMMT February 2019 Guts #12,80,HMMT_February_2019_Guts_Solutions.pdf
HMMT February 2019 Guts #13,\frac{2^{1009}}{2^{1009}+1009},HMMT_February_2019_Guts_Solutions.pdf
HMMT February 2019 Guts #14,\frac{1155}{4},HMMT_February_2019_Guts_Solutions.pdf
HMMT February 2019 Guts #15,17,HMMT_February_2019_Guts_Solutions.pdf
HMMT February 2019 Guts #16,2039191,HMMT_February_2019_Guts_Solutions.pdf
HMMT February 2019 Guts #17,\frac{12+22\sqrt{3}}{15},HMMT_February_2019_Guts_Solutions.pdf
HMMT February 2019 Guts #18,\frac{1019}{2019},HMMT_February_2019_Guts_Solutions.pdf
HMMT February 2019 Guts #19,432,HMMT_February_2019_Guts_Solutions.pdf
HMMT February 2019 Guts #20,\frac{97}{3},HMMT_February_2019_Guts_Solutions.pdf
HMMT February 2019 Guts #21,35\sqrt{3},HMMT_February_2019_Guts_Solutions.pdf
HMMT February 2019 Guts #22,8 \cdot \binom{50}{19},HMMT_February_2019_Guts_Solutions.pdf
HMMT February 2019 Guts #23,104,HMMT_February_2019_Guts_Solutions.pdf
HMMT February 2019 Guts #24,\frac{41}{512},HMMT_February_2019_Guts_Solutions.pdf
HMMT February 2019 Guts #25,2304,HMMT_February_2019_Guts_Solutions.pdf
HMMT February 2019 Guts #26,-\frac{49}{65},HMMT_February_2019_Guts_Solutions.pdf
HMMT February 2019 Guts #27,\frac{\pi\sqrt{3}}{4},HMMT_February_2019_Guts_Solutions.pdf
HMMT February 2019 Guts #28,36,HMMT_February_2019_Guts_Solutions.pdf
HMMT February 2019 Guts #29,\frac{1}{2\ln 2-1},HMMT_February_2019_Guts_Solutions.pdf
HMMT February 2019 Guts #30,\frac{1}{8},HMMT_February_2019_Guts_Solutions.pdf
HMMT February 2019 Guts #31,\frac{\sqrt{30}}{2},HMMT_February_2019_Guts_Solutions.pdf
HMMT February 2019 Guts #32,240,HMMT_February_2019_Guts_Solutions.pdf
HMMT February 2019 Guts #H1,-1,HMMT_February_2019_Guts_Solutions.pdf
HMMT February 2019 Guts #H2,5,HMMT_February_2019_Guts_Solutions.pdf
HMMT February 2019 Guts #H3,\frac{1}{4},HMMT_February_2019_Guts_Solutions.pdf
HMMT February 2019 Guts #H4,24,HMMT_February_2019_Guts_Solutions.pdf
HMMT February 2019 Guts #H5,\frac{2\sqrt{429}}{3},HMMT_February_2019_Guts_Solutions.pdf
HMMT February 2019 Guts #H6,2,HMMT_February_2019_Guts_Solutions.pdf
HMMT February 2019 Guts #H7,7,HMMT_February_2019_Guts_Solutions.pdf
HMMT February 2019 Guts #M1,196,HMMT_February_2019_Guts_Solutions.pdf
HMMT February 2019 Guts #M2,\frac{7}{72},HMMT_February_2019_Guts_Solutions.pdf
HMMT February 2019 Guts #M3,16\sqrt{3},HMMT_February_2019_Guts_Solutions.pdf
HMMT February 2019 Guts #M4,810000,HMMT_February_2019_Guts_Solutions.pdf
HMMT February 2019 Guts #M5,12,HMMT_February_2019_Guts_Solutions.pdf
HMMT February 2019 Guts #M6,17,HMMT_February_2019_Guts_Solutions.pdf
HMMT February 2019 Guts #M7,\frac{40}{3},HMMT_February_2019_Guts_Solutions.pdf
HMMT February 2019 Guts #M8,1156,HMMT_February_2019_Guts_Solutions.pdf
HMMT February 2019 Guts #M9,3743,HMMT_February_2019_Guts_Solutions.pdf
HMMT February 2019 Guts #M10,53,HMMT_February_2019_Guts_Solutions.pdf
HMMT February 2019 Guts #M11,\frac{\sqrt{3}}{2},HMMT_February_2019_Guts_Solutions.pdf
HMMT February 2019 Guts #M12,7,HMMT_February_2019_Guts_Solutions.pdf
HMMT February 2019 Guts #M13,25,HMMT_February_2019_Guts_Solutions.pdf
HMMT February 2019 Guts #T1,319,HMMT_February_2019_Guts_Solutions.pdf
HMMT February 2019 Guts #T2,1344,HMMT_February_2019_Guts_Solutions.pdf
HMMT February 2019 Guts #T3,34,HMMT_February_2019_Guts_Solutions.pdf
HMMT February 2019 Guts #T4,27,HMMT_February_2019_Guts_Solutions.pdf
HMMT February 2019 Guts #T5,27,HMMT_February_2019_Guts_Solutions.pdf
HMMT February 2019 Guts #33,24,HMMT_February_2019_Guts_Solutions.pdf
HMMT February 2019 Guts #34,1156,HMMT_February_2019_Guts_Solutions.pdf
HMMT February 2019 Guts #35,3743,HMMT_February_2019_Guts_Solutions.pdf
HMMT February 2019 Guts #36,1344,HMMT_February_2019_Guts_Solutions.pdf
HMMT February 2019 Team #1,\frac{AB}{AX} + \frac{AD}{AY} = \frac{AC}{AZ},HMMT_February_2019_Team_Solutions.pdf
HMMT February 2019 Team #2,No,HMMT_February_2019_Team_Solutions.pdf
HMMT February 2019 Team #3,0 < \sin \theta + \cos \theta + \tan \theta + \cot \theta - \sec \theta - \csc \theta < 1,HMMT_February_2019_Team_Solutions.pdf
HMMT February 2019 Team #4,"1, 2, 3, 4",HMMT_February_2019_Team_Solutions.pdf
HMMT February 2019 Team #5,"n \equiv 0, 2 \pmod{6}",HMMT_February_2019_Team_Solutions.pdf
HMMT February 2019 Team #6,OD \perp TX,HMMT_February_2019_Team_Solutions.pdf
HMMT February 2019 Team #7,\text{A circle of radius } \frac{1}{3} \text{ can be placed completely inside any wide polygon},HMMT_February_2019_Team_Solutions.pdf
HMMT February 2019 Team #8,Yes,HMMT_February_2019_Team_Solutions.pdf
HMMT February 2019 Team #9,4p(p-1),HMMT_February_2019_Team_Solutions.pdf
HMMT February 2019 Team #10,|r| = 1,HMMT_February_2019_Team_Solutions.pdf
HMMT February 2020 Algebra #1,-4038,HMMT_February_2020_Algebra_Solutions.pdf
HMMT February 2020 Algebra #2,"(505, 1212)",HMMT_February_2020_Algebra_Solutions.pdf
HMMT February 2020 Algebra #3,2^{32},HMMT_February_2020_Algebra_Solutions.pdf
HMMT February 2020 Algebra #4,167,HMMT_February_2020_Algebra_Solutions.pdf
HMMT February 2020 Algebra #5,\frac{32}{55},HMMT_February_2020_Algebra_Solutions.pdf
HMMT February 2020 Algebra #6,9,HMMT_February_2020_Algebra_Solutions.pdf
HMMT February 2020 Algebra #7,90,HMMT_February_2020_Algebra_Solutions.pdf
HMMT February 2020 Algebra #8,2021 - \binom{4040}{2020},HMMT_February_2020_Algebra_Solutions.pdf
HMMT February 2020 Algebra #9,2020 \cdot 2^{2019},HMMT_February_2020_Algebra_Solutions.pdf
HMMT February 2020 Algebra #10,101^{954},HMMT_February_2020_Algebra_Solutions.pdf
HMMT February 2020 Combinatorics #1,8,HMMT_February_2020_Combinatorics_Solutions.pdf
HMMT February 2020 Combinatorics #2,250,HMMT_February_2020_Combinatorics_Solutions.pdf
HMMT February 2020 Combinatorics #3,18,HMMT_February_2020_Combinatorics_Solutions.pdf
HMMT February 2020 Combinatorics #4,20736,HMMT_February_2020_Combinatorics_Solutions.pdf
HMMT February 2020 Combinatorics #5,10.976,HMMT_February_2020_Combinatorics_Solutions.pdf
HMMT February 2020 Combinatorics #6,\frac{3-3^{-999}}{4},HMMT_February_2020_Combinatorics_Solutions.pdf
HMMT February 2020 Combinatorics #7,\frac{837}{208},HMMT_February_2020_Combinatorics_Solutions.pdf
HMMT February 2020 Combinatorics #8,\frac{22}{27},HMMT_February_2020_Combinatorics_Solutions.pdf
HMMT February 2020 Combinatorics #9,93,HMMT_February_2020_Combinatorics_Solutions.pdf
HMMT February 2020 Combinatorics #10,\frac{24}{7},HMMT_February_2020_Combinatorics_Solutions.pdf
HMMT February 2020 Geometry #1,\frac{1}{32},HMMT_February_2020_Geometry_Solutions.pdf
HMMT February 2020 Geometry #2,\frac{40}{21},HMMT_February_2020_Geometry_Solutions.pdf
HMMT February 2020 Geometry #3,\frac{5}{2},HMMT_February_2020_Geometry_Solutions.pdf
HMMT February 2020 Geometry #4,\frac{3+\sqrt{5}}{2},HMMT_February_2020_Geometry_Solutions.pdf
HMMT February 2020 Geometry #5,4\sqrt{3} - \frac{3}{2}\pi,HMMT_February_2020_Geometry_Solutions.pdf
HMMT February 2020 Geometry #6,\frac{251}{3}\pi,HMMT_February_2020_Geometry_Solutions.pdf
HMMT February 2020 Geometry #7,\frac{96\sqrt{10}}{13},HMMT_February_2020_Geometry_Solutions.pdf
HMMT February 2020 Geometry #8,\frac{15}{2},HMMT_February_2020_Geometry_Solutions.pdf
HMMT February 2020 Geometry #9,294,HMMT_February_2020_Geometry_Solutions.pdf
HMMT February 2020 Geometry #10,\frac{1000}{9}\pi,HMMT_February_2020_Geometry_Solutions.pdf
HMMT February 2020 Guts #1,12 \text{ or } 13,HMMT_February_2020_Guts_Solutions.pdf
HMMT February 2020 Guts #2,33°,HMMT_February_2020_Guts_Solutions.pdf
HMMT February 2020 Guts #3,17,HMMT_February_2020_Guts_Solutions.pdf
HMMT February 2020 Guts #4,181,HMMT_February_2020_Guts_Solutions.pdf
HMMT February 2020 Guts #5,\frac{13}{30},HMMT_February_2020_Guts_Solutions.pdf
HMMT February 2020 Guts #6,45,HMMT_February_2020_Guts_Solutions.pdf
HMMT February 2020 Guts #7,\frac{2}{3},HMMT_February_2020_Guts_Solutions.pdf
HMMT February 2020 Guts #8,96,HMMT_February_2020_Guts_Solutions.pdf
HMMT February 2020 Guts #9,\frac{1}{16000},HMMT_February_2020_Guts_Solutions.pdf
HMMT February 2020 Guts #10,12,HMMT_February_2020_Guts_Solutions.pdf
HMMT February 2020 Guts #11,29,HMMT_February_2020_Guts_Solutions.pdf
HMMT February 2020 Guts #12,2^{1100},HMMT_February_2020_Guts_Solutions.pdf
HMMT February 2020 Guts #13,\frac{112}{65},HMMT_February_2020_Guts_Solutions.pdf
HMMT February 2020 Guts #14,\frac{10}{3},HMMT_February_2020_Guts_Solutions.pdf
HMMT February 2020 Guts #15,\frac{163}{10},HMMT_February_2020_Guts_Solutions.pdf
HMMT February 2020 Guts #16,"(16, 4, 1), (1, 16, 4)",HMMT_February_2020_Guts_Solutions.pdf
HMMT February 2020 Guts #17,100\sqrt{2},HMMT_February_2020_Guts_Solutions.pdf
HMMT February 2020 Guts #18,31,HMMT_February_2020_Guts_Solutions.pdf
HMMT February 2020 Guts #19,1545,HMMT_February_2020_Guts_Solutions.pdf
HMMT February 2020 Guts #20,320°,HMMT_February_2020_Guts_Solutions.pdf
HMMT February 2020 Guts #21,296,HMMT_February_2020_Guts_Solutions.pdf
HMMT February 2020 Guts #22,41,HMMT_February_2020_Guts_Solutions.pdf
HMMT February 2020 Guts #23,e^e - 1,HMMT_February_2020_Guts_Solutions.pdf
HMMT February 2020 Guts #24,\frac{\sqrt{6}}{7},HMMT_February_2020_Guts_Solutions.pdf
HMMT February 2020 Guts #25,4041,HMMT_February_2020_Guts_Solutions.pdf
HMMT February 2020 Guts #26,17 + \frac{15}{2}\sqrt{3},HMMT_February_2020_Guts_Solutions.pdf
HMMT February 2020 Guts #27,1 + \frac{1}{2^{2020}},HMMT_February_2020_Guts_Solutions.pdf
HMMT February 2020 Guts #28,\frac{15}{169},HMMT_February_2020_Guts_Solutions.pdf
HMMT February 2020 Guts #29,1 + \sqrt{\frac{7}{15}},HMMT_February_2020_Guts_Solutions.pdf
HMMT February 2020 Guts #30,264,HMMT_February_2020_Guts_Solutions.pdf
HMMT February 2020 Guts #31,\frac{3-\sqrt{3}}{3},HMMT_February_2020_Guts_Solutions.pdf
HMMT February 2020 Guts #32,\frac{16\sqrt{2}}{9},HMMT_February_2020_Guts_Solutions.pdf
HMMT February 2020 Guts #33,\approx 8282580,HMMT_February_2020_Guts_Solutions.pdf
HMMT February 2020 Guts #34,2266067,HMMT_February_2020_Guts_Solutions.pdf
HMMT February 2020 Guts #35,\approx 72.8,HMMT_February_2020_Guts_Solutions.pdf
HMMT February 2020 Guts #36,\approx 4571.8706930,HMMT_February_2020_Guts_Solutions.pdf
HMMT February 2020 Team #1,\frac{3^{n+1}}{2},HMMT_February_2020_Team_Solutions.pdf
HMMT February 2020 Team #3,AS bisects BC,HMMT_February_2020_Team_Solutions.pdf
HMMT February 2020 Team #7,"\frac{1}{3}, 1, 3",HMMT_February_2020_Team_Solutions.pdf
HMMT February 2020 Team #9,2^n - n,HMMT_February_2020_Team_Solutions.pdf
HMMT February 2021 Algebra #1,89,HMMT_February_2021_Algebra_Solutions.pdf
HMMT February 2021 Algebra #2,43,HMMT_February_2021_Algebra_Solutions.pdf
HMMT February 2021 Algebra #3,25,HMMT_February_2021_Algebra_Solutions.pdf
HMMT February 2021 Algebra #4,56,HMMT_February_2021_Algebra_Solutions.pdf
HMMT February 2021 Algebra #5,1024,HMMT_February_2021_Algebra_Solutions.pdf
HMMT February 2021 Algebra #6,191999,HMMT_February_2021_Algebra_Solutions.pdf
HMMT February 2021 Algebra #7,1516,HMMT_February_2021_Algebra_Solutions.pdf
HMMT February 2021 Algebra #8,20,HMMT_February_2021_Algebra_Solutions.pdf
HMMT February 2021 Algebra #9,970,HMMT_February_2021_Algebra_Solutions.pdf
HMMT February 2021 Algebra #10,396,HMMT_February_2021_Algebra_Solutions.pdf
HMMT February 2021 Combinatorics #1,169,HMMT_February_2021_Combinatorics_Solutions.pdf
HMMT February 2021 Combinatorics #2,116,HMMT_February_2021_Combinatorics_Solutions.pdf
HMMT February 2021 Combinatorics #3,2800,HMMT_February_2021_Combinatorics_Solutions.pdf
HMMT February 2021 Combinatorics #4,288,HMMT_February_2021_Combinatorics_Solutions.pdf
HMMT February 2021 Combinatorics #5,104,HMMT_February_2021_Combinatorics_Solutions.pdf
HMMT February 2021 Combinatorics #6,129,HMMT_February_2021_Combinatorics_Solutions.pdf
HMMT February 2021 Combinatorics #7,255,HMMT_February_2021_Combinatorics_Solutions.pdf
HMMT February 2021 Combinatorics #8,1076,HMMT_February_2021_Combinatorics_Solutions.pdf
HMMT February 2021 Combinatorics #9,637,HMMT_February_2021_Combinatorics_Solutions.pdf
HMMT February 2021 Combinatorics #10,47,HMMT_February_2021_Combinatorics_Solutions.pdf
HMMT February 2021 Geometry #1,61,HMMT_February_2021_Geometry_Solutions.pdf
HMMT February 2021 Geometry #2,4112,HMMT_February_2021_Geometry_Solutions.pdf
HMMT February 2021 Geometry #3,193,HMMT_February_2021_Geometry_Solutions.pdf
HMMT February 2021 Geometry #4,90011,HMMT_February_2021_Geometry_Solutions.pdf
HMMT February 2021 Geometry #5,5300,HMMT_February_2021_Geometry_Solutions.pdf
HMMT February 2021 Geometry #6,288,HMMT_February_2021_Geometry_Solutions.pdf
HMMT February 2021 Geometry #7,12,HMMT_February_2021_Geometry_Solutions.pdf
HMMT February 2021 Geometry #8,24200,HMMT_February_2021_Geometry_Solutions.pdf
HMMT February 2021 Geometry #9,2705,HMMT_February_2021_Geometry_Solutions.pdf
HMMT February 2021 Geometry #10,3703,HMMT_February_2021_Geometry_Solutions.pdf
HMMT February 2021 Guts #1,16,HMMT_February_2021_Guts_Solutions.pdf
HMMT February 2021 Guts #2,356,HMMT_February_2021_Guts_Solutions.pdf
HMMT February 2021 Guts #3,673,HMMT_February_2021_Guts_Solutions.pdf
HMMT February 2021 Guts #4,90,HMMT_February_2021_Guts_Solutions.pdf
HMMT February 2021 Guts #5,14,HMMT_February_2021_Guts_Solutions.pdf
HMMT February 2021 Guts #6,26,HMMT_February_2021_Guts_Solutions.pdf
HMMT February 2021 Guts #7,2021,HMMT_February_2021_Guts_Solutions.pdf
HMMT February 2021 Guts #8,24,HMMT_February_2021_Guts_Solutions.pdf
HMMT February 2021 Guts #9,141,HMMT_February_2021_Guts_Solutions.pdf
HMMT February 2021 Guts #10,62,HMMT_February_2021_Guts_Solutions.pdf
HMMT February 2021 Guts #11,1540,HMMT_February_2021_Guts_Solutions.pdf
HMMT February 2021 Guts #12,144,HMMT_February_2021_Guts_Solutions.pdf
HMMT February 2021 Guts #13,674,HMMT_February_2021_Guts_Solutions.pdf
HMMT February 2021 Guts #14,7303,HMMT_February_2021_Guts_Solutions.pdf
HMMT February 2021 Guts #15,403,HMMT_February_2021_Guts_Solutions.pdf
HMMT February 2021 Guts #16,203,HMMT_February_2021_Guts_Solutions.pdf
HMMT February 2021 Guts #17,1000,HMMT_February_2021_Guts_Solutions.pdf
HMMT February 2021 Guts #18,6710,HMMT_February_2021_Guts_Solutions.pdf
HMMT February 2021 Guts #19,29,HMMT_February_2021_Guts_Solutions.pdf
HMMT February 2021 Guts #20,6562,HMMT_February_2021_Guts_Solutions.pdf
HMMT February 2021 Guts #21,11,HMMT_February_2021_Guts_Solutions.pdf
HMMT February 2021 Guts #22,75,HMMT_February_2021_Guts_Solutions.pdf
HMMT February 2021 Guts #23,2215,HMMT_February_2021_Guts_Solutions.pdf
HMMT February 2021 Guts #24,12108,HMMT_February_2021_Guts_Solutions.pdf
HMMT February 2021 Guts #25,17,HMMT_February_2021_Guts_Solutions.pdf
HMMT February 2021 Guts #26,3600,HMMT_February_2021_Guts_Solutions.pdf
HMMT February 2021 Guts #27,436,HMMT_February_2021_Guts_Solutions.pdf
HMMT February 2021 Guts #28,4040,HMMT_February_2021_Guts_Solutions.pdf
HMMT February 2021 Guts #29,11,HMMT_February_2021_Guts_Solutions.pdf
HMMT February 2021 Guts #30,89,HMMT_February_2021_Guts_Solutions.pdf
HMMT February 2021 Guts #31,20738,HMMT_February_2021_Guts_Solutions.pdf
HMMT February 2021 Guts #32,192,HMMT_February_2021_Guts_Solutions.pdf
HMMT February 2021 Guts #33,139,HMMT_February_2021_Guts_Solutions.pdf
HMMT February 2021 Guts #34,18215,HMMT_February_2021_Guts_Solutions.pdf
HMMT February 2021 Guts #35,8101,HMMT_February_2021_Guts_Solutions.pdf
HMMT February 2021 Guts #36,104552,HMMT_February_2021_Guts_Solutions.pdf
HMMT February 2021 Team #1a,\text{Yes},HMMT_February_2021_Team_Solutions.pdf
HMMT February 2021 Team #1b,\text{No},HMMT_February_2021_Team_Solutions.pdf
HMMT February 2021 Team #2,AX = AD,HMMT_February_2021_Team_Solutions.pdf
HMMT February 2021 Team #3,\text{There exists a positive integer } n \text{ such that each of the } 2m + 1 \text{ integers is positive and composite},HMMT_February_2021_Team_Solutions.pdf
HMMT February 2021 Team #4,\binom{k+n-1}{k} = \binom{k+n-1}{n-1},HMMT_February_2021_Team_Solutions.pdf
HMMT February 2021 Team #5,36,HMMT_February_2021_Team_Solutions.pdf
HMMT February 2021 Team #6,"n \text{ can be } 1, \text{ a prime that is } 1 \bmod 3, \text{ or the square of any prime except } 3",HMMT_February_2021_Team_Solutions.pdf
HMMT February 2021 Team #7,\text{The circumcircle of } \triangle DYZ \text{ is tangent to the circumcircle of } \triangle DBC,HMMT_February_2021_Team_Solutions.pdf
HMMT February 2021 Team #8,\lfloor n/2 \rfloor + 1,HMMT_February_2021_Team_Solutions.pdf
HMMT February 2021 Team #9,PQ = PT,HMMT_February_2021_Team_Solutions.pdf
HMMT February 2021 Team #10,"2n + 1 \text{ if } n \text{ is odd}, 2n - 2 \text{ if } n \text{ is even}",HMMT_February_2021_Team_Solutions.pdf
HMMT February 2022 Algebra #1,64,HMMT_February_2022_Algebra_Solutions.pdf
HMMT February 2022 Algebra #2,22,HMMT_February_2022_Algebra_Solutions.pdf
HMMT February 2022 Algebra #3,1010,HMMT_February_2022_Algebra_Solutions.pdf
HMMT February 2022 Algebra #4,179,HMMT_February_2022_Algebra_Solutions.pdf
HMMT February 2022 Algebra #5,89800,HMMT_February_2022_Algebra_Solutions.pdf
HMMT February 2022 Algebra #6,2016,HMMT_February_2022_Algebra_Solutions.pdf
HMMT February 2022 Algebra #7,1152,HMMT_February_2022_Algebra_Solutions.pdf
HMMT February 2022 Algebra #8,675,HMMT_February_2022_Algebra_Solutions.pdf
HMMT February 2022 Algebra #9,406,HMMT_February_2022_Algebra_Solutions.pdf
HMMT February 2022 Algebra #10,229,HMMT_February_2022_Algebra_Solutions.pdf
HMMT February 2022 Combinatorics #1,10,HMMT_February_2022_Combinatorics_Solutions.pdf
HMMT February 2022 Combinatorics #2,22,HMMT_February_2022_Combinatorics_Solutions.pdf
HMMT February 2022 Combinatorics #3,144,HMMT_February_2022_Combinatorics_Solutions.pdf
HMMT February 2022 Combinatorics #4,335,HMMT_February_2022_Combinatorics_Solutions.pdf
HMMT February 2022 Combinatorics #5,50308,HMMT_February_2022_Combinatorics_Solutions.pdf
HMMT February 2022 Combinatorics #6,1390,HMMT_February_2022_Combinatorics_Solutions.pdf
HMMT February 2022 Combinatorics #7,646634,HMMT_February_2022_Combinatorics_Solutions.pdf
HMMT February 2022 Combinatorics #8,2550,HMMT_February_2022_Combinatorics_Solutions.pdf
HMMT February 2022 Combinatorics #9,216695,HMMT_February_2022_Combinatorics_Solutions.pdf
HMMT February 2022 Combinatorics #10,1000000000004,HMMT_February_2022_Combinatorics_Solutions.pdf
HMMT February 2022 Geometry #1,21,HMMT_February_2022_Geometry_Solutions.pdf
HMMT February 2022 Geometry #2,30,HMMT_February_2022_Geometry_Solutions.pdf
HMMT February 2022 Geometry #3,4940,HMMT_February_2022_Geometry_Solutions.pdf
HMMT February 2022 Geometry #4,6100,HMMT_February_2022_Geometry_Solutions.pdf
HMMT February 2022 Geometry #5,36104,HMMT_February_2022_Geometry_Solutions.pdf
HMMT February 2022 Geometry #6,21055,HMMT_February_2022_Geometry_Solutions.pdf
HMMT February 2022 Geometry #7,16902,HMMT_February_2022_Geometry_Solutions.pdf
HMMT February 2022 Geometry #8,2402,HMMT_February_2022_Geometry_Solutions.pdf
HMMT February 2022 Geometry #9,917,HMMT_February_2022_Geometry_Solutions.pdf
HMMT February 2022 Geometry #10,103360,HMMT_February_2022_Geometry_Solutions.pdf
HMMT February 2022 Guts #1,3,HMMT_February_2022_Guts_Solutions.pdf
HMMT February 2022 Guts #2,5,HMMT_February_2022_Guts_Solutions.pdf
HMMT February 2022 Guts #3,2692,HMMT_February_2022_Guts_Solutions.pdf
HMMT February 2022 Guts #4,988,HMMT_February_2022_Guts_Solutions.pdf
HMMT February 2022 Guts #5,40968192,HMMT_February_2022_Guts_Solutions.pdf
HMMT February 2022 Guts #6,2,HMMT_February_2022_Guts_Solutions.pdf
HMMT February 2022 Guts #7,209,HMMT_February_2022_Guts_Solutions.pdf
HMMT February 2022 Guts #8,29,HMMT_February_2022_Guts_Solutions.pdf
HMMT February 2022 Guts #9,11,HMMT_February_2022_Guts_Solutions.pdf
HMMT February 2022 Guts #10,512,HMMT_February_2022_Guts_Solutions.pdf
HMMT February 2022 Guts #11,45,HMMT_February_2022_Guts_Solutions.pdf
HMMT February 2022 Guts #12,106,HMMT_February_2022_Guts_Solutions.pdf
HMMT February 2022 Guts #13,7152,HMMT_February_2022_Guts_Solutions.pdf
HMMT February 2022 Guts #14,134610,HMMT_February_2022_Guts_Solutions.pdf
HMMT February 2022 Guts #15,602,HMMT_February_2022_Guts_Solutions.pdf
HMMT February 2022 Guts #16,705,HMMT_February_2022_Guts_Solutions.pdf
HMMT February 2022 Guts #17,9,HMMT_February_2022_Guts_Solutions.pdf
HMMT February 2022 Guts #18,4,HMMT_February_2022_Guts_Solutions.pdf
HMMT February 2022 Guts #19,8041,HMMT_February_2022_Guts_Solutions.pdf
HMMT February 2022 Guts #20,1025,HMMT_February_2022_Guts_Solutions.pdf
HMMT February 2022 Guts #21,31480,HMMT_February_2022_Guts_Solutions.pdf
HMMT February 2022 Guts #22,23,HMMT_February_2022_Guts_Solutions.pdf
HMMT February 2022 Guts #23,168,HMMT_February_2022_Guts_Solutions.pdf
HMMT February 2022 Guts #24,1217,HMMT_February_2022_Guts_Solutions.pdf
HMMT February 2022 Guts #25,288,HMMT_February_2022_Guts_Solutions.pdf
HMMT February 2022 Guts #26,100,HMMT_February_2022_Guts_Solutions.pdf
HMMT February 2022 Guts #27,271619,HMMT_February_2022_Guts_Solutions.pdf
HMMT February 2022 Guts #28,236,HMMT_February_2022_Guts_Solutions.pdf
HMMT February 2022 Guts #29,940,HMMT_February_2022_Guts_Solutions.pdf
HMMT February 2022 Guts #30,516,HMMT_February_2022_Guts_Solutions.pdf
HMMT February 2022 Guts #31,133,HMMT_February_2022_Guts_Solutions.pdf
HMMT February 2022 Guts #32,45,HMMT_February_2022_Guts_Solutions.pdf
HMMT February 2022 Guts #33,450,HMMT_February_2022_Guts_Solutions.pdf
HMMT February 2022 Guts #34,194162,HMMT_February_2022_Guts_Solutions.pdf
HMMT February 2022 Guts #35,2427,HMMT_February_2022_Guts_Solutions.pdf
HMMT February 2022 Guts #36,8097,HMMT_February_2022_Guts_Solutions.pdf
HMMT February 2022 Team #1,5,HMMT_February_2022_Team_Solutions.pdf
HMMT February 2022 Team #2,4,HMMT_February_2022_Team_Solutions.pdf
HMMT February 2022 Team #3,\sqrt{3}R,HMMT_February_2022_Team_Solutions.pdf
HMMT February 2022 Team #5,GP passes through the midpoint of XY,HMMT_February_2022_Team_Solutions.pdf
HMMT February 2022 Team #6,ab \neq 9,HMMT_February_2022_Team_Solutions.pdf
HMMT February 2022 Team #7,f(x) = 0 \text{ or } f(x) = x^2 - \frac{1}{x},HMMT_February_2022_Team_Solutions.pdf
HMMT February 2022 Team #8,"\max\left(a_1, \ldots, a_n, \frac{1}{2}\sum_{i=1}^n |a_i - a_{i+1}|\right)",HMMT_February_2022_Team_Solutions.pdf
HMMT February 2022 Team #9,\frac{2(Rr_1+Rr_2-2r_1r_2)\sqrt{r_1r_2}}{|r_1-r_2|\sqrt{(R-r_1)(R-r_2)}},HMMT_February_2022_Team_Solutions.pdf
HMMT February 2022 Team #10,2\sqrt{3},HMMT_February_2022_Team_Solutions.pdf
HMMT February 2023 Algebra #1,-95,HMMT_February_2023_Algebra_Solutions.pdf
HMMT February 2023 Algebra #2,43,HMMT_February_2023_Algebra_Solutions.pdf
HMMT February 2023 Algebra #3,-\frac{3\sqrt{3}}{14},HMMT_February_2023_Algebra_Solutions.pdf
HMMT February 2023 Algebra #4,\frac{1}{9},HMMT_February_2023_Algebra_Solutions.pdf
HMMT February 2023 Algebra #5,9954,HMMT_February_2023_Algebra_Solutions.pdf
HMMT February 2023 Algebra #6,215,HMMT_February_2023_Algebra_Solutions.pdf
HMMT February 2023 Algebra #7,581,HMMT_February_2023_Algebra_Solutions.pdf
HMMT February 2023 Algebra #8,7400,HMMT_February_2023_Algebra_Solutions.pdf
HMMT February 2023 Algebra #9,81,HMMT_February_2023_Algebra_Solutions.pdf
HMMT February 2023 Algebra #10,14849 - \frac{9999}{200}\binom{200}{99},HMMT_February_2023_Algebra_Solutions.pdf
HMMT February 2023 Combinatorics #1,\frac{99}{101},HMMT_February_2023_Combinatorics_Solutions.pdf
HMMT February 2023 Combinatorics #2,40,HMMT_February_2023_Combinatorics_Solutions.pdf
HMMT February 2023 Combinatorics #3,70,HMMT_February_2023_Combinatorics_Solutions.pdf
HMMT February 2023 Combinatorics #4,1680,HMMT_February_2023_Combinatorics_Solutions.pdf
HMMT February 2023 Combinatorics #5,324,HMMT_February_2023_Combinatorics_Solutions.pdf
HMMT February 2023 Combinatorics #6,2664,HMMT_February_2023_Combinatorics_Solutions.pdf
HMMT February 2023 Combinatorics #7,163,HMMT_February_2023_Combinatorics_Solutions.pdf
HMMT February 2023 Combinatorics #8,\frac{10}{13},HMMT_February_2023_Combinatorics_Solutions.pdf
HMMT February 2023 Combinatorics #9,\frac{2^{100}}{\binom{100}{50}} - 1,HMMT_February_2023_Combinatorics_Solutions.pdf
HMMT February 2023 Combinatorics #10,\frac{1}{100 \cdot 100!^2}\binom{200}{99},HMMT_February_2023_Combinatorics_Solutions.pdf
HMMT February 2023 Geometry #1,189,HMMT_February_2023_Geometry_Solutions.pdf
HMMT February 2023 Geometry #2,2\sqrt{13},HMMT_February_2023_Geometry_Solutions.pdf
HMMT February 2023 Geometry #3,47,HMMT_February_2023_Geometry_Solutions.pdf
HMMT February 2023 Geometry #4,\sqrt{5},HMMT_February_2023_Geometry_Solutions.pdf
HMMT February 2023 Geometry #5,42\sqrt{2},HMMT_February_2023_Geometry_Solutions.pdf
HMMT February 2023 Geometry #6,68,HMMT_February_2023_Geometry_Solutions.pdf
HMMT February 2023 Geometry #7,\frac{9\sqrt{21}}{7},HMMT_February_2023_Geometry_Solutions.pdf
HMMT February 2023 Geometry #8,\sqrt{111},HMMT_February_2023_Geometry_Solutions.pdf
HMMT February 2023 Geometry #9,\frac{20}{3},HMMT_February_2023_Geometry_Solutions.pdf
HMMT February 2023 Geometry #10,\frac{11}{12},HMMT_February_2023_Geometry_Solutions.pdf
HMMT February 2023 Guts #1,1,HMMT_February_2023_Guts_Solutions.pdf
HMMT February 2023 Guts #2,1349,HMMT_February_2023_Guts_Solutions.pdf
HMMT February 2023 Guts #3,\sqrt{21},HMMT_February_2023_Guts_Solutions.pdf
HMMT February 2023 Guts #4,\frac{1}{4},HMMT_February_2023_Guts_Solutions.pdf
HMMT February 2023 Guts #5,128,HMMT_February_2023_Guts_Solutions.pdf
HMMT February 2023 Guts #6,\frac{55}{81},HMMT_February_2023_Guts_Solutions.pdf
HMMT February 2023 Guts #7,\pi\sqrt{15},HMMT_February_2023_Guts_Solutions.pdf
HMMT February 2023 Guts #8,7,HMMT_February_2023_Guts_Solutions.pdf
HMMT February 2023 Guts #9,63,HMMT_February_2023_Guts_Solutions.pdf
HMMT February 2023 Guts #10,4002001,HMMT_February_2023_Guts_Solutions.pdf
HMMT February 2023 Guts #11,32,HMMT_February_2023_Guts_Solutions.pdf
HMMT February 2023 Guts #12,318,HMMT_February_2023_Guts_Solutions.pdf
HMMT February 2023 Guts #13,305,HMMT_February_2023_Guts_Solutions.pdf
HMMT February 2023 Guts #14,67,HMMT_February_2023_Guts_Solutions.pdf
HMMT February 2023 Guts #15,\frac{\sqrt{10}-1}{3},HMMT_February_2023_Guts_Solutions.pdf
HMMT February 2023 Guts #16,4 + \sqrt{6} - \sqrt{2},HMMT_February_2023_Guts_Solutions.pdf
HMMT February 2023 Guts #17,\sqrt{68} = 2\sqrt{17},HMMT_February_2023_Guts_Solutions.pdf
HMMT February 2023 Guts #18,168 + 48\sqrt{7},HMMT_February_2023_Guts_Solutions.pdf
HMMT February 2023 Guts #19,1000,HMMT_February_2023_Guts_Solutions.pdf
HMMT February 2023 Guts #20,25517,HMMT_February_2023_Guts_Solutions.pdf
HMMT February 2023 Guts #21,\frac{426}{5},HMMT_February_2023_Guts_Solutions.pdf
HMMT February 2023 Guts #22,\frac{35}{16},HMMT_February_2023_Guts_Solutions.pdf
HMMT February 2023 Guts #23,375/8,HMMT_February_2023_Guts_Solutions.pdf
HMMT February 2023 Guts #24,\frac{242}{15},HMMT_February_2023_Guts_Solutions.pdf
HMMT February 2023 Guts #25,\frac{79}{20},HMMT_February_2023_Guts_Solutions.pdf
HMMT February 2023 Guts #26,8 + 5\sqrt{3},HMMT_February_2023_Guts_Solutions.pdf
HMMT February 2023 Guts #27,34,HMMT_February_2023_Guts_Solutions.pdf
HMMT February 2023 Guts #28,\sqrt{291},HMMT_February_2023_Guts_Solutions.pdf
HMMT February 2023 Guts #29,144,HMMT_February_2023_Guts_Solutions.pdf
HMMT February 2023 Guts #30,\frac{926}{945},HMMT_February_2023_Guts_Solutions.pdf
HMMT February 2023 Guts #31,1994,HMMT_February_2023_Guts_Solutions.pdf
HMMT February 2023 Guts #32,\frac{\sqrt{285}}{38},HMMT_February_2023_Guts_Solutions.pdf
HMMT February 2023 Guts #33,DACBE,HMMT_February_2023_Guts_Solutions.pdf
HMMT February 2023 Guts #34,113779,HMMT_February_2023_Guts_Solutions.pdf
HMMT February 2023 Guts #35,3892346,HMMT_February_2023_Guts_Solutions.pdf
HMMT February 2023 Guts #36,13,HMMT_February_2023_Guts_Solutions.pdf
HMMT February 2023 Team #1,12,HMMT_February_2023_Team_Solutions.pdf
HMMT February 2023 Team #2,No such complex numbers exist,HMMT_February_2023_Team_Solutions.pdf
HMMT February 2023 Team #3,BX = XC,HMMT_February_2023_Team_Solutions.pdf
HMMT February 2023 Team #4,9,HMMT_February_2023_Team_Solutions.pdf
HMMT February 2023 Team #5,4950,HMMT_February_2023_Team_Solutions.pdf
HMMT February 2023 Team #6,No such arithmetic progression exists,HMMT_February_2023_Team_Solutions.pdf
HMMT February 2023 Team #7,XY \perp AD,HMMT_February_2023_Team_Solutions.pdf
HMMT February 2023 Team #8,P(x) = \frac{x(x^{4k+2} + 1)}{x^2 + 1} \text{ or } P(x) = \frac{x(1 - x^{4k})}{x^2 + 1},HMMT_February_2023_Team_Solutions.pdf
HMMT February 2023 Team #9,AB + AC = 3BC,HMMT_February_2023_Team_Solutions.pdf
HMMT February 2023 Team #10,Such an arrangement exists,HMMT_February_2023_Team_Solutions.pdf
HMMT February 2024 Algebra #1,29,HMMT_February_2024_Algebra_Solutions.pdf
HMMT February 2024 Algebra #2,21,HMMT_February_2024_Algebra_Solutions.pdf
HMMT February 2024 Algebra #3,64,HMMT_February_2024_Algebra_Solutions.pdf
HMMT February 2024 Algebra #4,\frac{24}{17},HMMT_February_2024_Algebra_Solutions.pdf
HMMT February 2024 Algebra #5,"\left(-\frac{13}{96}, \frac{13}{40}\right)",HMMT_February_2024_Algebra_Solutions.pdf
HMMT February 2024 Algebra #6,222,HMMT_February_2024_Algebra_Solutions.pdf
HMMT February 2024 Algebra #7,48,HMMT_February_2024_Algebra_Solutions.pdf
HMMT February 2024 Algebra #8,7521,HMMT_February_2024_Algebra_Solutions.pdf
HMMT February 2024 Algebra #9,"0, \pm i\sqrt{6}",HMMT_February_2024_Algebra_Solutions.pdf
HMMT February 2024 Algebra #10,693,HMMT_February_2024_Algebra_Solutions.pdf
HMMT February 2024 Combinatorics #1,6,HMMT_February_2024_Combinatorics_Solutions.pdf
HMMT February 2024 Combinatorics #2,43,HMMT_February_2024_Combinatorics_Solutions.pdf
HMMT February 2024 Combinatorics #3,114,HMMT_February_2024_Combinatorics_Solutions.pdf
HMMT February 2024 Combinatorics #4,4096,HMMT_February_2024_Combinatorics_Solutions.pdf
HMMT February 2024 Combinatorics #5,875,HMMT_February_2024_Combinatorics_Solutions.pdf
HMMT February 2024 Combinatorics #6,\frac{1}{512},HMMT_February_2024_Combinatorics_Solutions.pdf
HMMT February 2024 Combinatorics #7,\frac{32}{7},HMMT_February_2024_Combinatorics_Solutions.pdf
HMMT February 2024 Combinatorics #8,\frac{4}{2024}\binom{4048}{2024} - 2,HMMT_February_2024_Combinatorics_Solutions.pdf
HMMT February 2024 Combinatorics #9,146,HMMT_February_2024_Combinatorics_Solutions.pdf
HMMT February 2024 Combinatorics #10,184320,HMMT_February_2024_Combinatorics_Solutions.pdf
HMMT February 2024 Geometry #1,\frac{5}{3},HMMT_February_2024_Geometry_Solutions.pdf
HMMT February 2024 Geometry #2,20,HMMT_February_2024_Geometry_Solutions.pdf
HMMT February 2024 Geometry #3,42,HMMT_February_2024_Geometry_Solutions.pdf
HMMT February 2024 Geometry #4,185,HMMT_February_2024_Geometry_Solutions.pdf
HMMT February 2024 Geometry #5,4\sqrt{5} - \sqrt{7},HMMT_February_2024_Geometry_Solutions.pdf
HMMT February 2024 Geometry #6,\frac{65}{3},HMMT_February_2024_Geometry_Solutions.pdf
HMMT February 2024 Geometry #7,8\sqrt{11},HMMT_February_2024_Geometry_Solutions.pdf
HMMT February 2024 Geometry #8,64(2 - \sqrt{3}),HMMT_February_2024_Geometry_Solutions.pdf
HMMT February 2024 Geometry #9,\sqrt{38} - 3,HMMT_February_2024_Geometry_Solutions.pdf
HMMT February 2024 Geometry #10,\frac{9\sqrt{410}}{5},HMMT_February_2024_Geometry_Solutions.pdf
HMMT February 2024 Guts #1,0,HMMT_February_2024_Guts_Solutions.pdf
HMMT February 2024 Guts #2,\frac{11}{18},HMMT_February_2024_Guts_Solutions.pdf
HMMT February 2024 Guts #3,675,HMMT_February_2024_Guts_Solutions.pdf
HMMT February 2024 Guts #4,48°,HMMT_February_2024_Guts_Solutions.pdf
HMMT February 2024 Guts #5,"224, -176",HMMT_February_2024_Guts_Solutions.pdf
HMMT February 2024 Guts #6,\frac{\sqrt{7}}{12},HMMT_February_2024_Guts_Solutions.pdf
HMMT February 2024 Guts #7,17,HMMT_February_2024_Guts_Solutions.pdf
HMMT February 2024 Guts #8,60°,HMMT_February_2024_Guts_Solutions.pdf
HMMT February 2024 Guts #9,1872,HMMT_February_2024_Guts_Solutions.pdf
HMMT February 2024 Guts #10,\frac{2}{15},HMMT_February_2024_Guts_Solutions.pdf
HMMT February 2024 Guts #11,"98, 118, 122, 142",HMMT_February_2024_Guts_Solutions.pdf
HMMT February 2024 Guts #12,2024,HMMT_February_2024_Guts_Solutions.pdf
HMMT February 2024 Guts #13,\frac{149}{12},HMMT_February_2024_Guts_Solutions.pdf
HMMT February 2024 Guts #14,111888,HMMT_February_2024_Guts_Solutions.pdf
HMMT February 2024 Guts #15,29,HMMT_February_2024_Guts_Solutions.pdf
HMMT February 2024 Guts #16,2(\sqrt{17} - 1),HMMT_February_2024_Guts_Solutions.pdf
HMMT February 2024 Guts #17,\frac{181}{361},HMMT_February_2024_Guts_Solutions.pdf
HMMT February 2024 Guts #18,\frac{96}{595},HMMT_February_2024_Guts_Solutions.pdf
HMMT February 2024 Guts #19,\frac{1170°}{19},HMMT_February_2024_Guts_Solutions.pdf
HMMT February 2024 Guts #20,855,HMMT_February_2024_Guts_Solutions.pdf
HMMT February 2024 Guts #21,1831830,HMMT_February_2024_Guts_Solutions.pdf
HMMT February 2024 Guts #22,\frac{49}{36},HMMT_February_2024_Guts_Solutions.pdf
HMMT February 2024 Guts #23,\frac{\sqrt{39}}{4},HMMT_February_2024_Guts_Solutions.pdf
HMMT February 2024 Guts #24,504\pi,HMMT_February_2024_Guts_Solutions.pdf
HMMT February 2024 Guts #25,123 + 6\sqrt{119},HMMT_February_2024_Guts_Solutions.pdf
HMMT February 2024 Guts #26,-2445,HMMT_February_2024_Guts_Solutions.pdf
HMMT February 2024 Guts #27,\frac{467}{8},HMMT_February_2024_Guts_Solutions.pdf
HMMT February 2024 Guts #28,1200974,HMMT_February_2024_Guts_Solutions.pdf
HMMT February 2024 Guts #29,12,HMMT_February_2024_Guts_Solutions.pdf
HMMT February 2024 Guts #30,\frac{1}{1+\frac{\sqrt{3}}{2}},HMMT_February_2024_Guts_Solutions.pdf
HMMT February 2024 Guts #31,1 - \frac{2^{15}}{3^{15}},HMMT_February_2024_Guts_Solutions.pdf
HMMT February 2024 Guts #32,\sqrt[3]{\frac{1-\sqrt{33}}{2}},HMMT_February_2024_Guts_Solutions.pdf
HMMT February 2024 Guts #33,5568,HMMT_February_2024_Guts_Solutions.pdf
HMMT February 2024 Guts #34,757575,HMMT_February_2024_Guts_Solutions.pdf
HMMT February 2024 Guts #35,6.54,HMMT_February_2024_Guts_Solutions.pdf
HMMT February 2024 Guts #36,KOLINGH,HMMT_February_2024_Guts_Solutions.pdf
HMMT February 2024 Team #1,550,HMMT_February_2024_Team_Solutions.pdf
HMMT February 2024 Team #2,18,HMMT_February_2024_Team_Solutions.pdf
HMMT February 2024 Team #5,\text{Yes},HMMT_February_2024_Team_Solutions.pdf
HMMT February 2024 Team #6,\begin{cases} f(x) = x \\ f(x) = -x \\ f(x) = x + c \text{ for all rational numbers } c \text{ iff } a = 2 \end{cases},HMMT_February_2024_Team_Solutions.pdf
HMMT February 2024 Team #9,6014950,HMMT_February_2024_Team_Solutions.pdf
HMMT February 2024 Team #10,"a + bi \text{ works if and only if } a, b \in \mathbb{Q} \text{ and } \nu_p(a), \nu_p(b) \geq 0 \text{ for all } p \equiv 1 \pmod{4}",HMMT_February_2024_Team_Solutions.pdf
HMMT February 2025 Algebra #1,103,HMMT_February_2025_Algebra_Solutions.pdf
HMMT February 2025 Algebra #2,3375,HMMT_February_2025_Algebra_Solutions.pdf
HMMT February 2025 Algebra #3,\frac{1}{576},HMMT_February_2025_Algebra_Solutions.pdf
HMMT February 2025 Algebra #4,-984,HMMT_February_2025_Algebra_Solutions.pdf
HMMT February 2025 Algebra #5,890,HMMT_February_2025_Algebra_Solutions.pdf
HMMT February 2025 Algebra #6,\frac{1311}{2017},HMMT_February_2025_Algebra_Solutions.pdf
HMMT February 2025 Algebra #7,\frac{9}{\sqrt{23}},HMMT_February_2025_Algebra_Solutions.pdf
HMMT February 2025 Algebra #8,1 - \frac{2}{\pi},HMMT_February_2025_Algebra_Solutions.pdf
HMMT February 2025 Algebra #9,1037,HMMT_February_2025_Algebra_Solutions.pdf
HMMT February 2025 Algebra #10,"\frac{-1+\sqrt{17}}{2}, \frac{-1-\sqrt{17}}{2}",HMMT_February_2025_Algebra_Solutions.pdf
HMMT February 2025 Combinatorics #1,56,HMMT_February_2025_Combinatorics_Solutions.pdf
HMMT February 2025 Combinatorics #2,29,HMMT_February_2025_Combinatorics_Solutions.pdf
HMMT February 2025 Combinatorics #3,105,HMMT_February_2025_Combinatorics_Solutions.pdf
HMMT February 2025 Combinatorics #4,2304,HMMT_February_2025_Combinatorics_Solutions.pdf
HMMT February 2025 Combinatorics #5,200,HMMT_February_2025_Combinatorics_Solutions.pdf
HMMT February 2025 Combinatorics #6,6300,HMMT_February_2025_Combinatorics_Solutions.pdf
HMMT February 2025 Combinatorics #7,2^{25}26!,HMMT_February_2025_Combinatorics_Solutions.pdf
HMMT February 2025 Combinatorics #8,\frac{2025}{101},HMMT_February_2025_Combinatorics_Solutions.pdf
HMMT February 2025 Combinatorics #9,\frac{4}{9},HMMT_February_2025_Combinatorics_Solutions.pdf
HMMT February 2025 Combinatorics #10,\frac{448}{3},HMMT_February_2025_Combinatorics_Solutions.pdf
HMMT February 2025 Geometry #1,26,HMMT_February_2025_Geometry_Solutions.pdf
HMMT February 2025 Geometry #2,63,HMMT_February_2025_Geometry_Solutions.pdf
HMMT February 2025 Geometry #3,8\sqrt{10},HMMT_February_2025_Geometry_Solutions.pdf
HMMT February 2025 Geometry #4,20,HMMT_February_2025_Geometry_Solutions.pdf
HMMT February 2025 Geometry #5,\sqrt{23} - 2\sqrt{3},HMMT_February_2025_Geometry_Solutions.pdf
HMMT February 2025 Geometry #6,9\sqrt{15},HMMT_February_2025_Geometry_Solutions.pdf
HMMT February 2025 Geometry #7,\frac{7}{18},HMMT_February_2025_Geometry_Solutions.pdf
HMMT February 2025 Geometry #8,\sqrt{6},HMMT_February_2025_Geometry_Solutions.pdf
HMMT February 2025 Geometry #9,14 + 4\sqrt{37},HMMT_February_2025_Geometry_Solutions.pdf
HMMT February 2025 Geometry #10,\sqrt{\frac{95}{24}},HMMT_February_2025_Geometry_Solutions.pdf
HMMT February 2025 Guts #1,0,HMMT_February_2025_Guts_Solutions.pdf
HMMT February 2025 Guts #2,\frac{4}{5},HMMT_February_2025_Guts_Solutions.pdf
HMMT February 2025 Guts #3,\frac{5}{12},HMMT_February_2025_Guts_Solutions.pdf
HMMT February 2025 Guts #4,\sqrt{3},HMMT_February_2025_Guts_Solutions.pdf
HMMT February 2025 Guts #5,2\sqrt{2} - 2 = 2(\sqrt{2} - 1),HMMT_February_2025_Guts_Solutions.pdf
HMMT February 2025 Guts #6,2\sqrt{13},HMMT_February_2025_Guts_Solutions.pdf
HMMT February 2025 Guts #7,231,HMMT_February_2025_Guts_Solutions.pdf
HMMT February 2025 Guts #8,9,HMMT_February_2025_Guts_Solutions.pdf
HMMT February 2025 Guts #9,\frac{5}{6},HMMT_February_2025_Guts_Solutions.pdf
HMMT February 2025 Guts #10,2 + 3\sqrt{2},HMMT_February_2025_Guts_Solutions.pdf
HMMT February 2025 Guts #11,3101,HMMT_February_2025_Guts_Solutions.pdf
HMMT February 2025 Guts #12,220,HMMT_February_2025_Guts_Solutions.pdf
HMMT February 2025 Guts #13,219,HMMT_February_2025_Guts_Solutions.pdf
HMMT February 2025 Guts #14,5 + \sqrt{5},HMMT_February_2025_Guts_Solutions.pdf
HMMT February 2025 Guts #15,\sqrt{13},HMMT_February_2025_Guts_Solutions.pdf
HMMT February 2025 Guts #16,\frac{2}{5},HMMT_February_2025_Guts_Solutions.pdf
HMMT February 2025 Guts #17,-\frac{19}{10},HMMT_February_2025_Guts_Solutions.pdf
HMMT February 2025 Guts #18,\frac{7}{2},HMMT_February_2025_Guts_Solutions.pdf
HMMT February 2025 Guts #19,3751,HMMT_February_2025_Guts_Solutions.pdf
HMMT February 2025 Guts #20,221221,HMMT_February_2025_Guts_Solutions.pdf
HMMT February 2025 Guts #21,88209,HMMT_February_2025_Guts_Solutions.pdf
HMMT February 2025 Guts #22,\frac{-5-\sqrt{5}}{2},HMMT_February_2025_Guts_Solutions.pdf
HMMT February 2025 Guts #23,\frac{3\sqrt{3}-3}{2} = \frac{3}{2}(\sqrt{3} - 1),HMMT_February_2025_Guts_Solutions.pdf
HMMT February 2025 Guts #24,1939,HMMT_February_2025_Guts_Solutions.pdf
HMMT February 2025 Guts #25,4,HMMT_February_2025_Guts_Solutions.pdf
HMMT February 2025 Guts #26,\frac{173}{4},HMMT_February_2025_Guts_Solutions.pdf
HMMT February 2025 Guts #27,820,HMMT_February_2025_Guts_Solutions.pdf
HMMT February 2025 Guts #28,\frac{341}{32},HMMT_February_2025_Guts_Solutions.pdf
HMMT February 2025 Guts #29,\frac{11}{5},HMMT_February_2025_Guts_Solutions.pdf
HMMT February 2025 Guts #30,\frac{7}{2\sqrt{30}},HMMT_February_2025_Guts_Solutions.pdf
HMMT February 2025 Guts #31,\frac{\sqrt{5}}{2},HMMT_February_2025_Guts_Solutions.pdf
HMMT February 2025 Guts #32,\frac{1013}{507},HMMT_February_2025_Guts_Solutions.pdf
HMMT February 2025 Guts #33,1003,HMMT_February_2025_Guts_Solutions.pdf
HMMT February 2025 Guts #34,\frac{467775}{2\pi^9} - \frac{155925}{2\pi^7} + \frac{10395}{\pi^5} - \frac{1485}{2\pi^3} + \frac{33}{\pi} \approx 2.55915198,HMMT_February_2025_Guts_Solutions.pdf
HMMT February 2025 Guts #35,3098,HMMT_February_2025_Guts_Solutions.pdf
HMMT February 2025 Guts #36,"6, 6, 6, 5, 5, 6, 6, 7",HMMT_February_2025_Guts_Solutions.pdf
HMMT February 2025 Team #1,"\text{Proof that } \gcd(a, b) > 1",HMMT_February_2025_Team_Solutions.pdf
HMMT February 2025 Team #2,2,HMMT_February_2025_Team_Solutions.pdf
HMMT February 2025 Team #3,\text{Proof that circumcenter lies on fixed line},HMMT_February_2025_Team_Solutions.pdf
HMMT February 2025 Team #4,8096,HMMT_February_2025_Team_Solutions.pdf
HMMT February 2025 Team #5,\text{Proof that } \angle BXC = 90°,HMMT_February_2025_Team_Solutions.pdf
HMMT February 2025 Team #6,\text{Proof that } |z| = 1,HMMT_February_2025_Team_Solutions.pdf
HMMT February 2025 Team #7,\text{No},HMMT_February_2025_Team_Solutions.pdf
HMMT February 2025 Team #8,\text{Proof that } \angle IPM = 90°,HMMT_February_2025_Team_Solutions.pdf
HMMT February 2025 Team #9,p = 5 \text{ and all primes } p \equiv \pm 1 \pmod{5},HMMT_February_2025_Team_Solutions.pdf
HMMT February 2025 Team #10,\text{All positive integers } n \text{ such that } \nu_p(n) \neq 1 \text{ for all prime } p \equiv 3 \pmod{4},HMMT_February_2025_Team_Solutions.pdf
HMMT November 2008 Guts #1,3,HMMT_November_2008_Guts_Solutions.pdf
HMMT November 2008 Guts #2,-1004,HMMT_November_2008_Guts_Solutions.pdf
HMMT November 2008 Guts #3,12,HMMT_November_2008_Guts_Solutions.pdf
HMMT November 2008 Guts #4,2,HMMT_November_2008_Guts_Solutions.pdf
HMMT November 2008 Guts #5,-42,HMMT_November_2008_Guts_Solutions.pdf
HMMT November 2008 Guts #6,\frac{2}{5},HMMT_November_2008_Guts_Solutions.pdf
HMMT November 2008 Guts #7,4017,HMMT_November_2008_Guts_Solutions.pdf
HMMT November 2008 Guts #8,\frac{1}{8},HMMT_November_2008_Guts_Solutions.pdf
HMMT November 2008 Guts #9,\frac{5}{7},HMMT_November_2008_Guts_Solutions.pdf
HMMT November 2008 Guts #10,3,HMMT_November_2008_Guts_Solutions.pdf
HMMT November 2008 Guts #11,130,HMMT_November_2008_Guts_Solutions.pdf
HMMT November 2008 Guts #12,-\frac{1}{5},HMMT_November_2008_Guts_Solutions.pdf
HMMT November 2008 Guts #13,4,HMMT_November_2008_Guts_Solutions.pdf
HMMT November 2008 Guts #14,49,HMMT_November_2008_Guts_Solutions.pdf
HMMT November 2008 Guts #15,12,HMMT_November_2008_Guts_Solutions.pdf
HMMT November 2008 Guts #16,4017,HMMT_November_2008_Guts_Solutions.pdf
HMMT November 2008 Guts #17,77,HMMT_November_2008_Guts_Solutions.pdf
HMMT November 2008 Guts #18,64,HMMT_November_2008_Guts_Solutions.pdf
HMMT November 2008 Guts #19,4034072,HMMT_November_2008_Guts_Solutions.pdf
HMMT November 2008 Guts #20,32,HMMT_November_2008_Guts_Solutions.pdf
HMMT November 2008 Guts #21,6,HMMT_November_2008_Guts_Solutions.pdf
HMMT November 2008 Guts #22,\frac{5}{9},HMMT_November_2008_Guts_Solutions.pdf
HMMT November 2008 Guts #23,9,HMMT_November_2008_Guts_Solutions.pdf
HMMT November 2008 Guts #24,-\frac{1}{2007},HMMT_November_2008_Guts_Solutions.pdf
HMMT November 2008 Guts #25,-1,HMMT_November_2008_Guts_Solutions.pdf
HMMT November 2008 Guts #26,36,HMMT_November_2008_Guts_Solutions.pdf
HMMT November 2008 Guts #27,\frac{\pi}{5},HMMT_November_2008_Guts_Solutions.pdf
HMMT November 2008 Guts #28,3781,HMMT_November_2008_Guts_Solutions.pdf
HMMT November 2008 Guts #29,-24,HMMT_November_2008_Guts_Solutions.pdf
HMMT November 2008 Guts #30,\frac{1}{6},HMMT_November_2008_Guts_Solutions.pdf
HMMT November 2008 Guts #31,8,HMMT_November_2008_Guts_Solutions.pdf
HMMT November 2008 Guts #32,2,HMMT_November_2008_Guts_Solutions.pdf
HMMT November 2008 Guts #33,5,HMMT_November_2008_Guts_Solutions.pdf
HMMT November 2008 Guts #35,5.85086,HMMT_November_2008_Guts_Solutions.pdf
HMMT November 2008 Guts #36,209867,HMMT_November_2008_Guts_Solutions.pdf
HMMT November 2008 Team #1a,\frac{1}{2} + \frac{1}{3} + \frac{1}{6},HMMT_November_2008_Team_Solutions.pdf
HMMT November 2008 Team #1b,\frac{1}{8} + \frac{1}{12} + \frac{1}{24},HMMT_November_2008_Team_Solutions.pdf
HMMT November 2008 Team #1c,\frac{1}{5} + \frac{1}{10} + \frac{1}{15} + \frac{1}{30},HMMT_November_2008_Team_Solutions.pdf
HMMT November 2008 Team #2,\frac{1}{2n} + \frac{1}{3n} + \frac{1}{6n},HMMT_November_2008_Team_Solutions.pdf
HMMT November 2008 Team #3a,\frac{1}{2} + \frac{1}{3} + \frac{1}{7} + \frac{1}{42},HMMT_November_2008_Team_Solutions.pdf
HMMT November 2008 Team #3b,\frac{1}{2} + \frac{1}{3} + \frac{1}{7} + \frac{1}{43} + \frac{1}{43 \cdot 42},HMMT_November_2008_Team_Solutions.pdf
HMMT November 2008 Team #2 (Juicy Numbers),12 \text{ and } 15,HMMT_November_2008_Team_Solutions.pdf
HMMT November 2009 Guts #1,\frac{2009}{8037},HMMT_November_2009_Guts_Solutions.pdf
HMMT November 2009 Guts #2,32,HMMT_November_2009_Guts_Solutions.pdf
HMMT November 2009 Guts #3,2 - \frac{\pi}{2},HMMT_November_2009_Guts_Solutions.pdf
HMMT November 2009 Guts #4,576,HMMT_November_2009_Guts_Solutions.pdf
HMMT November 2009 Guts #5,\frac{4}{9},HMMT_November_2009_Guts_Solutions.pdf
HMMT November 2009 Guts #6,76,HMMT_November_2009_Guts_Solutions.pdf
HMMT November 2009 Guts #7,65536,HMMT_November_2009_Guts_Solutions.pdf
HMMT November 2009 Guts #8,27,HMMT_November_2009_Guts_Solutions.pdf
HMMT November 2009 Guts #9,799,HMMT_November_2009_Guts_Solutions.pdf
HMMT November 2009 Guts #10,26,HMMT_November_2009_Guts_Solutions.pdf
HMMT November 2009 Guts #11,\frac{\pi}{4},HMMT_November_2009_Guts_Solutions.pdf
HMMT November 2009 Guts #12,\frac{1}{2},HMMT_November_2009_Guts_Solutions.pdf
HMMT November 2009 Guts #13,105,HMMT_November_2009_Guts_Solutions.pdf
HMMT November 2009 Guts #14,528,HMMT_November_2009_Guts_Solutions.pdf
HMMT November 2009 Guts #15,26,HMMT_November_2009_Guts_Solutions.pdf
HMMT November 2009 Guts #16,\frac{4}{5},HMMT_November_2009_Guts_Solutions.pdf
HMMT November 2009 Guts #17,-6,HMMT_November_2009_Guts_Solutions.pdf
HMMT November 2009 Guts #18,8,HMMT_November_2009_Guts_Solutions.pdf
HMMT November 2009 Guts #19,14400,HMMT_November_2009_Guts_Solutions.pdf
HMMT November 2009 Guts #20,\frac{3+\sqrt{3}}{2},HMMT_November_2009_Guts_Solutions.pdf
HMMT November 2009 Guts #21,2^{2009},HMMT_November_2009_Guts_Solutions.pdf
HMMT November 2009 Guts #22,8,HMMT_November_2009_Guts_Solutions.pdf
HMMT November 2009 Guts #23,\frac{105}{212},HMMT_November_2009_Guts_Solutions.pdf
HMMT November 2009 Guts #24,\frac{1}{2},HMMT_November_2009_Guts_Solutions.pdf
HMMT November 2009 Guts #25,"-1, i, -i",HMMT_November_2009_Guts_Solutions.pdf
HMMT November 2009 Guts #26,49! \cdot 2^{49},HMMT_November_2009_Guts_Solutions.pdf
HMMT November 2009 Guts #27,\frac{125}{27},HMMT_November_2009_Guts_Solutions.pdf
HMMT November 2009 Guts #28,288000,HMMT_November_2009_Guts_Solutions.pdf
HMMT November 2009 Guts #29,32,HMMT_November_2009_Guts_Solutions.pdf
HMMT November 2009 Guts #30,\frac{2}{5},HMMT_November_2009_Guts_Solutions.pdf
HMMT November 2009 Guts #31,252,HMMT_November_2009_Guts_Solutions.pdf
HMMT November 2009 Guts #32,14 + \sqrt{97},HMMT_November_2009_Guts_Solutions.pdf
HMMT November 2009 Guts #33,\frac{2009}{2008},HMMT_November_2009_Guts_Solutions.pdf
HMMT November 2009 Guts #34,422000,HMMT_November_2009_Guts_Solutions.pdf
HMMT November 2009 Guts #35,4423,HMMT_November_2009_Guts_Solutions.pdf
HMMT November 2009 Team #1,\frac{10}{3},HMMT_November_2009_Team_Solutions.pdf
HMMT November 2009 Team #3,\frac{180\pi}{13},HMMT_November_2009_Team_Solutions.pdf
HMMT November 2009 Team #4,2,HMMT_November_2009_Team_Solutions.pdf
HMMT November 2009 Team #5,5,HMMT_November_2009_Team_Solutions.pdf
HMMT November 2009 Team #6,2,HMMT_November_2009_Team_Solutions.pdf
HMMT November 2009 Team #7,7,HMMT_November_2009_Team_Solutions.pdf
HMMT November 2009 Team #8,502,HMMT_November_2009_Team_Solutions.pdf
HMMT November 2009 Team #9,20,HMMT_November_2009_Team_Solutions.pdf
HMMT November 2009 Team #10,5460,HMMT_November_2009_Team_Solutions.pdf
HMMT November 2009 Team #11,\frac{d(d^r - 1)}{d - 1},HMMT_November_2009_Team_Solutions.pdf
HMMT November 2010 Guts #1,\frac{2}{3},HMMT_November_2010_Guts_Solutions.pdf
HMMT November 2010 Guts #2,132,HMMT_November_2010_Guts_Solutions.pdf
HMMT November 2010 Guts #3,\frac{4}{5},HMMT_November_2010_Guts_Solutions.pdf
HMMT November 2010 Guts #4,\sqrt[4]{2},HMMT_November_2010_Guts_Solutions.pdf
HMMT November 2010 Guts #5,72°,HMMT_November_2010_Guts_Solutions.pdf
HMMT November 2010 Guts #6,3240,HMMT_November_2010_Guts_Solutions.pdf
HMMT November 2010 Guts #7,-18,HMMT_November_2010_Guts_Solutions.pdf
HMMT November 2010 Guts #8,10745,HMMT_November_2010_Guts_Solutions.pdf
HMMT November 2010 Guts #9,100000,HMMT_November_2010_Guts_Solutions.pdf
HMMT November 2010 Guts #10,153,HMMT_November_2010_Guts_Solutions.pdf
HMMT November 2010 Guts #11,3357,HMMT_November_2010_Guts_Solutions.pdf
HMMT November 2010 Guts #12,84,HMMT_November_2010_Guts_Solutions.pdf
HMMT November 2010 Guts #13,28,HMMT_November_2010_Guts_Solutions.pdf
HMMT November 2010 Guts #14,\frac{108}{665},HMMT_November_2010_Guts_Solutions.pdf
HMMT November 2010 Guts #15,\frac{91\sqrt{3}}{4},HMMT_November_2010_Guts_Solutions.pdf
HMMT November 2010 Guts #16,14,HMMT_November_2010_Guts_Solutions.pdf
HMMT November 2010 Guts #17,\frac{49}{18}\pi,HMMT_November_2010_Guts_Solutions.pdf
HMMT November 2010 Guts #18,\frac{55}{2},HMMT_November_2010_Guts_Solutions.pdf
HMMT November 2010 Guts #19,21,HMMT_November_2010_Guts_Solutions.pdf
HMMT November 2010 Guts #20,72576000,HMMT_November_2010_Guts_Solutions.pdf
HMMT November 2010 Guts #21,\frac{5}{27},HMMT_November_2010_Guts_Solutions.pdf
HMMT November 2010 Guts #22,5,HMMT_November_2010_Guts_Solutions.pdf
HMMT November 2010 Guts #23,36 \cdot 2^{2009} + 36,HMMT_November_2010_Guts_Solutions.pdf
HMMT November 2010 Guts #24,-\frac{3}{91},HMMT_November_2010_Guts_Solutions.pdf
HMMT November 2010 Guts #25,\frac{396}{65},HMMT_November_2010_Guts_Solutions.pdf
HMMT November 2010 Guts #26,-60,HMMT_November_2010_Guts_Solutions.pdf
HMMT November 2010 Guts #27,5 \cdot 2^{2010},HMMT_November_2010_Guts_Solutions.pdf
HMMT November 2010 Guts #28,25272,HMMT_November_2010_Guts_Solutions.pdf
HMMT November 2010 Guts #29,503,HMMT_November_2010_Guts_Solutions.pdf
HMMT November 2010 Guts #30,109368,HMMT_November_2010_Guts_Solutions.pdf
HMMT November 2010 Guts #31,\frac{9\sqrt{21}}{7} + 3,HMMT_November_2010_Guts_Solutions.pdf
HMMT November 2010 Guts #32,924,HMMT_November_2010_Guts_Solutions.pdf
HMMT November 2010 Guts #33,5,HMMT_November_2010_Guts_Solutions.pdf
HMMT November 2010 Guts #34,37550402023,HMMT_November_2010_Guts_Solutions.pdf
HMMT November 2010 Guts #35,82310,HMMT_November_2010_Guts_Solutions.pdf
HMMT November 2010 Guts #36,4.65,HMMT_November_2010_Guts_Solutions.pdf
HMMT November 2010 Team #1,\frac{7}{27},HMMT_November_2010_Team_Solutions.pdf
HMMT November 2010 Team #2,\frac{1}{4} + \frac{3}{4}\left(\frac{1}{9}\right)^k,HMMT_November_2010_Team_Solutions.pdf
HMMT November 2010 Team #3,\frac{11}{16},HMMT_November_2010_Team_Solutions.pdf
HMMT November 2010 Team #4,\frac{1}{6} + \frac{1}{3(-2)^k},HMMT_November_2010_Team_Solutions.pdf
HMMT November 2010 Team #5,2,HMMT_November_2010_Team_Solutions.pdf
HMMT November 2010 Team #6,\frac{3}{5},HMMT_November_2010_Team_Solutions.pdf
HMMT November 2010 Team #7,\frac{\sqrt{3}+1}{2},HMMT_November_2010_Team_Solutions.pdf
HMMT November 2010 Team #8,\frac{1}{36},HMMT_November_2010_Team_Solutions.pdf
HMMT November 2010 Team #9,\frac{1}{216},HMMT_November_2010_Team_Solutions.pdf
HMMT November 2010 Team #10,\frac{1}{6^n},HMMT_November_2010_Team_Solutions.pdf
HMMT November 2011 General #1,"(1, 3),(3,\frac{1}{3})",HMMT_November_2011_General_Solutions.pdf
HMMT November 2011 General #2,61^{\circ},HMMT_November_2011_General_Solutions.pdf
HMMT November 2011 General #3,6,HMMT_November_2011_General_Solutions.pdf
HMMT November 2011 General #4,1,HMMT_November_2011_General_Solutions.pdf
HMMT November 2011 General #5,\frac{257}{16},HMMT_November_2011_General_Solutions.pdf
HMMT November 2011 General #6,14,HMMT_November_2011_General_Solutions.pdf
HMMT November 2011 General #7,4,HMMT_November_2011_General_Solutions.pdf
HMMT November 2011 General #8,99,HMMT_November_2011_General_Solutions.pdf
HMMT November 2011 General #9,\frac{8}{9},HMMT_November_2011_General_Solutions.pdf
HMMT November 2011 General #10,117649,HMMT_November_2011_General_Solutions.pdf
HMMT November 2011 Guts #1,1009,HMMT_November_2011_Guts_Solutions.pdf
HMMT November 2011 Guts #2,1,HMMT_November_2011_Guts_Solutions.pdf
HMMT November 2011 Guts #3,11664,HMMT_November_2011_Guts_Solutions.pdf
HMMT November 2011 Guts #4,54\sqrt{3},HMMT_November_2011_Guts_Solutions.pdf
HMMT November 2011 Guts #5,\frac{39}{2},HMMT_November_2011_Guts_Solutions.pdf
HMMT November 2011 Guts #6,144,HMMT_November_2011_Guts_Solutions.pdf
HMMT November 2011 Guts #7,16,HMMT_November_2011_Guts_Solutions.pdf
HMMT November 2011 Guts #8,\frac{2}{3},HMMT_November_2011_Guts_Solutions.pdf
HMMT November 2011 Guts #9,\frac{3\sqrt{3}-\pi}{3},HMMT_November_2011_Guts_Solutions.pdf
HMMT November 2011 Guts #10,32,HMMT_November_2011_Guts_Solutions.pdf
HMMT November 2011 Guts #11,325,HMMT_November_2011_Guts_Solutions.pdf
HMMT November 2011 Guts #12,25,HMMT_November_2011_Guts_Solutions.pdf
HMMT November 2011 Guts #13,\frac{1}{1296},HMMT_November_2011_Guts_Solutions.pdf
HMMT November 2011 Guts #14,\sqrt{77},HMMT_November_2011_Guts_Solutions.pdf
HMMT November 2011 Guts #15,12,HMMT_November_2011_Guts_Solutions.pdf
HMMT November 2011 Guts #16,256,HMMT_November_2011_Guts_Solutions.pdf
HMMT November 2011 Guts #17,27,HMMT_November_2011_Guts_Solutions.pdf
HMMT November 2011 Guts #18,\frac{\sqrt{2}}{24},HMMT_November_2011_Guts_Solutions.pdf
HMMT November 2011 Guts #19,\frac{7-\sqrt{41}}{2},HMMT_November_2011_Guts_Solutions.pdf
HMMT November 2011 Guts #20,\frac{4}{5},HMMT_November_2011_Guts_Solutions.pdf
HMMT November 2011 Guts #21,x^4 - 2x^3 - 13x^2 + 14x + 24,HMMT_November_2011_Guts_Solutions.pdf
HMMT November 2011 Guts #22,\frac{14}{13},HMMT_November_2011_Guts_Solutions.pdf
HMMT November 2011 Guts #23,"(0, 5, 5), (4, 5, 1), (6, 4, 9)",HMMT_November_2011_Guts_Solutions.pdf
HMMT November 2011 Guts #24,825957,HMMT_November_2011_Guts_Solutions.pdf
HMMT November 2011 Guts #25,\frac{1}{5},HMMT_November_2011_Guts_Solutions.pdf
HMMT November 2011 Guts #26,4,HMMT_November_2011_Guts_Solutions.pdf
HMMT November 2011 Guts #27,2,HMMT_November_2011_Guts_Solutions.pdf
HMMT November 2011 Guts #28,\frac{2009(2^{2010})+1}{2011!},HMMT_November_2011_Guts_Solutions.pdf
HMMT November 2011 Guts #29,\frac{9}{41},HMMT_November_2011_Guts_Solutions.pdf
HMMT November 2011 Guts #30,38,HMMT_November_2011_Guts_Solutions.pdf
HMMT November 2011 Guts #31,25636,HMMT_November_2011_Guts_Solutions.pdf
HMMT November 2011 Guts #32,"\frac{1}{2}, \frac{-1\pm\sqrt{13}}{4}",HMMT_November_2011_Guts_Solutions.pdf
HMMT November 2011 Guts #33,\frac{40}{9},HMMT_November_2011_Guts_Solutions.pdf
HMMT November 2011 Guts #34,365851,HMMT_November_2011_Guts_Solutions.pdf
HMMT November 2011 Guts #35,.82721,HMMT_November_2011_Guts_Solutions.pdf
HMMT November 2011 Guts #36,IAJCBMHODEFLNGK,HMMT_November_2011_Guts_Solutions.pdf
HMMT November 2011 Team #1,0,HMMT_November_2011_Team_Solutions.pdf
HMMT November 2011 Team #2,p > 1 \text{ and } p < -3,HMMT_November_2011_Team_Solutions.pdf
HMMT November 2011 Team #3,-3193,HMMT_November_2011_Team_Solutions.pdf
HMMT November 2011 Team #4,31,HMMT_November_2011_Team_Solutions.pdf
HMMT November 2011 Team #5,1296,HMMT_November_2011_Team_Solutions.pdf
HMMT November 2011 Team #6,36,HMMT_November_2011_Team_Solutions.pdf
HMMT November 2011 Team #7,222480,HMMT_November_2011_Team_Solutions.pdf
HMMT November 2011 Team #8,12°,HMMT_November_2011_Team_Solutions.pdf
HMMT November 2011 Team #9,\frac{48}{17},HMMT_November_2011_Team_Solutions.pdf
HMMT November 2011 Team #10,\frac{169}{23},HMMT_November_2011_Team_Solutions.pdf
HMMT November 2011 Theme #1,5,HMMT_November_2011_Theme_Solutions.pdf
HMMT November 2011 Theme #2,20,HMMT_November_2011_Theme_Solutions.pdf
HMMT November 2011 Theme #3,\frac{5}{6},HMMT_November_2011_Theme_Solutions.pdf
HMMT November 2011 Theme #4,450,HMMT_November_2011_Theme_Solutions.pdf
HMMT November 2011 Theme #5,8287,HMMT_November_2011_Theme_Solutions.pdf
HMMT November 2011 Theme #6,\frac{3\sqrt{3}-3}{2},HMMT_November_2011_Theme_Solutions.pdf
HMMT November 2011 Theme #7,10°,HMMT_November_2011_Theme_Solutions.pdf
HMMT November 2011 Theme #8,12\pi,HMMT_November_2011_Theme_Solutions.pdf
HMMT November 2011 Theme #9,\frac{25}{4},HMMT_November_2011_Theme_Solutions.pdf
HMMT November 2011 Theme #10,164 + 64\pi,HMMT_November_2011_Theme_Solutions.pdf
HMMT November 2012 General #1,28,HMMT_November_2012_General_Solutions.pdf
HMMT November 2012 General #2,2,HMMT_November_2012_General_Solutions.pdf
HMMT November 2012 General #3,27,HMMT_November_2012_General_Solutions.pdf
HMMT November 2012 General #4,\frac{7}{72},HMMT_November_2012_General_Solutions.pdf
HMMT November 2012 General #5,2400,HMMT_November_2012_General_Solutions.pdf
HMMT November 2012 General #6,\frac{39}{67},HMMT_November_2012_General_Solutions.pdf
HMMT November 2012 General #7,2012^{2011},HMMT_November_2012_General_Solutions.pdf
HMMT November 2012 General #8,314,HMMT_November_2012_General_Solutions.pdf
HMMT November 2012 General #9,\frac{\sqrt{145}}{9},HMMT_November_2012_General_Solutions.pdf
HMMT November 2012 General #10,100,HMMT_November_2012_General_Solutions.pdf
HMMT November 2012 Guts #1,10,HMMT_November_2012_Guts_Solutions.pdf
HMMT November 2012 Guts #2,180,HMMT_November_2012_Guts_Solutions.pdf
HMMT November 2012 Guts #3,199\pi,HMMT_November_2012_Guts_Solutions.pdf
HMMT November 2012 Guts #4,10,HMMT_November_2012_Guts_Solutions.pdf
HMMT November 2012 Guts #5,\frac{20}{3},HMMT_November_2012_Guts_Solutions.pdf
HMMT November 2012 Guts #6,25502400,HMMT_November_2012_Guts_Solutions.pdf
HMMT November 2012 Guts #7,335,HMMT_November_2012_Guts_Solutions.pdf
HMMT November 2012 Guts #8,\frac{169}{425},HMMT_November_2012_Guts_Solutions.pdf
HMMT November 2012 Guts #9,4,HMMT_November_2012_Guts_Solutions.pdf
HMMT November 2012 Guts #10,1006,HMMT_November_2012_Guts_Solutions.pdf
HMMT November 2012 Guts #11,45,HMMT_November_2012_Guts_Solutions.pdf
HMMT November 2012 Guts #12,\frac{2\pi-\sqrt{3}}{2},HMMT_November_2012_Guts_Solutions.pdf
HMMT November 2012 Guts #13,6\sqrt{3},HMMT_November_2012_Guts_Solutions.pdf
HMMT November 2012 Guts #14,32,HMMT_November_2012_Guts_Solutions.pdf
HMMT November 2012 Guts #15,49\pi,HMMT_November_2012_Guts_Solutions.pdf
HMMT November 2012 Guts #16,11,HMMT_November_2012_Guts_Solutions.pdf
HMMT November 2012 Guts #17,"\left(\frac{5}{4}, \frac{1}{2}, \frac{1}{4}\right)",HMMT_November_2012_Guts_Solutions.pdf
HMMT November 2012 Guts #18,1 + \frac{\sqrt{3}}{3},HMMT_November_2012_Guts_Solutions.pdf
HMMT November 2012 Guts #19,21,HMMT_November_2012_Guts_Solutions.pdf
HMMT November 2012 Guts #20,\frac{81^{10}}{82^{10}},HMMT_November_2012_Guts_Solutions.pdf
HMMT November 2012 Guts #21,\frac{80\sqrt{3}}{9},HMMT_November_2012_Guts_Solutions.pdf
HMMT November 2012 Guts #22,\frac{1}{2},HMMT_November_2012_Guts_Solutions.pdf
HMMT November 2012 Guts #23,\frac{32}{11},HMMT_November_2012_Guts_Solutions.pdf
HMMT November 2012 Guts #24,105,HMMT_November_2012_Guts_Solutions.pdf
HMMT November 2012 Guts #25,\frac{83}{80},HMMT_November_2012_Guts_Solutions.pdf
HMMT November 2012 Guts #26,2^{2013} - 6036,HMMT_November_2012_Guts_Solutions.pdf
HMMT November 2012 Guts #27,1755,HMMT_November_2012_Guts_Solutions.pdf
HMMT November 2012 Guts #28,"\left(0, \frac{1+\sqrt{2}}{2}\right]",HMMT_November_2012_Guts_Solutions.pdf
HMMT November 2012 Guts #29,-\frac{25+5\sqrt{17}}{8},HMMT_November_2012_Guts_Solutions.pdf
HMMT November 2012 Guts #30,\frac{3}{7},HMMT_November_2012_Guts_Solutions.pdf
HMMT November 2012 Guts #31,\frac{3\sqrt{3}}{20},HMMT_November_2012_Guts_Solutions.pdf
HMMT November 2012 Guts #32,2530,HMMT_November_2012_Guts_Solutions.pdf
HMMT November 2012 Guts #33,\tan^{-1}\left(\frac{1009}{1005}\right),HMMT_November_2012_Guts_Solutions.pdf
HMMT November 2012 Guts #34,15612,HMMT_November_2012_Guts_Solutions.pdf
HMMT November 2012 Guts #35,3.1415875473,HMMT_November_2012_Guts_Solutions.pdf
HMMT November 2012 Guts #36,x,HMMT_November_2012_Guts_Solutions.pdf
HMMT November 2012 Team #1,6,HMMT_November_2012_Team_Solutions.pdf
HMMT November 2012 Team #2,800,HMMT_November_2012_Team_Solutions.pdf
HMMT November 2012 Team #3,1536,HMMT_November_2012_Team_Solutions.pdf
HMMT November 2012 Team #4,1,HMMT_November_2012_Team_Solutions.pdf
HMMT November 2012 Team #5,\frac{1}{1006},HMMT_November_2012_Team_Solutions.pdf
HMMT November 2012 Team #6,1006,HMMT_November_2012_Team_Solutions.pdf
HMMT November 2012 Team #7,\frac{4850}{3},HMMT_November_2012_Team_Solutions.pdf
HMMT November 2012 Team #8,\frac{63}{4},HMMT_November_2012_Team_Solutions.pdf
HMMT November 2012 Team #9,86°,HMMT_November_2012_Team_Solutions.pdf
HMMT November 2012 Team #10,\frac{80}{3},HMMT_November_2012_Team_Solutions.pdf
HMMT November 2012 Theme #1,4,HMMT_November_2012_Theme_Solutions.pdf
HMMT November 2012 Theme #2,20122012,HMMT_November_2012_Theme_Solutions.pdf
HMMT November 2012 Theme #3,6,HMMT_November_2012_Theme_Solutions.pdf
HMMT November 2012 Theme #4,-2,HMMT_November_2012_Theme_Solutions.pdf
HMMT November 2012 Theme #5,4,HMMT_November_2012_Theme_Solutions.pdf
HMMT November 2012 Theme #6,\frac{5}{2},HMMT_November_2012_Theme_Solutions.pdf
HMMT November 2012 Theme #7,\frac{163}{256},HMMT_November_2012_Theme_Solutions.pdf
HMMT November 2012 Theme #8,\frac{12}{25},HMMT_November_2012_Theme_Solutions.pdf
HMMT November 2012 Theme #9,49,HMMT_November_2012_Theme_Solutions.pdf
HMMT November 2012 Theme #10,\frac{45}{14},HMMT_November_2012_Theme_Solutions.pdf
HMMT November 2013 General #1,24,HMMT_November_2013_General_Solutions.pdf
HMMT November 2013 General #2,\frac{\pi}{4},HMMT_November_2013_General_Solutions.pdf
HMMT November 2013 General #3,1164,HMMT_November_2013_General_Solutions.pdf
HMMT November 2013 General #4,\frac{73}{1225},HMMT_November_2013_General_Solutions.pdf
HMMT November 2013 General #5,\sqrt{2},HMMT_November_2013_General_Solutions.pdf
HMMT November 2013 General #6,66,HMMT_November_2013_General_Solutions.pdf
HMMT November 2013 General #7,\frac{3}{2},HMMT_November_2013_General_Solutions.pdf
HMMT November 2013 General #8,105,HMMT_November_2013_General_Solutions.pdf
HMMT November 2013 General #9,\frac{\sqrt{6}}{2},HMMT_November_2013_General_Solutions.pdf
HMMT November 2013 General #10,\binom{4025}{2013},HMMT_November_2013_General_Solutions.pdf
HMMT November 2013 Guts #1,1751,HMMT_November_2013_Guts_Solutions.pdf
HMMT November 2013 Guts #2,\frac{1}{6},HMMT_November_2013_Guts_Solutions.pdf
HMMT November 2013 Guts #3,4\sqrt{2},HMMT_November_2013_Guts_Solutions.pdf
HMMT November 2013 Guts #4,0,HMMT_November_2013_Guts_Solutions.pdf
HMMT November 2013 Guts #5,40,HMMT_November_2013_Guts_Solutions.pdf
HMMT November 2013 Guts #6,5 + 3\sqrt{5},HMMT_November_2013_Guts_Solutions.pdf
HMMT November 2013 Guts #7,61,HMMT_November_2013_Guts_Solutions.pdf
HMMT November 2013 Guts #8,\frac{2013}{2014},HMMT_November_2013_Guts_Solutions.pdf
HMMT November 2013 Guts #9,650,HMMT_November_2013_Guts_Solutions.pdf
HMMT November 2013 Guts #10,9,HMMT_November_2013_Guts_Solutions.pdf
HMMT November 2013 Guts #11,60,HMMT_November_2013_Guts_Solutions.pdf
HMMT November 2013 Guts #12,"(30, 92)",HMMT_November_2013_Guts_Solutions.pdf
HMMT November 2013 Guts #13,5^{2013},HMMT_November_2013_Guts_Solutions.pdf
HMMT November 2013 Guts #14,"(12, 13, 57)",HMMT_November_2013_Guts_Solutions.pdf
HMMT November 2013 Guts #15,"70, 110",HMMT_November_2013_Guts_Solutions.pdf
HMMT November 2013 Guts #16,\frac{\sqrt{29}}{3\sqrt{5}},HMMT_November_2013_Guts_Solutions.pdf
HMMT November 2013 Guts #17,\frac{5}{2},HMMT_November_2013_Guts_Solutions.pdf
HMMT November 2013 Guts #18,103,HMMT_November_2013_Guts_Solutions.pdf
HMMT November 2013 Guts #19,54,HMMT_November_2013_Guts_Solutions.pdf
HMMT November 2013 Guts #20,75,HMMT_November_2013_Guts_Solutions.pdf
HMMT November 2013 Guts #21,8r^2,HMMT_November_2013_Guts_Solutions.pdf
HMMT November 2013 Guts #22,77,HMMT_November_2013_Guts_Solutions.pdf
HMMT November 2013 Guts #23,"(991, 997, 1009)",HMMT_November_2013_Guts_Solutions.pdf
HMMT November 2013 Guts #24,34,HMMT_November_2013_Guts_Solutions.pdf
HMMT November 2013 Guts #25,\frac{5}{3},HMMT_November_2013_Guts_Solutions.pdf
HMMT November 2013 Guts #26,\frac{27}{40},HMMT_November_2013_Guts_Solutions.pdf
HMMT November 2013 Guts #27,"(4, 4, 4), (-4, -4, -4)",HMMT_November_2013_Guts_Solutions.pdf
HMMT November 2013 Guts #28,\frac{5}{7},HMMT_November_2013_Guts_Solutions.pdf
HMMT November 2013 Guts #29,1,HMMT_November_2013_Guts_Solutions.pdf
HMMT November 2013 Guts #30,29800,HMMT_November_2013_Guts_Solutions.pdf
HMMT November 2013 Guts #31,26 + 6\sqrt{17},HMMT_November_2013_Guts_Solutions.pdf
HMMT November 2013 Guts #32,1 - \frac{\pi^2}{24},HMMT_November_2013_Guts_Solutions.pdf
HMMT November 2013 Guts #33,\frac{96\sqrt{3} - 154}{\sqrt{3}},HMMT_November_2013_Guts_Solutions.pdf
HMMT November 2013 Guts #34,168089,HMMT_November_2013_Guts_Solutions.pdf
HMMT November 2013 Guts #35,14007,HMMT_November_2013_Guts_Solutions.pdf
HMMT November 2013 Guts #36,"F, G, A, D, E, B, C",HMMT_November_2013_Guts_Solutions.pdf
HMMT November 2013 Team #1,7,HMMT_November_2013_Team_Solutions.pdf
HMMT November 2013 Team #2,\frac{197}{60},HMMT_November_2013_Team_Solutions.pdf
HMMT November 2013 Team #3,143745,HMMT_November_2013_Team_Solutions.pdf
HMMT November 2013 Team #4,\frac{\sqrt{210}}{4},HMMT_November_2013_Team_Solutions.pdf
HMMT November 2013 Team #5,\frac{16}{5},HMMT_November_2013_Team_Solutions.pdf
HMMT November 2013 Team #6,\frac{24}{5},HMMT_November_2013_Team_Solutions.pdf
HMMT November 2013 Team #7,\frac{4\sqrt{5}}{5},HMMT_November_2013_Team_Solutions.pdf
HMMT November 2013 Team #8,9,HMMT_November_2013_Team_Solutions.pdf
HMMT November 2013 Team #9,2416,HMMT_November_2013_Team_Solutions.pdf
HMMT November 2013 Team #10,\frac{12\pi}{727},HMMT_November_2013_Team_Solutions.pdf
HMMT November 2013 Theme #1,\frac{8}{3},HMMT_November_2013_Theme_Solutions.pdf
HMMT November 2013 Theme #2,5050,HMMT_November_2013_Theme_Solutions.pdf
HMMT November 2013 Theme #3,\frac{47}{24},HMMT_November_2013_Theme_Solutions.pdf
HMMT November 2013 Theme #4,\frac{2}{3} + \frac{1}{3}\left(\frac{1}{4}\right)^{2013},HMMT_November_2013_Theme_Solutions.pdf
HMMT November 2013 Theme #5,69,HMMT_November_2013_Theme_Solutions.pdf
HMMT November 2013 Theme #6,2017,HMMT_November_2013_Theme_Solutions.pdf
HMMT November 2013 Theme #7,200203,HMMT_November_2013_Theme_Solutions.pdf
HMMT November 2013 Theme #8,12345,HMMT_November_2013_Theme_Solutions.pdf
HMMT November 2013 Theme #9,51,HMMT_November_2013_Theme_Solutions.pdf
HMMT November 2013 Theme #10,1026,HMMT_November_2013_Theme_Solutions.pdf
HMMT November 2014 General #1,51,HMMT_November_2014_General_Solutions.pdf
HMMT November 2014 General #2,\sqrt{3},HMMT_November_2014_General_Solutions.pdf
HMMT November 2014 General #3,15,HMMT_November_2014_General_Solutions.pdf
HMMT November 2014 General #4,\frac{1}{2} + \frac{1}{2014},HMMT_November_2014_General_Solutions.pdf
HMMT November 2014 General #5,33,HMMT_November_2014_General_Solutions.pdf
HMMT November 2014 General #6,\frac{3\sqrt{14}}{5},HMMT_November_2014_General_Solutions.pdf
HMMT November 2014 General #7,780,HMMT_November_2014_General_Solutions.pdf
HMMT November 2014 General #8,-34,HMMT_November_2014_General_Solutions.pdf
HMMT November 2014 General #9,2^{2013}(2^{2014} - 1),HMMT_November_2014_General_Solutions.pdf
HMMT November 2014 General #10,29,HMMT_November_2014_General_Solutions.pdf
HMMT November 2014 Guts #1,20,HMMT_November_2014_Guts_Solutions.pdf
HMMT November 2014 Guts #2,336,HMMT_November_2014_Guts_Solutions.pdf
HMMT November 2014 Guts #3,344.54,HMMT_November_2014_Guts_Solutions.pdf
HMMT November 2014 Guts #4,4,HMMT_November_2014_Guts_Solutions.pdf
HMMT November 2014 Guts #5,-7,HMMT_November_2014_Guts_Solutions.pdf
HMMT November 2014 Guts #6,2,HMMT_November_2014_Guts_Solutions.pdf
HMMT November 2014 Guts #7,\sqrt{38},HMMT_November_2014_Guts_Solutions.pdf
HMMT November 2014 Guts #8,13,HMMT_November_2014_Guts_Solutions.pdf
HMMT November 2014 Guts #9,16k^{4/19},HMMT_November_2014_Guts_Solutions.pdf
HMMT November 2014 Guts #10,16\pi,HMMT_November_2014_Guts_Solutions.pdf
HMMT November 2014 Guts #11,201,HMMT_November_2014_Guts_Solutions.pdf
HMMT November 2014 Guts #12,-100,HMMT_November_2014_Guts_Solutions.pdf
HMMT November 2014 Guts #13,1201,HMMT_November_2014_Guts_Solutions.pdf
HMMT November 2014 Guts #14,35,HMMT_November_2014_Guts_Solutions.pdf
HMMT November 2014 Guts #15,\frac{127}{512},HMMT_November_2014_Guts_Solutions.pdf
HMMT November 2014 Guts #16,\frac{1}{4},HMMT_November_2014_Guts_Solutions.pdf
HMMT November 2014 Guts #17,\frac{75}{8},HMMT_November_2014_Guts_Solutions.pdf
HMMT November 2014 Guts #18,26,HMMT_November_2014_Guts_Solutions.pdf
HMMT November 2014 Guts #19,12,HMMT_November_2014_Guts_Solutions.pdf
HMMT November 2014 Guts #20,1000^{999},HMMT_November_2014_Guts_Solutions.pdf
HMMT November 2014 Guts #21,249750,HMMT_November_2014_Guts_Solutions.pdf
HMMT November 2014 Guts #22,-1,HMMT_November_2014_Guts_Solutions.pdf
HMMT November 2014 Guts #23,44,HMMT_November_2014_Guts_Solutions.pdf
HMMT November 2014 Guts #24,-\frac{5}{13},HMMT_November_2014_Guts_Solutions.pdf
HMMT November 2014 Guts #25,40,HMMT_November_2014_Guts_Solutions.pdf
HMMT November 2014 Guts #26,20,HMMT_November_2014_Guts_Solutions.pdf
HMMT November 2014 Guts #27,\frac{6728}{3375},HMMT_November_2014_Guts_Solutions.pdf
HMMT November 2014 Guts #28,2,HMMT_November_2014_Guts_Solutions.pdf
HMMT November 2014 Guts #29,\pi\left(\frac{3-\sqrt{3}}{3}\right) - 1,HMMT_November_2014_Guts_Solutions.pdf
HMMT November 2014 Guts #30,272,HMMT_November_2014_Guts_Solutions.pdf
HMMT November 2014 Guts #31,26,HMMT_November_2014_Guts_Solutions.pdf
HMMT November 2014 Guts #32,47,HMMT_November_2014_Guts_Solutions.pdf
HMMT November 2014 Guts #33,451584,HMMT_November_2014_Guts_Solutions.pdf
HMMT November 2014 Guts #34,439,HMMT_November_2014_Guts_Solutions.pdf
HMMT November 2014 Guts #35,11716571,HMMT_November_2014_Guts_Solutions.pdf
HMMT November 2014 Guts #36,HMPCVSE,HMMT_November_2014_Guts_Solutions.pdf
HMMT November 2014 Team #1,22,HMMT_November_2014_Team_Solutions.pdf
HMMT November 2014 Team #2,23,HMMT_November_2014_Team_Solutions.pdf
HMMT November 2014 Team #3,7,HMMT_November_2014_Team_Solutions.pdf
HMMT November 2014 Team #4,24,HMMT_November_2014_Team_Solutions.pdf
HMMT November 2014 Team #5,195,HMMT_November_2014_Team_Solutions.pdf
HMMT November 2014 Team #6,144,HMMT_November_2014_Team_Solutions.pdf
HMMT November 2014 Team #7,4,HMMT_November_2014_Team_Solutions.pdf
HMMT November 2014 Team #8,\frac{2\sqrt{3}-1}{3},HMMT_November_2014_Team_Solutions.pdf
HMMT November 2014 Team #9,60,HMMT_November_2014_Team_Solutions.pdf
HMMT November 2014 Team #10,7295,HMMT_November_2014_Team_Solutions.pdf
HMMT November 2014 Theme #1,\frac{1}{3},HMMT_November_2014_Theme_Solutions.pdf
HMMT November 2014 Theme #2,3,HMMT_November_2014_Theme_Solutions.pdf
HMMT November 2014 Theme #3,6,HMMT_November_2014_Theme_Solutions.pdf
HMMT November 2014 Theme #4,\frac{3}{1003},HMMT_November_2014_Theme_Solutions.pdf
HMMT November 2014 Theme #5,\frac{1}{3},HMMT_November_2014_Theme_Solutions.pdf
HMMT November 2014 Theme #6,12,HMMT_November_2014_Theme_Solutions.pdf
HMMT November 2014 Theme #7,140,HMMT_November_2014_Theme_Solutions.pdf
HMMT November 2014 Theme #8,-\frac{1}{2},HMMT_November_2014_Theme_Solutions.pdf
HMMT November 2014 Theme #9,66 - 36\sqrt{3},HMMT_November_2014_Theme_Solutions.pdf
HMMT November 2014 Theme #10,\frac{1}{3},HMMT_November_2014_Theme_Solutions.pdf
HMMT November 2015 General #1,3,HMMT_November_2015_General_Solutions.pdf
HMMT November 2015 General #2,\frac{\pi-2}{4},HMMT_November_2015_General_Solutions.pdf
HMMT November 2015 General #3,13,HMMT_November_2015_General_Solutions.pdf
HMMT November 2015 General #4,130\pi,HMMT_November_2015_General_Solutions.pdf
HMMT November 2015 General #5,672,HMMT_November_2015_General_Solutions.pdf
HMMT November 2015 General #6,-35,HMMT_November_2015_General_Solutions.pdf
HMMT November 2015 General #7,252,HMMT_November_2015_General_Solutions.pdf
HMMT November 2015 General #8,\frac{35}{36},HMMT_November_2015_General_Solutions.pdf
HMMT November 2015 General #9,\frac{1}{2015},HMMT_November_2015_General_Solutions.pdf
HMMT November 2015 General #10,43,HMMT_November_2015_General_Solutions.pdf
HMMT November 2015 Guts #1,2014,HMMT_November_2015_Guts_Solutions.pdf
HMMT November 2015 Guts #2,\frac{1+\sqrt{5}}{2},HMMT_November_2015_Guts_Solutions.pdf
HMMT November 2015 Guts #3,1,HMMT_November_2015_Guts_Solutions.pdf
HMMT November 2015 Guts #4,60\%,HMMT_November_2015_Guts_Solutions.pdf
HMMT November 2015 Guts #5,"-20, 28, 38",HMMT_November_2015_Guts_Solutions.pdf
HMMT November 2015 Guts #6,\frac{1}{3},HMMT_November_2015_Guts_Solutions.pdf
HMMT November 2015 Guts #7,116,HMMT_November_2015_Guts_Solutions.pdf
HMMT November 2015 Guts #8,8060,HMMT_November_2015_Guts_Solutions.pdf
HMMT November 2015 Guts #9,3,HMMT_November_2015_Guts_Solutions.pdf
HMMT November 2015 Guts #10,2160,HMMT_November_2015_Guts_Solutions.pdf
HMMT November 2015 Guts #11,"\pm 1, \pm 2",HMMT_November_2015_Guts_Solutions.pdf
HMMT November 2015 Guts #12,2\sqrt{2},HMMT_November_2015_Guts_Solutions.pdf
HMMT November 2015 Guts #13,4,HMMT_November_2015_Guts_Solutions.pdf
HMMT November 2015 Guts #14,50,HMMT_November_2015_Guts_Solutions.pdf
HMMT November 2015 Guts #15,7,HMMT_November_2015_Guts_Solutions.pdf
HMMT November 2015 Guts #16,4061,HMMT_November_2015_Guts_Solutions.pdf
HMMT November 2015 Guts #17,\frac{2-\sqrt{3}}{4},HMMT_November_2015_Guts_Solutions.pdf
HMMT November 2015 Guts #18,101,HMMT_November_2015_Guts_Solutions.pdf
HMMT November 2015 Guts #19,634,HMMT_November_2015_Guts_Solutions.pdf
HMMT November 2015 Guts #20,5994,HMMT_November_2015_Guts_Solutions.pdf
HMMT November 2015 Guts #21,2530,HMMT_November_2015_Guts_Solutions.pdf
HMMT November 2015 Guts #22,"1, \frac{3+\sqrt{3}i}{2}, \frac{1-\sqrt{3}i}{2}, \frac{3-\sqrt{3}i}{2}, \frac{1+\sqrt{3}i}{2}",HMMT_November_2015_Guts_Solutions.pdf
HMMT November 2015 Guts #23,4097,HMMT_November_2015_Guts_Solutions.pdf
HMMT November 2015 Guts #24,\frac{1}{16},HMMT_November_2015_Guts_Solutions.pdf
HMMT November 2015 Guts #25,\frac{4225}{64}\pi,HMMT_November_2015_Guts_Solutions.pdf
HMMT November 2015 Guts #26,\log_2 2015 - 1,HMMT_November_2015_Guts_Solutions.pdf
HMMT November 2015 Guts #27,16\sqrt{17} + 8\sqrt{5},HMMT_November_2015_Guts_Solutions.pdf
HMMT November 2015 Guts #28,\frac{5\sqrt{3}}{3},HMMT_November_2015_Guts_Solutions.pdf
HMMT November 2015 Guts #29,\frac{1}{2},HMMT_November_2015_Guts_Solutions.pdf
HMMT November 2015 Guts #30,7,HMMT_November_2015_Guts_Solutions.pdf
HMMT November 2015 Guts #31,\frac{27}{35},HMMT_November_2015_Guts_Solutions.pdf
HMMT November 2015 Guts #32,2029906,HMMT_November_2015_Guts_Solutions.pdf
HMMT November 2015 Guts #33,6,HMMT_November_2015_Guts_Solutions.pdf
HMMT November 2015 Guts #34,4104,HMMT_November_2015_Guts_Solutions.pdf
HMMT November 2015 Guts #35,2^{2015} + \left\lfloor\frac{3}{2}^{2015}\right\rfloor - 2,HMMT_November_2015_Guts_Solutions.pdf
HMMT November 2015 Guts #36,ACGPRES,HMMT_November_2015_Guts_Solutions.pdf
HMMT November 2015 Team #1,20,HMMT_November_2015_Team_Solutions.pdf
HMMT November 2015 Team #2,7 \text{ yellow coins},HMMT_November_2015_Team_Solutions.pdf
HMMT November 2015 Team #3,\frac{2014}{2015},HMMT_November_2015_Team_Solutions.pdf
HMMT November 2015 Team #4,65536,HMMT_November_2015_Team_Solutions.pdf
HMMT November 2015 Team #5,176,HMMT_November_2015_Team_Solutions.pdf
HMMT November 2015 Team #6,52,HMMT_November_2015_Team_Solutions.pdf
HMMT November 2015 Team #7,49 + 20\sqrt{6},HMMT_November_2015_Team_Solutions.pdf
HMMT November 2015 Team #8,"(a, b, c, d) = (128, 32, 16, 4) \text{ or } (a, b, c, d) = (160, 16, 8, 4)",HMMT_November_2015_Team_Solutions.pdf
HMMT November 2015 Team #9,\frac{507}{16384},HMMT_November_2015_Team_Solutions.pdf
HMMT November 2015 Team #10,25,HMMT_November_2015_Team_Solutions.pdf
HMMT November 2015 Theme #1,3,HMMT_November_2015_Theme_Solutions.pdf
HMMT November 2015 Theme #2,88,HMMT_November_2015_Theme_Solutions.pdf
HMMT November 2015 Theme #3,\frac{5\sqrt{2}-3}{6},HMMT_November_2015_Theme_Solutions.pdf
HMMT November 2015 Theme #4,6,HMMT_November_2015_Theme_Solutions.pdf
HMMT November 2015 Theme #5,12,HMMT_November_2015_Theme_Solutions.pdf
HMMT November 2015 Theme #6,\frac{1}{561},HMMT_November_2015_Theme_Solutions.pdf
HMMT November 2015 Theme #7,1470,HMMT_November_2015_Theme_Solutions.pdf
HMMT November 2015 Theme #8,70,HMMT_November_2015_Theme_Solutions.pdf
HMMT November 2015 Theme #9,0,HMMT_November_2015_Theme_Solutions.pdf
HMMT November 2015 Theme #10,71.8,HMMT_November_2015_Theme_Solutions.pdf
HMMT November 2016 General #1,1,HMMT_November_2016_General_Solutions.pdf
HMMT November 2016 General #2,\frac{1}{63},HMMT_November_2016_General_Solutions.pdf
HMMT November 2016 General #3,260,HMMT_November_2016_General_Solutions.pdf
HMMT November 2016 General #4,9,HMMT_November_2016_General_Solutions.pdf
HMMT November 2016 General #5,\frac{2}{3},HMMT_November_2016_General_Solutions.pdf
HMMT November 2016 General #6,\frac{10}{33},HMMT_November_2016_General_Solutions.pdf
HMMT November 2016 General #7,7,HMMT_November_2016_General_Solutions.pdf
HMMT November 2016 General #8,\frac{2017}{2},HMMT_November_2016_General_Solutions.pdf
HMMT November 2016 General #9,50,HMMT_November_2016_General_Solutions.pdf
HMMT November 2016 General #10,60,HMMT_November_2016_General_Solutions.pdf
HMMT November 2016 Guts #1,\frac{1}{2},HMMT_November_2016_Guts_Solutions.pdf
HMMT November 2016 Guts #2,36,HMMT_November_2016_Guts_Solutions.pdf
HMMT November 2016 Guts #3,\frac{2016}{2017},HMMT_November_2016_Guts_Solutions.pdf
HMMT November 2016 Guts #4,100,HMMT_November_2016_Guts_Solutions.pdf
HMMT November 2016 Guts #5,32,HMMT_November_2016_Guts_Solutions.pdf
HMMT November 2016 Guts #6,\frac{1}{3},HMMT_November_2016_Guts_Solutions.pdf
HMMT November 2016 Guts #7,1,HMMT_November_2016_Guts_Solutions.pdf
HMMT November 2016 Guts #8,\frac{1441}{2016},HMMT_November_2016_Guts_Solutions.pdf
HMMT November 2016 Guts #9,244,HMMT_November_2016_Guts_Solutions.pdf
HMMT November 2016 Guts #10,\frac{10}{19},HMMT_November_2016_Guts_Solutions.pdf
HMMT November 2016 Guts #11,144,HMMT_November_2016_Guts_Solutions.pdf
HMMT November 2016 Guts #12,127,HMMT_November_2016_Guts_Solutions.pdf
HMMT November 2016 Guts #13,20,HMMT_November_2016_Guts_Solutions.pdf
HMMT November 2016 Guts #14,9217,HMMT_November_2016_Guts_Solutions.pdf
HMMT November 2016 Guts #15,\frac{5}{8},HMMT_November_2016_Guts_Solutions.pdf
HMMT November 2016 Guts #16,\frac{54+9\sqrt{3}}{8},HMMT_November_2016_Guts_Solutions.pdf
HMMT November 2016 Guts #17,-1,HMMT_November_2016_Guts_Solutions.pdf
HMMT November 2016 Guts #18,2508,HMMT_November_2016_Guts_Solutions.pdf
HMMT November 2016 Guts #19,\frac{2017}{1008},HMMT_November_2016_Guts_Solutions.pdf
HMMT November 2016 Guts #20,360,HMMT_November_2016_Guts_Solutions.pdf
HMMT November 2016 Guts #21,3^{671} \cdot 4,HMMT_November_2016_Guts_Solutions.pdf
HMMT November 2016 Guts #22,8117,HMMT_November_2016_Guts_Solutions.pdf
HMMT November 2016 Guts #23,\frac{1}{2},HMMT_November_2016_Guts_Solutions.pdf
HMMT November 2016 Guts #24,6,HMMT_November_2016_Guts_Solutions.pdf
HMMT November 2016 Guts #25,\frac{153}{1180},HMMT_November_2016_Guts_Solutions.pdf
HMMT November 2016 Guts #26,2^{2000},HMMT_November_2016_Guts_Solutions.pdf
HMMT November 2016 Guts #27,-4,HMMT_November_2016_Guts_Solutions.pdf
HMMT November 2016 Guts #28,\frac{17}{3},HMMT_November_2016_Guts_Solutions.pdf
HMMT November 2016 Guts #29,1024,HMMT_November_2016_Guts_Solutions.pdf
HMMT November 2016 Guts #30,22,HMMT_November_2016_Guts_Solutions.pdf
HMMT November 2016 Guts #31,126,HMMT_November_2016_Guts_Solutions.pdf
HMMT November 2016 Guts #32,10^{17},HMMT_November_2016_Guts_Solutions.pdf
HMMT November 2016 Guts #33,\frac{17+7\sqrt{5}}{2},HMMT_November_2016_Guts_Solutions.pdf
HMMT November 2016 Guts #34,258,HMMT_November_2016_Guts_Solutions.pdf
HMMT November 2016 Guts #35,559,HMMT_November_2016_Guts_Solutions.pdf
HMMT November 2016 Guts #36,247548,HMMT_November_2016_Guts_Solutions.pdf
HMMT November 2016 Team #1,12,HMMT_November_2016_Team_Solutions.pdf
HMMT November 2016 Team #2,77,HMMT_November_2016_Team_Solutions.pdf
HMMT November 2016 Team #3,5,HMMT_November_2016_Team_Solutions.pdf
HMMT November 2016 Team #4,1019088,HMMT_November_2016_Team_Solutions.pdf
HMMT November 2016 Team #5,\frac{5}{12},HMMT_November_2016_Team_Solutions.pdf
HMMT November 2016 Team #6,\frac{190}{49},HMMT_November_2016_Team_Solutions.pdf
HMMT November 2016 Team #7,42,HMMT_November_2016_Team_Solutions.pdf
HMMT November 2016 Team #8,2^{35},HMMT_November_2016_Team_Solutions.pdf
HMMT November 2016 Team #9,\frac{15\sqrt{37}-75}{4},HMMT_November_2016_Team_Solutions.pdf
HMMT November 2016 Team #10,9,HMMT_November_2016_Team_Solutions.pdf
HMMT November 2016 Theme #1,\frac{16}{25},HMMT_November_2016_Theme_Solutions.pdf
HMMT November 2016 Theme #2,60,HMMT_November_2016_Theme_Solutions.pdf
HMMT November 2016 Theme #3,\frac{1}{2},HMMT_November_2016_Theme_Solutions.pdf
HMMT November 2016 Theme #4,60,HMMT_November_2016_Theme_Solutions.pdf
HMMT November 2016 Theme #5,\frac{140}{243},HMMT_November_2016_Theme_Solutions.pdf
HMMT November 2016 Theme #6,9\sqrt{3},HMMT_November_2016_Theme_Solutions.pdf
HMMT November 2016 Theme #7,42,HMMT_November_2016_Theme_Solutions.pdf
HMMT November 2016 Theme #8,\frac{54}{7},HMMT_November_2016_Theme_Solutions.pdf
HMMT November 2016 Theme #9,54,HMMT_November_2016_Theme_Solutions.pdf
HMMT November 2016 Theme #10,46,HMMT_November_2016_Theme_Solutions.pdf
HMMT November 2017 General #1,550,HMMT_November_2017_General_Solutions.pdf
HMMT November 2017 General #2,-\frac{2016}{2017},HMMT_November_2017_General_Solutions.pdf
HMMT November 2017 General #3,99,HMMT_November_2017_General_Solutions.pdf
HMMT November 2017 General #4,\frac{189}{2},HMMT_November_2017_General_Solutions.pdf
HMMT November 2017 General #5,\sqrt{3},HMMT_November_2017_General_Solutions.pdf
HMMT November 2017 General #6,1330,HMMT_November_2017_General_Solutions.pdf
HMMT November 2017 General #7,974,HMMT_November_2017_General_Solutions.pdf
HMMT November 2017 General #8,\frac{1024}{255},HMMT_November_2017_General_Solutions.pdf
HMMT November 2017 General #9,\sqrt{109},HMMT_November_2017_General_Solutions.pdf
HMMT November 2017 General #10,\frac{49}{64},HMMT_November_2017_General_Solutions.pdf
HMMT November 2017 Guts #1,0,HMMT_November_2017_Guts_Solutions.pdf
HMMT November 2017 Guts #2,\frac{1}{2},HMMT_November_2017_Guts_Solutions.pdf
HMMT November 2017 Guts #3,\frac{64}{3},HMMT_November_2017_Guts_Solutions.pdf
HMMT November 2017 Guts #4,96,HMMT_November_2017_Guts_Solutions.pdf
HMMT November 2017 Guts #5,6,HMMT_November_2017_Guts_Solutions.pdf
HMMT November 2017 Guts #6,0,HMMT_November_2017_Guts_Solutions.pdf
HMMT November 2017 Guts #7,10100,HMMT_November_2017_Guts_Solutions.pdf
HMMT November 2017 Guts #8,\frac{1}{2},HMMT_November_2017_Guts_Solutions.pdf
HMMT November 2017 Guts #9,24,HMMT_November_2017_Guts_Solutions.pdf
HMMT November 2017 Guts #10,\frac{2}{3},HMMT_November_2017_Guts_Solutions.pdf
HMMT November 2017 Guts #11,3025\frac{1}{2017},HMMT_November_2017_Guts_Solutions.pdf
HMMT November 2017 Guts #12,112,HMMT_November_2017_Guts_Solutions.pdf
HMMT November 2017 Guts #13,4035,HMMT_November_2017_Guts_Solutions.pdf
HMMT November 2017 Guts #14,6,HMMT_November_2017_Guts_Solutions.pdf
HMMT November 2017 Guts #15,\frac{209}{256},HMMT_November_2017_Guts_Solutions.pdf
HMMT November 2017 Guts #16,1223456,HMMT_November_2017_Guts_Solutions.pdf
HMMT November 2017 Guts #17,\frac{2}{27},HMMT_November_2017_Guts_Solutions.pdf
HMMT November 2017 Guts #18,30.4,HMMT_November_2017_Guts_Solutions.pdf
HMMT November 2017 Guts #19,20,HMMT_November_2017_Guts_Solutions.pdf
HMMT November 2017 Guts #20,15,HMMT_November_2017_Guts_Solutions.pdf
HMMT November 2017 Guts #21,\frac{13}{27},HMMT_November_2017_Guts_Solutions.pdf
HMMT November 2017 Guts #22,4011,HMMT_November_2017_Guts_Solutions.pdf
HMMT November 2017 Guts #23,1126,HMMT_November_2017_Guts_Solutions.pdf
HMMT November 2017 Guts #24,37,HMMT_November_2017_Guts_Solutions.pdf
HMMT November 2017 Guts #25,7174,HMMT_November_2017_Guts_Solutions.pdf
HMMT November 2017 Guts #26,\frac{3}{2},HMMT_November_2017_Guts_Solutions.pdf
HMMT November 2017 Guts #27,\frac{79}{256},HMMT_November_2017_Guts_Solutions.pdf
HMMT November 2017 Guts #28,3025,HMMT_November_2017_Guts_Solutions.pdf
HMMT November 2017 Guts #29,13,HMMT_November_2017_Guts_Solutions.pdf
HMMT November 2017 Guts #30,\frac{1024\sqrt{4035}-1}{2},HMMT_November_2017_Guts_Solutions.pdf
HMMT November 2017 Guts #31,\frac{9}{11},HMMT_November_2017_Guts_Solutions.pdf
HMMT November 2017 Guts #32,782,HMMT_November_2017_Guts_Solutions.pdf
HMMT November 2017 Guts #33,\frac{5}{3},HMMT_November_2017_Guts_Solutions.pdf
HMMT November 2017 Guts #34,267227532,HMMT_November_2017_Guts_Solutions.pdf
HMMT November 2017 Guts #35,1015080877,HMMT_November_2017_Guts_Solutions.pdf
HMMT November 2017 Guts #36,0.02236412255,HMMT_November_2017_Guts_Solutions.pdf
HMMT November 2017 Team #1,1024,HMMT_November_2017_Team_Solutions.pdf
HMMT November 2017 Team #2,38,HMMT_November_2017_Team_Solutions.pdf
HMMT November 2017 Team #3,"1,481,480",HMMT_November_2017_Team_Solutions.pdf
HMMT November 2017 Team #4,\frac{3}{\sqrt{3}-1},HMMT_November_2017_Team_Solutions.pdf
HMMT November 2017 Team #5,2^{2015} \cdot (2^{2017} - 2018),HMMT_November_2017_Team_Solutions.pdf
HMMT November 2017 Team #6,480,HMMT_November_2017_Team_Solutions.pdf
HMMT November 2017 Team #7,\frac{341}{54},HMMT_November_2017_Team_Solutions.pdf
HMMT November 2017 Team #8,49,HMMT_November_2017_Team_Solutions.pdf
HMMT November 2017 Team #9,\sqrt{21},HMMT_November_2017_Team_Solutions.pdf
HMMT November 2017 Team #10,"(12, 2)",HMMT_November_2017_Team_Solutions.pdf
HMMT November 2017 Theme #1,66,HMMT_November_2017_Theme_Solutions.pdf
HMMT November 2017 Theme #2,\frac{225}{2},HMMT_November_2017_Theme_Solutions.pdf
HMMT November 2017 Theme #3,1\%,HMMT_November_2017_Theme_Solutions.pdf
HMMT November 2017 Theme #4,2188,HMMT_November_2017_Theme_Solutions.pdf
HMMT November 2017 Theme #5,148,HMMT_November_2017_Theme_Solutions.pdf
HMMT November 2017 Theme #6,12 \cdot 7^4,HMMT_November_2017_Theme_Solutions.pdf
HMMT November 2017 Theme #7,3680,HMMT_November_2017_Theme_Solutions.pdf
HMMT November 2017 Theme #8,\frac{27\sqrt{6}}{8}\pi,HMMT_November_2017_Theme_Solutions.pdf
HMMT November 2017 Theme #9,\frac{409}{125},HMMT_November_2017_Theme_Solutions.pdf
HMMT November 2017 Theme #10,\frac{25+3\sqrt{69}}{2},HMMT_November_2017_Theme_Solutions.pdf
HMMT November 2018 General #1,26,HMMT_November_2018_General_Solutions.pdf
HMMT November 2018 General #2,\frac{8}{17},HMMT_November_2018_General_Solutions.pdf
HMMT November 2018 General #3,1168,HMMT_November_2018_General_Solutions.pdf
HMMT November 2018 General #4,181440,HMMT_November_2018_General_Solutions.pdf
HMMT November 2018 General #5,6156,HMMT_November_2018_General_Solutions.pdf
HMMT November 2018 General #6,14,HMMT_November_2018_General_Solutions.pdf
HMMT November 2018 General #7,4,HMMT_November_2018_General_Solutions.pdf
HMMT November 2018 General #8,\frac{37}{7},HMMT_November_2018_General_Solutions.pdf
HMMT November 2018 General #9,4,HMMT_November_2018_General_Solutions.pdf
HMMT November 2018 General #10,\frac{3}{8},HMMT_November_2018_General_Solutions.pdf
HMMT November 2018 Guts #1,6,HMMT_November_2018_Guts_Solutions.pdf
HMMT November 2018 Guts #2,2,HMMT_November_2018_Guts_Solutions.pdf
HMMT November 2018 Guts #3,3,HMMT_November_2018_Guts_Solutions.pdf
HMMT November 2018 Guts #4,\frac{7}{6},HMMT_November_2018_Guts_Solutions.pdf
HMMT November 2018 Guts #5,46,HMMT_November_2018_Guts_Solutions.pdf
HMMT November 2018 Guts #6,\frac{3+\sqrt{3}}{2},HMMT_November_2018_Guts_Solutions.pdf
HMMT November 2018 Guts #7,80\%,HMMT_November_2018_Guts_Solutions.pdf
HMMT November 2018 Guts #8,\frac{1}{4},HMMT_November_2018_Guts_Solutions.pdf
HMMT November 2018 Guts #9,203,HMMT_November_2018_Guts_Solutions.pdf
HMMT November 2018 Guts #10,341,HMMT_November_2018_Guts_Solutions.pdf
HMMT November 2018 Guts #11,\frac{2}{9},HMMT_November_2018_Guts_Solutions.pdf
HMMT November 2018 Guts #12,\frac{2}{3},HMMT_November_2018_Guts_Solutions.pdf
HMMT November 2018 Guts #13,8,HMMT_November_2018_Guts_Solutions.pdf
HMMT November 2018 Guts #14,4,HMMT_November_2018_Guts_Solutions.pdf
HMMT November 2018 Guts #15,21,HMMT_November_2018_Guts_Solutions.pdf
HMMT November 2018 Guts #16,72,HMMT_November_2018_Guts_Solutions.pdf
HMMT November 2018 Guts #17,\frac{2^{2018+2}}{3},HMMT_November_2018_Guts_Solutions.pdf
HMMT November 2018 Guts #18,49,HMMT_November_2018_Guts_Solutions.pdf
HMMT November 2018 Guts #19,225,HMMT_November_2018_Guts_Solutions.pdf
HMMT November 2018 Guts #20,\frac{5}{4},HMMT_November_2018_Guts_Solutions.pdf
HMMT November 2018 Guts #21,1950,HMMT_November_2018_Guts_Solutions.pdf
HMMT November 2018 Guts #22,\frac{\pi+8}{16},HMMT_November_2018_Guts_Solutions.pdf
HMMT November 2018 Guts #23,36,HMMT_November_2018_Guts_Solutions.pdf
HMMT November 2018 Guts #24,580,HMMT_November_2018_Guts_Solutions.pdf
HMMT November 2018 Guts #25,\frac{4}{3},HMMT_November_2018_Guts_Solutions.pdf
HMMT November 2018 Guts #26,\frac{784}{19},HMMT_November_2018_Guts_Solutions.pdf
HMMT November 2018 Guts #27,\frac{11}{3},HMMT_November_2018_Guts_Solutions.pdf
HMMT November 2018 Guts #28,042,HMMT_November_2018_Guts_Solutions.pdf
HMMT November 2018 Guts #29,\frac{1}{5},HMMT_November_2018_Guts_Solutions.pdf
HMMT November 2018 Guts #30,20,HMMT_November_2018_Guts_Solutions.pdf
HMMT November 2018 Guts #31,\frac{1}{5},HMMT_November_2018_Guts_Solutions.pdf
HMMT November 2018 Guts #32,45,HMMT_November_2018_Guts_Solutions.pdf
HMMT November 2018 Guts #33,2\sqrt{30},HMMT_November_2018_Guts_Solutions.pdf
HMMT November 2018 Guts #34,2^4 \cdot 3^3 \cdot 5^3 \cdot 7 = 378000,HMMT_November_2018_Guts_Solutions.pdf
HMMT November 2018 Guts #35,780.9280674537,HMMT_November_2018_Guts_Solutions.pdf
HMMT November 2018 Guts #36,1225194,HMMT_November_2018_Guts_Solutions.pdf
HMMT November 2018 Team #1,\frac{31}{432},HMMT_November_2018_Team_Solutions.pdf
HMMT November 2018 Team #2,94,HMMT_November_2018_Team_Solutions.pdf
HMMT November 2018 Team #3,28,HMMT_November_2018_Team_Solutions.pdf
HMMT November 2018 Team #4,\frac{32}{27},HMMT_November_2018_Team_Solutions.pdf
HMMT November 2018 Team #5,64,HMMT_November_2018_Team_Solutions.pdf
HMMT November 2018 Team #6,\frac{20}{9},HMMT_November_2018_Team_Solutions.pdf
HMMT November 2018 Team #7,60,HMMT_November_2018_Team_Solutions.pdf
HMMT November 2018 Team #8,42648,HMMT_November_2018_Team_Solutions.pdf
HMMT November 2018 Team #9,35,HMMT_November_2018_Team_Solutions.pdf
HMMT November 2018 Team #10,36440,HMMT_November_2018_Team_Solutions.pdf
HMMT November 2018 Theme #1,8,HMMT_November_2018_Theme_Solutions.pdf
HMMT November 2018 Theme #2,0,HMMT_November_2018_Theme_Solutions.pdf
HMMT November 2018 Theme #3,11,HMMT_November_2018_Theme_Solutions.pdf
HMMT November 2018 Theme #4,100,HMMT_November_2018_Theme_Solutions.pdf
HMMT November 2018 Theme #5,9,HMMT_November_2018_Theme_Solutions.pdf
HMMT November 2018 Theme #6,210,HMMT_November_2018_Theme_Solutions.pdf
HMMT November 2018 Theme #7,16,HMMT_November_2018_Theme_Solutions.pdf
HMMT November 2018 Theme #8,\frac{20}{31},HMMT_November_2018_Theme_Solutions.pdf
HMMT November 2018 Theme #9,1048577,HMMT_November_2018_Theme_Solutions.pdf
HMMT November 2018 Theme #10,1200000,HMMT_November_2018_Theme_Solutions.pdf
HMMT November 2019 General #1,9999,HMMT_November_2019_General_Solutions.pdf
HMMT November 2019 General #2,5,HMMT_November_2019_General_Solutions.pdf
HMMT November 2019 General #3,\frac{1}{2019},HMMT_November_2019_General_Solutions.pdf
HMMT November 2019 General #4,11,HMMT_November_2019_General_Solutions.pdf
HMMT November 2019 General #5,\frac{7}{2},HMMT_November_2019_General_Solutions.pdf
HMMT November 2019 General #6,"(2, 2),(12, 17),(17, 12)",HMMT_November_2019_General_Solutions.pdf
HMMT November 2019 General #7,30,HMMT_November_2019_General_Solutions.pdf
HMMT November 2019 General #8,127,HMMT_November_2019_General_Solutions.pdf
HMMT November 2019 General #9,\frac{120}{353},HMMT_November_2019_General_Solutions.pdf
HMMT November 2019 General #10,175,HMMT_November_2019_General_Solutions.pdf
HMMT November 2019 Guts #1,2,HMMT_November_2019_Guts_Solutions.pdf
HMMT November 2019 Guts #2,\frac{1}{3},HMMT_November_2019_Guts_Solutions.pdf
HMMT November 2019 Guts #3,1,HMMT_November_2019_Guts_Solutions.pdf
HMMT November 2019 Guts #4,4,HMMT_November_2019_Guts_Solutions.pdf
HMMT November 2019 Guts #5,8,HMMT_November_2019_Guts_Solutions.pdf
HMMT November 2019 Guts #6,1048064,HMMT_November_2019_Guts_Solutions.pdf
HMMT November 2019 Guts #7,3 + 2\sqrt{2},HMMT_November_2019_Guts_Solutions.pdf
HMMT November 2019 Guts #8,\frac{3}{17},HMMT_November_2019_Guts_Solutions.pdf
HMMT November 2019 Guts #9,\frac{1}{5},HMMT_November_2019_Guts_Solutions.pdf
HMMT November 2019 Guts #10,5,HMMT_November_2019_Guts_Solutions.pdf
HMMT November 2019 Guts #11,380,HMMT_November_2019_Guts_Solutions.pdf
HMMT November 2019 Guts #12,11,HMMT_November_2019_Guts_Solutions.pdf
HMMT November 2019 Guts #13,2\sqrt{5},HMMT_November_2019_Guts_Solutions.pdf
HMMT November 2019 Guts #14,18,HMMT_November_2019_Guts_Solutions.pdf
HMMT November 2019 Guts #15,79,HMMT_November_2019_Guts_Solutions.pdf
HMMT November 2019 Guts #16,\frac{20}{13},HMMT_November_2019_Guts_Solutions.pdf
HMMT November 2019 Guts #17,\frac{1}{2},HMMT_November_2019_Guts_Solutions.pdf
HMMT November 2019 Guts #18,0,HMMT_November_2019_Guts_Solutions.pdf
HMMT November 2019 Guts #19,\frac{1}{9},HMMT_November_2019_Guts_Solutions.pdf
HMMT November 2019 Guts #20,16,HMMT_November_2019_Guts_Solutions.pdf
HMMT November 2019 Guts #21,262,HMMT_November_2019_Guts_Solutions.pdf
HMMT November 2019 Guts #22,9\left(10^{2019} - 9^{2019}\right),HMMT_November_2019_Guts_Solutions.pdf
HMMT November 2019 Guts #23,17,HMMT_November_2019_Guts_Solutions.pdf
HMMT November 2019 Guts #24,84,HMMT_November_2019_Guts_Solutions.pdf
HMMT November 2019 Guts #25,13,HMMT_November_2019_Guts_Solutions.pdf
HMMT November 2019 Guts #26,60\left(1 - \left(\frac{1}{10}\right)^{\frac{1}{9}}\right),HMMT_November_2019_Guts_Solutions.pdf
HMMT November 2019 Guts #27,"1346, 2016, 2019",HMMT_November_2019_Guts_Solutions.pdf
HMMT November 2019 Guts #28,113,HMMT_November_2019_Guts_Solutions.pdf
HMMT November 2019 Guts #29,\sqrt{2},HMMT_November_2019_Guts_Solutions.pdf
HMMT November 2019 Guts #30,4,HMMT_November_2019_Guts_Solutions.pdf
HMMT November 2019 Guts #31,\frac{7}{3},HMMT_November_2019_Guts_Solutions.pdf
HMMT November 2019 Guts #32,\sqrt{2} - 1,HMMT_November_2019_Guts_Solutions.pdf
HMMT November 2019 Guts #33,\frac{3\pi}{4},HMMT_November_2019_Guts_Solutions.pdf
HMMT November 2019 Guts #34,64912347,HMMT_November_2019_Guts_Solutions.pdf
HMMT November 2019 Guts #35,712.811,HMMT_November_2019_Guts_Solutions.pdf
HMMT November 2019 Guts #36,1409,HMMT_November_2019_Guts_Solutions.pdf
HMMT November 2019 Team #1,7,HMMT_November_2019_Team_Solutions.pdf
HMMT November 2019 Team #2,1009,HMMT_November_2019_Team_Solutions.pdf
HMMT November 2019 Team #3,100,HMMT_November_2019_Team_Solutions.pdf
HMMT November 2019 Team #4,1346,HMMT_November_2019_Team_Solutions.pdf
HMMT November 2019 Team #5,85,HMMT_November_2019_Team_Solutions.pdf
HMMT November 2019 Team #6,\frac{4}{5},HMMT_November_2019_Team_Solutions.pdf
HMMT November 2019 Team #7,64,HMMT_November_2019_Team_Solutions.pdf
HMMT November 2019 Team #8,\frac{2}{3},HMMT_November_2019_Team_Solutions.pdf
HMMT November 2019 Team #9,28,HMMT_November_2019_Team_Solutions.pdf
HMMT November 2019 Team #10,5049,HMMT_November_2019_Team_Solutions.pdf
HMMT November 2019 Theme #1,11,HMMT_November_2019_Theme_Solutions.pdf
HMMT November 2019 Theme #2,21,HMMT_November_2019_Theme_Solutions.pdf
HMMT November 2019 Theme #3,\frac{49\pi}{9},HMMT_November_2019_Theme_Solutions.pdf
HMMT November 2019 Theme #4,1092,HMMT_November_2019_Theme_Solutions.pdf
HMMT November 2019 Theme #5,17,HMMT_November_2019_Theme_Solutions.pdf
HMMT November 2019 Theme #6,360,HMMT_November_2019_Theme_Solutions.pdf
HMMT November 2019 Theme #7,4\sqrt{3} - 6,HMMT_November_2019_Theme_Solutions.pdf
HMMT November 2019 Theme #8,\frac{49}{3},HMMT_November_2019_Theme_Solutions.pdf
HMMT November 2019 Theme #9,\frac{100\sqrt{3}}{3},HMMT_November_2019_Theme_Solutions.pdf
HMMT November 2019 Theme #10,7 + \frac{13\pi}{3},HMMT_November_2019_Theme_Solutions.pdf
HMMT November 2020 General #1,4018,HMMT_November_2020_General_Solutions.pdf
HMMT November 2020 General #2,120,HMMT_November_2020_General_Solutions.pdf
HMMT November 2020 General #3,7200,HMMT_November_2020_General_Solutions.pdf
HMMT November 2020 General #4,8956,HMMT_November_2020_General_Solutions.pdf
HMMT November 2020 General #5,31,HMMT_November_2020_General_Solutions.pdf
HMMT November 2020 General #6,51,HMMT_November_2020_General_Solutions.pdf
HMMT November 2020 General #7,84,HMMT_November_2020_General_Solutions.pdf
HMMT November 2020 General #8,1689,HMMT_November_2020_General_Solutions.pdf
HMMT November 2020 General #9,65,HMMT_November_2020_General_Solutions.pdf
HMMT November 2020 General #10,274,HMMT_November_2020_General_Solutions.pdf
HMMT November 2020 Guts #1,3,HMMT_November_2020_Guts_Solutions.pdf
HMMT November 2020 Guts #2,7,HMMT_November_2020_Guts_Solutions.pdf
HMMT November 2020 Guts #3,51,HMMT_November_2020_Guts_Solutions.pdf
HMMT November 2020 Guts #4,109,HMMT_November_2020_Guts_Solutions.pdf
HMMT November 2020 Guts #5,305,HMMT_November_2020_Guts_Solutions.pdf
HMMT November 2020 Guts #6,2,HMMT_November_2020_Guts_Solutions.pdf
HMMT November 2020 Guts #7,8,HMMT_November_2020_Guts_Solutions.pdf
HMMT November 2020 Guts #8,61,HMMT_November_2020_Guts_Solutions.pdf
HMMT November 2020 Guts #9,1028,HMMT_November_2020_Guts_Solutions.pdf
HMMT November 2020 Guts #10,128,HMMT_November_2020_Guts_Solutions.pdf
HMMT November 2020 Guts #11,106,HMMT_November_2020_Guts_Solutions.pdf
HMMT November 2020 Guts #12,45,HMMT_November_2020_Guts_Solutions.pdf
HMMT November 2020 Guts #13,6060,HMMT_November_2020_Guts_Solutions.pdf
HMMT November 2020 Guts #14,820,HMMT_November_2020_Guts_Solutions.pdf
HMMT November 2020 Guts #15,405,HMMT_November_2020_Guts_Solutions.pdf
HMMT November 2020 Guts #16,148,HMMT_November_2020_Guts_Solutions.pdf
HMMT November 2020 Guts #17,66,HMMT_November_2020_Guts_Solutions.pdf
HMMT November 2020 Guts #18,602,HMMT_November_2020_Guts_Solutions.pdf
HMMT November 2020 Guts #19,773,HMMT_November_2020_Guts_Solutions.pdf
HMMT November 2020 Guts #20,19285,HMMT_November_2020_Guts_Solutions.pdf
HMMT November 2020 Guts #21,3431,HMMT_November_2020_Guts_Solutions.pdf
HMMT November 2020 Guts #22,48,HMMT_November_2020_Guts_Solutions.pdf
HMMT November 2020 Guts #23,1409,HMMT_November_2020_Guts_Solutions.pdf
HMMT November 2020 Guts #24,648,HMMT_November_2020_Guts_Solutions.pdf
HMMT November 2020 Guts #25,7,HMMT_November_2020_Guts_Solutions.pdf
HMMT November 2020 Guts #26,1011,HMMT_November_2020_Guts_Solutions.pdf
HMMT November 2020 Guts #27,49,HMMT_November_2020_Guts_Solutions.pdf
HMMT November 2020 Guts #28,1000,HMMT_November_2020_Guts_Solutions.pdf
HMMT November 2020 Guts #29,12017,HMMT_November_2020_Guts_Solutions.pdf
HMMT November 2020 Guts #30,542,HMMT_November_2020_Guts_Solutions.pdf
HMMT November 2020 Guts #31,4633,HMMT_November_2020_Guts_Solutions.pdf
HMMT November 2020 Guts #32,3690,HMMT_November_2020_Guts_Solutions.pdf
HMMT November 2020 Guts #33,320,HMMT_November_2020_Guts_Solutions.pdf
HMMT November 2020 Guts #34,2539,HMMT_November_2020_Guts_Solutions.pdf
HMMT November 2020 Guts #35,180020660,HMMT_November_2020_Guts_Solutions.pdf
HMMT November 2020 Guts #36,83601,HMMT_November_2020_Guts_Solutions.pdf
HMMT November 2020 Team #1,412,HMMT_November_2020_Team_Solutions.pdf
HMMT November 2020 Team #2,36,HMMT_November_2020_Team_Solutions.pdf
HMMT November 2020 Team #3,20,HMMT_November_2020_Team_Solutions.pdf
HMMT November 2020 Team #4,28,HMMT_November_2020_Team_Solutions.pdf
HMMT November 2020 Team #5,16,HMMT_November_2020_Team_Solutions.pdf
HMMT November 2020 Team #6,1603,HMMT_November_2020_Team_Solutions.pdf
HMMT November 2020 Team #7,1103,HMMT_November_2020_Team_Solutions.pdf
HMMT November 2020 Team #8,33725,HMMT_November_2020_Team_Solutions.pdf
HMMT November 2020 Team #9,4519,HMMT_November_2020_Team_Solutions.pdf
HMMT November 2020 Team #10,17,HMMT_November_2020_Team_Solutions.pdf
HMMT November 2020 Theme #1,75,HMMT_November_2020_Theme_Solutions.pdf
HMMT November 2020 Theme #2,740,HMMT_November_2020_Theme_Solutions.pdf
HMMT November 2020 Theme #3,13,HMMT_November_2020_Theme_Solutions.pdf
HMMT November 2020 Theme #4,10324,HMMT_November_2020_Theme_Solutions.pdf
HMMT November 2020 Theme #5,2031,HMMT_November_2020_Theme_Solutions.pdf
HMMT November 2020 Theme #6,44,HMMT_November_2020_Theme_Solutions.pdf
HMMT November 2020 Theme #7,451,HMMT_November_2020_Theme_Solutions.pdf
HMMT November 2020 Theme #8,49,HMMT_November_2020_Theme_Solutions.pdf
HMMT November 2020 Theme #9,2018,HMMT_November_2020_Theme_Solutions.pdf
HMMT November 2020 Theme #10,681751,HMMT_November_2020_Theme_Solutions.pdf
HMMT November 2021 General #1,4,HMMT_November_2021_General_Solutions.pdf
HMMT November 2021 General #2,117,HMMT_November_2021_General_Solutions.pdf
HMMT November 2021 General #3,807,HMMT_November_2021_General_Solutions.pdf
HMMT November 2021 General #4,11,HMMT_November_2021_General_Solutions.pdf
HMMT November 2021 General #5,115,HMMT_November_2021_General_Solutions.pdf
HMMT November 2021 General #6,1003,HMMT_November_2021_General_Solutions.pdf
HMMT November 2021 General #7,932,HMMT_November_2021_General_Solutions.pdf
HMMT November 2021 General #8,8744,HMMT_November_2021_General_Solutions.pdf
HMMT November 2021 General #9,2852,HMMT_November_2021_General_Solutions.pdf
HMMT November 2021 General #10,5272,HMMT_November_2021_General_Solutions.pdf
HMMT November 2021 Guts #1,8,HMMT_November_2021_Guts_Solutions.pdf
HMMT November 2021 Guts #2,108,HMMT_November_2021_Guts_Solutions.pdf
HMMT November 2021 Guts #3,10000,HMMT_November_2021_Guts_Solutions.pdf
HMMT November 2021 Guts #4,12,HMMT_November_2021_Guts_Solutions.pdf
HMMT November 2021 Guts #5,41,HMMT_November_2021_Guts_Solutions.pdf
HMMT November 2021 Guts #6,280,HMMT_November_2021_Guts_Solutions.pdf
HMMT November 2021 Guts #7,472,HMMT_November_2021_Guts_Solutions.pdf
HMMT November 2021 Guts #8,7,HMMT_November_2021_Guts_Solutions.pdf
HMMT November 2021 Guts #9,11,HMMT_November_2021_Guts_Solutions.pdf
HMMT November 2021 Guts #10,302,HMMT_November_2021_Guts_Solutions.pdf
HMMT November 2021 Guts #11,20,HMMT_November_2021_Guts_Solutions.pdf
HMMT November 2021 Guts #12,26597,HMMT_November_2021_Guts_Solutions.pdf
HMMT November 2021 Guts #13,0,HMMT_November_2021_Guts_Solutions.pdf
HMMT November 2021 Guts #14,9,HMMT_November_2021_Guts_Solutions.pdf
HMMT November 2021 Guts #15,2851,HMMT_November_2021_Guts_Solutions.pdf
HMMT November 2021 Guts #16,103324,HMMT_November_2021_Guts_Solutions.pdf
HMMT November 2021 Guts #17,405,HMMT_November_2021_Guts_Solutions.pdf
HMMT November 2021 Guts #18,6106,HMMT_November_2021_Guts_Solutions.pdf
HMMT November 2021 Guts #19,6507,HMMT_November_2021_Guts_Solutions.pdf
HMMT November 2021 Guts #20,864,HMMT_November_2021_Guts_Solutions.pdf
HMMT November 2021 Guts #21,540,HMMT_November_2021_Guts_Solutions.pdf
HMMT November 2021 Guts #22,1205,HMMT_November_2021_Guts_Solutions.pdf
HMMT November 2021 Guts #23,147938,HMMT_November_2021_Guts_Solutions.pdf
HMMT November 2021 Guts #24,177100,HMMT_November_2021_Guts_Solutions.pdf
HMMT November 2021 Guts #25,29,HMMT_November_2021_Guts_Solutions.pdf
HMMT November 2021 Guts #26,15,HMMT_November_2021_Guts_Solutions.pdf
HMMT November 2021 Guts #27,8634,HMMT_November_2021_Guts_Solutions.pdf
HMMT November 2021 Guts #28,120,HMMT_November_2021_Guts_Solutions.pdf
HMMT November 2021 Guts #29,360864,HMMT_November_2021_Guts_Solutions.pdf
HMMT November 2021 Guts #30,77500,HMMT_November_2021_Guts_Solutions.pdf
HMMT November 2021 Guts #31,2070,HMMT_November_2021_Guts_Solutions.pdf
HMMT November 2021 Guts #32,2046,HMMT_November_2021_Guts_Solutions.pdf
HMMT November 2021 Guts #33,255,HMMT_November_2021_Guts_Solutions.pdf
HMMT November 2021 Guts #34,2443,HMMT_November_2021_Guts_Solutions.pdf
HMMT November 2021 Guts #35,3633,HMMT_November_2021_Guts_Solutions.pdf
HMMT November 2021 Guts #36,78556,HMMT_November_2021_Guts_Solutions.pdf
HMMT November 2021 Team #1,8,HMMT_November_2021_Team_Solutions.pdf
HMMT November 2021 Team #2,2037,HMMT_November_2021_Team_Solutions.pdf
HMMT November 2021 Team #3,20800,HMMT_November_2021_Team_Solutions.pdf
HMMT November 2021 Team #4,2001,HMMT_November_2021_Team_Solutions.pdf
HMMT November 2021 Team #5,68,HMMT_November_2021_Team_Solutions.pdf
HMMT November 2021 Team #6,2309,HMMT_November_2021_Team_Solutions.pdf
HMMT November 2021 Team #7,3989,HMMT_November_2021_Team_Solutions.pdf
HMMT November 2021 Team #8,383,HMMT_November_2021_Team_Solutions.pdf
HMMT November 2021 Team #9,672,HMMT_November_2021_Team_Solutions.pdf
HMMT November 2021 Team #10,3119,HMMT_November_2021_Team_Solutions.pdf
HMMT November 2021 Theme #1,53,HMMT_November_2021_Theme_Solutions.pdf
HMMT November 2021 Theme #2,19,HMMT_November_2021_Theme_Solutions.pdf
HMMT November 2021 Theme #3,2592,HMMT_November_2021_Theme_Solutions.pdf
HMMT November 2021 Theme #4,15,HMMT_November_2021_Theme_Solutions.pdf
HMMT November 2021 Theme #5,10,HMMT_November_2021_Theme_Solutions.pdf
HMMT November 2021 Theme #6,96,HMMT_November_2021_Theme_Solutions.pdf
HMMT November 2021 Theme #7,720,HMMT_November_2021_Theme_Solutions.pdf
HMMT November 2021 Theme #8,48,HMMT_November_2021_Theme_Solutions.pdf
HMMT November 2021 Theme #9,50,HMMT_November_2021_Theme_Solutions.pdf
HMMT November 2021 Theme #10,48,HMMT_November_2021_Theme_Solutions.pdf
HMMT November 2022 General #1,12,HMMT_November_2022_General_Solutions.pdf
HMMT November 2022 General #2,8,HMMT_November_2022_General_Solutions.pdf
HMMT November 2022 General #3,112 - 25\pi,HMMT_November_2022_General_Solutions.pdf
HMMT November 2022 General #4,\frac{3}{40},HMMT_November_2022_General_Solutions.pdf
HMMT November 2022 General #5,257,HMMT_November_2022_General_Solutions.pdf
HMMT November 2022 General #6,(2 + \sqrt{3})\pi,HMMT_November_2022_General_Solutions.pdf
HMMT November 2022 General #7,7,HMMT_November_2022_General_Solutions.pdf
HMMT November 2022 General #8,678,HMMT_November_2022_General_Solutions.pdf
HMMT November 2022 General #9,573,HMMT_November_2022_General_Solutions.pdf
HMMT November 2022 General #10,4495,HMMT_November_2022_General_Solutions.pdf
HMMT November 2022 Guts #1,1050,HMMT_November_2022_Guts_Solutions.pdf
HMMT November 2022 Guts #2,23,HMMT_November_2022_Guts_Solutions.pdf
HMMT November 2022 Guts #3,8\sqrt{2022},HMMT_November_2022_Guts_Solutions.pdf
HMMT November 2022 Guts #4,10,HMMT_November_2022_Guts_Solutions.pdf
HMMT November 2022 Guts #5,3 + \sqrt{7},HMMT_November_2022_Guts_Solutions.pdf
HMMT November 2022 Guts #6,6,HMMT_November_2022_Guts_Solutions.pdf
HMMT November 2022 Guts #7,9,HMMT_November_2022_Guts_Solutions.pdf
HMMT November 2022 Guts #8,12,HMMT_November_2022_Guts_Solutions.pdf
HMMT November 2022 Guts #9,70^{\circ},HMMT_November_2022_Guts_Solutions.pdf
HMMT November 2022 Guts #10,\frac{9}{10},HMMT_November_2022_Guts_Solutions.pdf
HMMT November 2022 Guts #11,15,HMMT_November_2022_Guts_Solutions.pdf
HMMT November 2022 Guts #12,5:05 (PM),HMMT_November_2022_Guts_Solutions.pdf
HMMT November 2022 Guts #13,756,HMMT_November_2022_Guts_Solutions.pdf
HMMT November 2022 Guts #14,\frac{101}{110},HMMT_November_2022_Guts_Solutions.pdf
HMMT November 2022 Guts #15,990,HMMT_November_2022_Guts_Solutions.pdf
HMMT November 2022 Guts #16,"0, \frac{\sqrt{5}-1}{2}",HMMT_November_2022_Guts_Solutions.pdf
HMMT November 2022 Guts #17,6,HMMT_November_2022_Guts_Solutions.pdf
HMMT November 2022 Guts #18,4\sqrt{2},HMMT_November_2022_Guts_Solutions.pdf
HMMT November 2022 Guts #19,\frac{2023}{2},HMMT_November_2022_Guts_Solutions.pdf
HMMT November 2022 Guts #20,30,HMMT_November_2022_Guts_Solutions.pdf
HMMT November 2022 Guts #21,2486,HMMT_November_2022_Guts_Solutions.pdf
HMMT November 2022 Guts #22,738,HMMT_November_2022_Guts_Solutions.pdf
HMMT November 2022 Guts #23,6068,HMMT_November_2022_Guts_Solutions.pdf
HMMT November 2022 Guts #24,"(4, 0, -1)",HMMT_November_2022_Guts_Solutions.pdf
HMMT November 2022 Guts #25,7,HMMT_November_2022_Guts_Solutions.pdf
HMMT November 2022 Guts #26,\frac{41}{81},HMMT_November_2022_Guts_Solutions.pdf
HMMT November 2022 Guts #27,54,HMMT_November_2022_Guts_Solutions.pdf
HMMT November 2022 Guts #28,48,HMMT_November_2022_Guts_Solutions.pdf
HMMT November 2022 Guts #29,\sqrt{7},HMMT_November_2022_Guts_Solutions.pdf
HMMT November 2022 Guts #30,16,HMMT_November_2022_Guts_Solutions.pdf
HMMT November 2022 Guts #31,2046264,HMMT_November_2022_Guts_Solutions.pdf
HMMT November 2022 Guts #32,\frac{19}{12},HMMT_November_2022_Guts_Solutions.pdf
HMMT November 2022 Guts #33,51,HMMT_November_2022_Guts_Solutions.pdf
HMMT November 2022 Guts #34,L \approx 23.120,HMMT_November_2022_Guts_Solutions.pdf
HMMT November 2022 Guts #35,P \approx 0.003679,HMMT_November_2022_Guts_Solutions.pdf
HMMT November 2022 Guts #36,M = 8 + 8\sqrt[3]{4} \approx 18.5285921,HMMT_November_2022_Guts_Solutions.pdf
HMMT November 2022 Team #1,1,HMMT_November_2022_Team_Solutions.pdf
HMMT November 2022 Team #2,\frac{\sqrt{3}}{2},HMMT_November_2022_Team_Solutions.pdf
HMMT November 2022 Team #3,\binom{24}{12}^2,HMMT_November_2022_Team_Solutions.pdf
HMMT November 2022 Team #4,\frac{1}{63},HMMT_November_2022_Team_Solutions.pdf
HMMT November 2022 Team #5,44,HMMT_November_2022_Team_Solutions.pdf
HMMT November 2022 Team #6,\sqrt{10} - 1,HMMT_November_2022_Team_Solutions.pdf
HMMT November 2022 Team #7,99,HMMT_November_2022_Team_Solutions.pdf
HMMT November 2022 Team #8,51,HMMT_November_2022_Team_Solutions.pdf
HMMT November 2022 Team #9,5183,HMMT_November_2022_Team_Solutions.pdf
HMMT November 2022 Team #10,4\pi,HMMT_November_2022_Team_Solutions.pdf
HMMT November 2022 Theme #1,\frac{6}{7},HMMT_November_2022_Theme_Solutions.pdf
HMMT November 2022 Theme #2,16\sqrt[4]{3},HMMT_November_2022_Theme_Solutions.pdf
HMMT November 2022 Theme #3,8093,HMMT_November_2022_Theme_Solutions.pdf
HMMT November 2022 Theme #4,"7, 15",HMMT_November_2022_Theme_Solutions.pdf
HMMT November 2022 Theme #5,\frac{3}{200},HMMT_November_2022_Theme_Solutions.pdf
HMMT November 2022 Theme #6,"2\sqrt{2}, 4 + 2\sqrt{2}",HMMT_November_2022_Theme_Solutions.pdf
HMMT November 2022 Theme #7,33\sqrt{3},HMMT_November_2022_Theme_Solutions.pdf
HMMT November 2022 Theme #8,"(1, 4, 6, 16)",HMMT_November_2022_Theme_Solutions.pdf
HMMT November 2022 Theme #9,"\frac{\sqrt{3}}{3}, 1, \frac{3\sqrt{3}}{5}",HMMT_November_2022_Theme_Solutions.pdf
HMMT November 2022 Theme #10,\frac{47}{42},HMMT_November_2022_Theme_Solutions.pdf
HMMT November 2023 General #1,\frac{4}{27},HMMT_November_2023_General_Solutions.pdf
HMMT November 2023 General #2,630,HMMT_November_2023_General_Solutions.pdf
HMMT November 2023 General #3,72,HMMT_November_2023_General_Solutions.pdf
HMMT November 2023 General #4,61,HMMT_November_2023_General_Solutions.pdf
HMMT November 2023 General #5,14,HMMT_November_2023_General_Solutions.pdf
HMMT November 2023 General #6,\sqrt{30},HMMT_November_2023_General_Solutions.pdf
HMMT November 2023 General #7,"(12, 3, 4), (6, 5.4, 7.6)",HMMT_November_2023_General_Solutions.pdf
HMMT November 2023 General #8,3480,HMMT_November_2023_General_Solutions.pdf
HMMT November 2023 General #9,\frac{3}{10},HMMT_November_2023_General_Solutions.pdf
HMMT November 2023 General #10,\sqrt{113} - \sqrt{65},HMMT_November_2023_General_Solutions.pdf
HMMT November 2023 Guts #1,18,HMMT_November_2023_Guts_Solutions.pdf
HMMT November 2023 Guts #2,186,HMMT_November_2023_Guts_Solutions.pdf
HMMT November 2023 Guts #3,575,HMMT_November_2023_Guts_Solutions.pdf
HMMT November 2023 Guts #4,5.1,HMMT_November_2023_Guts_Solutions.pdf
HMMT November 2023 Guts #5,36,HMMT_November_2023_Guts_Solutions.pdf
HMMT November 2023 Guts #6,\frac{5}{108},HMMT_November_2023_Guts_Solutions.pdf
HMMT November 2023 Guts #7,78,HMMT_November_2023_Guts_Solutions.pdf
HMMT November 2023 Guts #8,\frac{11}{6},HMMT_November_2023_Guts_Solutions.pdf
HMMT November 2023 Guts #9,9901,HMMT_November_2023_Guts_Solutions.pdf
HMMT November 2023 Guts #10,\frac{22}{25},HMMT_November_2023_Guts_Solutions.pdf
HMMT November 2023 Guts #11,\sqrt{2} + 1,HMMT_November_2023_Guts_Solutions.pdf
HMMT November 2023 Guts #12,\frac{41}{97},HMMT_November_2023_Guts_Solutions.pdf
HMMT November 2023 Guts #13,\sqrt{3},HMMT_November_2023_Guts_Solutions.pdf
HMMT November 2023 Guts #14,\frac{60}{11},HMMT_November_2023_Guts_Solutions.pdf
HMMT November 2023 Guts #15,321,HMMT_November_2023_Guts_Solutions.pdf
HMMT November 2023 Guts #16,2002,HMMT_November_2023_Guts_Solutions.pdf
HMMT November 2023 Guts #17,3\sqrt{3},HMMT_November_2023_Guts_Solutions.pdf
HMMT November 2023 Guts #18,15,HMMT_November_2023_Guts_Solutions.pdf
HMMT November 2023 Guts #19,\frac{17}{5},HMMT_November_2023_Guts_Solutions.pdf
HMMT November 2023 Guts #20,100,HMMT_November_2023_Guts_Solutions.pdf
HMMT November 2023 Guts #21,\frac{265}{357},HMMT_November_2023_Guts_Solutions.pdf
HMMT November 2023 Guts #22,3970,HMMT_November_2023_Guts_Solutions.pdf
HMMT November 2023 Guts #23,\sqrt{\frac{401}{5}},HMMT_November_2023_Guts_Solutions.pdf
HMMT November 2023 Guts #24,25,HMMT_November_2023_Guts_Solutions.pdf
HMMT November 2023 Guts #25,192,HMMT_November_2023_Guts_Solutions.pdf
HMMT November 2023 Guts #26,4221,HMMT_November_2023_Guts_Solutions.pdf
HMMT November 2023 Guts #27,294,HMMT_November_2023_Guts_Solutions.pdf
HMMT November 2023 Guts #28,7,HMMT_November_2023_Guts_Solutions.pdf
HMMT November 2023 Guts #29,3\sqrt{3},HMMT_November_2023_Guts_Solutions.pdf
HMMT November 2023 Guts #30,342,HMMT_November_2023_Guts_Solutions.pdf
HMMT November 2023 Guts #31,2530,HMMT_November_2023_Guts_Solutions.pdf
HMMT November 2023 Guts #32,2731,HMMT_November_2023_Guts_Solutions.pdf
HMMT November 2023 Guts #33,38,HMMT_November_2023_Guts_Solutions.pdf
HMMT November 2023 Guts #34,22,HMMT_November_2023_Guts_Solutions.pdf
HMMT November 2023 Guts #35,284688,HMMT_November_2023_Guts_Solutions.pdf
HMMT November 2023 Guts #36,534810086,HMMT_November_2023_Guts_Solutions.pdf
HMMT November 2023 Team #1,\sqrt{5},HMMT_November_2023_Team_Solutions.pdf
HMMT November 2023 Team #2,90,HMMT_November_2023_Team_Solutions.pdf
HMMT November 2023 Team #3,\sqrt{15},HMMT_November_2023_Team_Solutions.pdf
HMMT November 2023 Team #4,\frac{43}{192},HMMT_November_2023_Team_Solutions.pdf
HMMT November 2023 Team #5,720,HMMT_November_2023_Team_Solutions.pdf
HMMT November 2023 Team #6,9,HMMT_November_2023_Team_Solutions.pdf
HMMT November 2023 Team #7,\frac{143}{5},HMMT_November_2023_Team_Solutions.pdf
HMMT November 2023 Team #8,199,HMMT_November_2023_Team_Solutions.pdf
HMMT November 2023 Team #9,8096,HMMT_November_2023_Team_Solutions.pdf
HMMT November 2023 Team #10,366,HMMT_November_2023_Team_Solutions.pdf
HMMT November 2023 Theme #1,\frac{1}{5},HMMT_November_2023_Theme_Solutions.pdf
HMMT November 2023 Theme #2,414,HMMT_November_2023_Theme_Solutions.pdf
HMMT November 2023 Theme #3,7,HMMT_November_2023_Theme_Solutions.pdf
HMMT November 2023 Theme #4,23,HMMT_November_2023_Theme_Solutions.pdf
HMMT November 2023 Theme #5,13,HMMT_November_2023_Theme_Solutions.pdf
HMMT November 2023 Theme #6,\frac{21}{2},HMMT_November_2023_Theme_Solutions.pdf
HMMT November 2023 Theme #7,408,HMMT_November_2023_Theme_Solutions.pdf
HMMT November 2023 Theme #8,1287,HMMT_November_2023_Theme_Solutions.pdf
HMMT November 2023 Theme #9,\frac{3\sqrt{610}}{5},HMMT_November_2023_Theme_Solutions.pdf
HMMT November 2023 Theme #10,5700,HMMT_November_2023_Theme_Solutions.pdf
HMMT November 2024 General #1,42,HMMT_November_2024_General_Solutions.pdf
HMMT November 2024 General #2,\frac{3}{4},HMMT_November_2024_General_Solutions.pdf
HMMT November 2024 General #3,13,HMMT_November_2024_General_Solutions.pdf
HMMT November 2024 General #4,26,HMMT_November_2024_General_Solutions.pdf
HMMT November 2024 General #5,156,HMMT_November_2024_General_Solutions.pdf
HMMT November 2024 General #6,135,HMMT_November_2024_General_Solutions.pdf
HMMT November 2024 General #7,\frac{40}{13\sqrt{3}},HMMT_November_2024_General_Solutions.pdf
HMMT November 2024 General #8,285,HMMT_November_2024_General_Solutions.pdf
HMMT November 2024 General #9,"\frac{1}{2}, \frac{\sqrt{7}}{7}",HMMT_November_2024_General_Solutions.pdf
HMMT November 2024 General #10,203,HMMT_November_2024_General_Solutions.pdf
HMMT November 2024 Guts #1,\frac{1}{3},HMMT_November_2024_Guts_Solutions.pdf
HMMT November 2024 Guts #2,96,HMMT_November_2024_Guts_Solutions.pdf
HMMT November 2024 Guts #3,12,HMMT_November_2024_Guts_Solutions.pdf
HMMT November 2024 Guts #4,8,HMMT_November_2024_Guts_Solutions.pdf
HMMT November 2024 Guts #5,20,HMMT_November_2024_Guts_Solutions.pdf
HMMT November 2024 Guts #6,11,HMMT_November_2024_Guts_Solutions.pdf
HMMT November 2024 Guts #7,21,HMMT_November_2024_Guts_Solutions.pdf
HMMT November 2024 Guts #8,10\pi,HMMT_November_2024_Guts_Solutions.pdf
HMMT November 2024 Guts #9,5,HMMT_November_2024_Guts_Solutions.pdf
HMMT November 2024 Guts #10,41,HMMT_November_2024_Guts_Solutions.pdf
HMMT November 2024 Guts #11,148,HMMT_November_2024_Guts_Solutions.pdf
HMMT November 2024 Guts #12,5,HMMT_November_2024_Guts_Solutions.pdf
HMMT November 2024 Guts #13,389,HMMT_November_2024_Guts_Solutions.pdf
HMMT November 2024 Guts #14,3\sqrt{6},HMMT_November_2024_Guts_Solutions.pdf
HMMT November 2024 Guts #15,89,HMMT_November_2024_Guts_Solutions.pdf
HMMT November 2024 Guts #16,9900,HMMT_November_2024_Guts_Solutions.pdf
HMMT November 2024 Guts #17,1215,HMMT_November_2024_Guts_Solutions.pdf
HMMT November 2024 Guts #18,34,HMMT_November_2024_Guts_Solutions.pdf
HMMT November 2024 Guts #19,410,HMMT_November_2024_Guts_Solutions.pdf
HMMT November 2024 Guts #20,-38,HMMT_November_2024_Guts_Solutions.pdf
HMMT November 2024 Guts #21,\frac{21}{25},HMMT_November_2024_Guts_Solutions.pdf
HMMT November 2024 Guts #22,23,HMMT_November_2024_Guts_Solutions.pdf
HMMT November 2024 Guts #23,\frac{1}{2},HMMT_November_2024_Guts_Solutions.pdf
HMMT November 2024 Guts #24,^{64}\sqrt{3} - 3,HMMT_November_2024_Guts_Solutions.pdf
HMMT November 2024 Guts #25,\sqrt{6} + 3\sqrt{2},HMMT_November_2024_Guts_Solutions.pdf
HMMT November 2024 Guts #26,11770,HMMT_November_2024_Guts_Solutions.pdf
HMMT November 2024 Guts #27,1000000,HMMT_November_2024_Guts_Solutions.pdf
HMMT November 2024 Guts #28,\pi(\sqrt{5} + 1),HMMT_November_2024_Guts_Solutions.pdf
HMMT November 2024 Guts #29,75 + 24\sqrt{2},HMMT_November_2024_Guts_Solutions.pdf
HMMT November 2024 Guts #30,79,HMMT_November_2024_Guts_Solutions.pdf
HMMT November 2024 Guts #31,28,HMMT_November_2024_Guts_Solutions.pdf
HMMT November 2024 Guts #32,12\sqrt{2} - 16,HMMT_November_2024_Guts_Solutions.pdf
HMMT November 2024 Guts #33,1638,HMMT_November_2024_Guts_Solutions.pdf
HMMT November 2024 Guts #34,141444,HMMT_November_2024_Guts_Solutions.pdf
HMMT November 2024 Guts #35,350,HMMT_November_2024_Guts_Solutions.pdf
HMMT November 2024 Guts #36,0.1085859,HMMT_November_2024_Guts_Solutions.pdf
HMMT November 2024 Team #1,523,HMMT_November_2024_Team_Solutions.pdf
HMMT November 2024 Team #2,11,HMMT_November_2024_Team_Solutions.pdf
HMMT November 2024 Team #3,34,HMMT_November_2024_Team_Solutions.pdf
HMMT November 2024 Team #4,1512,HMMT_November_2024_Team_Solutions.pdf
HMMT November 2024 Team #5,206,HMMT_November_2024_Team_Solutions.pdf
HMMT November 2024 Team #6,25/3,HMMT_November_2024_Team_Solutions.pdf
HMMT November 2024 Team #7,7735,HMMT_November_2024_Team_Solutions.pdf
HMMT November 2024 Team #8,23/8,HMMT_November_2024_Team_Solutions.pdf
HMMT November 2024 Team #9,345\sqrt{3},HMMT_November_2024_Team_Solutions.pdf
HMMT November 2024 Team #10,11856,HMMT_November_2024_Team_Solutions.pdf
HMMT November 2024 Theme #1,2,HMMT_November_2024_Theme_Solutions.pdf
HMMT November 2024 Theme #2,49,HMMT_November_2024_Theme_Solutions.pdf
HMMT November 2024 Theme #3,\sqrt{3} - 1,HMMT_November_2024_Theme_Solutions.pdf
HMMT November 2024 Theme #4,168,HMMT_November_2024_Theme_Solutions.pdf
HMMT November 2024 Theme #5,197,HMMT_November_2024_Theme_Solutions.pdf
HMMT November 2024 Theme #6,82.5,HMMT_November_2024_Theme_Solutions.pdf
HMMT November 2024 Theme #7,31,HMMT_November_2024_Theme_Solutions.pdf
HMMT November 2024 Theme #8,38,HMMT_November_2024_Theme_Solutions.pdf
HMMT November 2024 Theme #9,4365,HMMT_November_2024_Theme_Solutions.pdf
HMMT November 2024 Theme #10,25\sqrt{6},HMMT_November_2024_Theme_Solutions.pdf
HMMT November 2025 General #1,3,HMMT_November_2025_General_Solutions.pdf
HMMT November 2025 General #2,12,HMMT_November_2025_General_Solutions.pdf
HMMT November 2025 General #3,1296,HMMT_November_2025_General_Solutions.pdf
HMMT November 2025 General #4,31,HMMT_November_2025_General_Solutions.pdf
HMMT November 2025 General #5,21,HMMT_November_2025_General_Solutions.pdf
HMMT November 2025 General #6,4^6\binom{6}{3} = 81920,HMMT_November_2025_General_Solutions.pdf
HMMT November 2025 General #7,1305,HMMT_November_2025_General_Solutions.pdf
HMMT November 2025 General #8,200,HMMT_November_2025_General_Solutions.pdf
HMMT November 2025 General #9,\frac{1}{91},HMMT_November_2025_General_Solutions.pdf
HMMT November 2025 General #10,372,HMMT_November_2025_General_Solutions.pdf
HMMT November 2025 Guts #1,0,HMMT_November_2025_Guts_Solutions.pdf
HMMT November 2025 Guts #2,69,HMMT_November_2025_Guts_Solutions.pdf
HMMT November 2025 Guts #3,1000,HMMT_November_2025_Guts_Solutions.pdf
HMMT November 2025 Guts #4,95,HMMT_November_2025_Guts_Solutions.pdf
HMMT November 2025 Guts #5,8,HMMT_November_2025_Guts_Solutions.pdf
HMMT November 2025 Guts #6,12,HMMT_November_2025_Guts_Solutions.pdf
HMMT November 2025 Guts #7,\sqrt{13},HMMT_November_2025_Guts_Solutions.pdf
HMMT November 2025 Guts #8,243,HMMT_November_2025_Guts_Solutions.pdf
HMMT November 2025 Guts #9,233,HMMT_November_2025_Guts_Solutions.pdf
HMMT November 2025 Guts #10,75,HMMT_November_2025_Guts_Solutions.pdf
HMMT November 2025 Guts #11,128,HMMT_November_2025_Guts_Solutions.pdf
HMMT November 2025 Guts #12,\frac{16}{7},HMMT_November_2025_Guts_Solutions.pdf
HMMT November 2025 Guts #13,5\sqrt{11},HMMT_November_2025_Guts_Solutions.pdf
HMMT November 2025 Guts #14,48,HMMT_November_2025_Guts_Solutions.pdf
HMMT November 2025 Guts #15,\frac{1}{3},HMMT_November_2025_Guts_Solutions.pdf
HMMT November 2025 Guts #16,80,HMMT_November_2025_Guts_Solutions.pdf
HMMT November 2025 Guts #17,\frac{15\sqrt{34}}{17},HMMT_November_2025_Guts_Solutions.pdf
HMMT November 2025 Guts #18,4096,HMMT_November_2025_Guts_Solutions.pdf
HMMT November 2025 Guts #19,105,HMMT_November_2025_Guts_Solutions.pdf
HMMT November 2025 Guts #20,25,HMMT_November_2025_Guts_Solutions.pdf
HMMT November 2025 Guts #21,\frac{14}{3},HMMT_November_2025_Guts_Solutions.pdf
HMMT November 2025 Guts #22,42,HMMT_November_2025_Guts_Solutions.pdf
HMMT November 2025 Guts #23,\frac{45}{7},HMMT_November_2025_Guts_Solutions.pdf
HMMT November 2025 Guts #24,60\sqrt{3},HMMT_November_2025_Guts_Solutions.pdf
HMMT November 2025 Guts #25,57,HMMT_November_2025_Guts_Solutions.pdf
HMMT November 2025 Guts #26,\sqrt{114} - 3,HMMT_November_2025_Guts_Solutions.pdf
HMMT November 2025 Guts #27,274,HMMT_November_2025_Guts_Solutions.pdf
HMMT November 2025 Guts #28,606,HMMT_November_2025_Guts_Solutions.pdf
HMMT November 2025 Guts #29,2650134987,HMMT_November_2025_Guts_Solutions.pdf
HMMT November 2025 Guts #30,\frac{75}{4},HMMT_November_2025_Guts_Solutions.pdf
HMMT November 2025 Guts #31,\frac{1}{16},HMMT_November_2025_Guts_Solutions.pdf
HMMT November 2025 Guts #32,867,HMMT_November_2025_Guts_Solutions.pdf
HMMT November 2025 Guts #33,\frac{6\sqrt{3}}{7},HMMT_November_2025_Guts_Solutions.pdf
HMMT November 2025 Guts #34,6422804,HMMT_November_2025_Guts_Solutions.pdf
HMMT November 2025 Guts #35,29.267,HMMT_November_2025_Guts_Solutions.pdf
HMMT November 2025 Guts #36,"44944, 40401, 42025, 252004, 4489, 212521, 15625, 1587600, 3600",HMMT_November_2025_Guts_Solutions.pdf
HMMT November 2025 Team #1,238,HMMT_November_2025_Team_Solutions.pdf
HMMT November 2025 Team #2,855,HMMT_November_2025_Team_Solutions.pdf
HMMT November 2025 Team #3,\sqrt{3} - 1,HMMT_November_2025_Team_Solutions.pdf
HMMT November 2025 Team #4,3069,HMMT_November_2025_Team_Solutions.pdf
HMMT November 2025 Team #5,175,HMMT_November_2025_Team_Solutions.pdf
HMMT November 2025 Team #6,96 - 10\sqrt{21},HMMT_November_2025_Team_Solutions.pdf
HMMT November 2025 Team #7,5940,HMMT_November_2025_Team_Solutions.pdf
HMMT November 2025 Team #8,254,HMMT_November_2025_Team_Solutions.pdf
HMMT November 2025 Team #9,\frac{199}{8},HMMT_November_2025_Team_Solutions.pdf
HMMT November 2025 Team #10,\frac{3\sqrt{5}}{7},HMMT_November_2025_Team_Solutions.pdf
HMMT November 2025 Theme #1,79,HMMT_November_2025_Theme_Solutions.pdf
HMMT November 2025 Theme #2,5,HMMT_November_2025_Theme_Solutions.pdf
HMMT November 2025 Theme #3,36,HMMT_November_2025_Theme_Solutions.pdf
HMMT November 2025 Theme #4,99774,HMMT_November_2025_Theme_Solutions.pdf
HMMT November 2025 Theme #5,\binom{12}{4} = 495,HMMT_November_2025_Theme_Solutions.pdf
HMMT November 2025 Theme #6,5\pi + 6\sqrt{3},HMMT_November_2025_Theme_Solutions.pdf
HMMT November 2025 Theme #7,7350,HMMT_November_2025_Theme_Solutions.pdf
HMMT November 2025 Theme #8,\frac{17}{2} = 8.5,HMMT_November_2025_Theme_Solutions.pdf
HMMT November 2025 Theme #9,\frac{91}{6},HMMT_November_2025_Theme_Solutions.pdf
HMMT November 2025 Theme #10,\frac{\sqrt{7}+1}{2},HMMT_November_2025_Theme_Solutions.pdf
PUMaC 2008 Algebra A #1,34,PUMaC_2008_Algebra_A_Solutions.pdf
PUMaC 2008 Algebra A #2,9,PUMaC_2008_Algebra_A_Solutions.pdf
PUMaC 2008 Algebra A #3,1026,PUMaC_2008_Algebra_A_Solutions.pdf
PUMaC 2008 Algebra A #4,-\frac{1}{4},PUMaC_2008_Algebra_A_Solutions.pdf
PUMaC 2008 Algebra A #5,3,PUMaC_2008_Algebra_A_Solutions.pdf
PUMaC 2008 Algebra A #6,x^4 + x^3 - 3x^2 - 2x + 2,PUMaC_2008_Algebra_A_Solutions.pdf
PUMaC 2008 Algebra A #7,120,PUMaC_2008_Algebra_A_Solutions.pdf
PUMaC 2008 Algebra A #8,4,PUMaC_2008_Algebra_A_Solutions.pdf
PUMaC 2008 Algebra A #9,(n + 1)H_n - n,PUMaC_2008_Algebra_A_Solutions.pdf
PUMaC 2008 Algebra A #10,-13,PUMaC_2008_Algebra_A_Solutions.pdf
PUMaC 2008 Algebra A #11,-x^5 + x^4 - x^3,PUMaC_2008_Algebra_A_Solutions.pdf
PUMaC 2008 Algebra A #12,x^6 + x^4 + 34x^2 + 36x,PUMaC_2008_Algebra_A_Solutions.pdf
PUMaC 2008 Algebra A #13,521,PUMaC_2008_Algebra_A_Solutions.pdf
PUMaC 2008 Algebra A #14,4,PUMaC_2008_Algebra_A_Solutions.pdf
PUMaC 2008 Algebra B #1,34,PUMaC_2008_Algebra_B_Solutions.pdf
PUMaC 2008 Algebra B #2,9,PUMaC_2008_Algebra_B_Solutions.pdf
PUMaC 2008 Algebra B #3,1026,PUMaC_2008_Algebra_B_Solutions.pdf
PUMaC 2008 Algebra B #4,-\frac{1}{4},PUMaC_2008_Algebra_B_Solutions.pdf
PUMaC 2008 Algebra B #5,3,PUMaC_2008_Algebra_B_Solutions.pdf
PUMaC 2008 Algebra B #6,x^4 + x^3 - 3x^2 - 2x + 2,PUMaC_2008_Algebra_B_Solutions.pdf
PUMaC 2008 Algebra B #7,120,PUMaC_2008_Algebra_B_Solutions.pdf
PUMaC 2008 Algebra B #8,4,PUMaC_2008_Algebra_B_Solutions.pdf
PUMaC 2008 Algebra B #9,(n + 1)H_n - n,PUMaC_2008_Algebra_B_Solutions.pdf
PUMaC 2008 Algebra B #10,-13,PUMaC_2008_Algebra_B_Solutions.pdf
PUMaC 2008 Algebra B #11,-x^5 + x^4 - x^3,PUMaC_2008_Algebra_B_Solutions.pdf
PUMaC 2008 Algebra B #12,x^6 + x^4 + 34x^2 + 36x,PUMaC_2008_Algebra_B_Solutions.pdf
PUMaC 2008 Algebra B #13,521,PUMaC_2008_Algebra_B_Solutions.pdf
PUMaC 2008 Algebra B #14,4,PUMaC_2008_Algebra_B_Solutions.pdf
PUMaC 2008 Combinatorics A #1,\frac{9}{92},PUMaC_2008_Combinatorics_A_Solutions.pdf
PUMaC 2008 Combinatorics A #2,225,PUMaC_2008_Combinatorics_A_Solutions.pdf
PUMaC 2008 Combinatorics A #3,\frac{2}{3},PUMaC_2008_Combinatorics_A_Solutions.pdf
PUMaC 2008 Combinatorics A #4,\left(\frac{2008 \times 2009}{2}\right)^2,PUMaC_2008_Combinatorics_A_Solutions.pdf
PUMaC 2008 Combinatorics A #5,3^{2009},PUMaC_2008_Combinatorics_A_Solutions.pdf
PUMaC 2008 Combinatorics A #6,2017036,PUMaC_2008_Combinatorics_A_Solutions.pdf
PUMaC 2008 Combinatorics A #7,2160,PUMaC_2008_Combinatorics_A_Solutions.pdf
PUMaC 2008 Combinatorics A #8,1200,PUMaC_2008_Combinatorics_A_Solutions.pdf
PUMaC 2008 Combinatorics A #9,90,PUMaC_2008_Combinatorics_A_Solutions.pdf
PUMaC 2008 Combinatorics A #10,\frac{2974267296}{537409},PUMaC_2008_Combinatorics_A_Solutions.pdf
PUMaC 2008 Combinatorics A #11,1965150720,PUMaC_2008_Combinatorics_A_Solutions.pdf
PUMaC 2008 Combinatorics A #12,75,PUMaC_2008_Combinatorics_A_Solutions.pdf
PUMaC 2008 Combinatorics A #13,\frac{1}{2010}\binom{4018}{2009},PUMaC_2008_Combinatorics_A_Solutions.pdf
PUMaC 2008 Combinatorics B #1,\frac{9}{92},PUMaC_2008_Combinatorics_B_Solutions.pdf
PUMaC 2008 Combinatorics B #2,225,PUMaC_2008_Combinatorics_B_Solutions.pdf
PUMaC 2008 Combinatorics B #3,\frac{2}{3},PUMaC_2008_Combinatorics_B_Solutions.pdf
PUMaC 2008 Combinatorics B #4,\left(\frac{2008 \times 2009}{2}\right)^2,PUMaC_2008_Combinatorics_B_Solutions.pdf
PUMaC 2008 Combinatorics B #5,3^{2009},PUMaC_2008_Combinatorics_B_Solutions.pdf
PUMaC 2008 Combinatorics B #6,2017036,PUMaC_2008_Combinatorics_B_Solutions.pdf
PUMaC 2008 Combinatorics B #7,2160,PUMaC_2008_Combinatorics_B_Solutions.pdf
PUMaC 2008 Combinatorics B #8,1200,PUMaC_2008_Combinatorics_B_Solutions.pdf
PUMaC 2008 Combinatorics B #9,90,PUMaC_2008_Combinatorics_B_Solutions.pdf
PUMaC 2008 Combinatorics B #10,\frac{2974267296}{537409},PUMaC_2008_Combinatorics_B_Solutions.pdf
PUMaC 2008 Combinatorics B #11,1965150720,PUMaC_2008_Combinatorics_B_Solutions.pdf
PUMaC 2008 Combinatorics B #12,75,PUMaC_2008_Combinatorics_B_Solutions.pdf
PUMaC 2008 Combinatorics B #13,\frac{1}{2010}\binom{4018}{2009},PUMaC_2008_Combinatorics_B_Solutions.pdf
PUMaC 2008 Finals A #1,\text{None exist},PUMaC_2008_Finals_A_Solutions.pdf
PUMaC 2008 Finals A #2a,4,PUMaC_2008_Finals_A_Solutions.pdf
PUMaC 2008 Finals A #2b,13,PUMaC_2008_Finals_A_Solutions.pdf
PUMaC 2008 Finals A #4,1,PUMaC_2008_Finals_A_Solutions.pdf
PUMaC 2008 Geometry A #1,\text{Decreases 9\%},PUMaC_2008_Geometry_A_Solutions.pdf
PUMaC 2008 Geometry A #2,\frac{16}{\pi},PUMaC_2008_Geometry_A_Solutions.pdf
PUMaC 2008 Geometry A #3,60 + \frac{34}{3}\pi,PUMaC_2008_Geometry_A_Solutions.pdf
PUMaC 2008 Geometry A #4,7 - 4\sqrt{3},PUMaC_2008_Geometry_A_Solutions.pdf
PUMaC 2008 Geometry A #5,\sqrt{3} - \frac{1}{2},PUMaC_2008_Geometry_A_Solutions.pdf
PUMaC 2008 Geometry A #6,\frac{48\sqrt{6}}{5},PUMaC_2008_Geometry_A_Solutions.pdf
PUMaC 2008 Geometry A #7,\frac{2\sqrt{6}-1}{6},PUMaC_2008_Geometry_A_Solutions.pdf
PUMaC 2008 Geometry A #8,12,PUMaC_2008_Geometry_A_Solutions.pdf
PUMaC 2008 Geometry A #9,\frac{1+\sqrt{5}}{5},PUMaC_2008_Geometry_A_Solutions.pdf
PUMaC 2008 Geometry A #10,"\left(\frac{5}{13}, \frac{3\sqrt{3}}{13}\right)",PUMaC_2008_Geometry_A_Solutions.pdf
PUMaC 2008 Geometry A #11,2,PUMaC_2008_Geometry_A_Solutions.pdf
PUMaC 2008 Geometry A #12,8,PUMaC_2008_Geometry_A_Solutions.pdf
PUMaC 2008 Geometry A #13,\frac{\pi}{6} \text{ or } \frac{5\pi}{6},PUMaC_2008_Geometry_A_Solutions.pdf
PUMaC 2008 Geometry A #14,\frac{23}{27},PUMaC_2008_Geometry_A_Solutions.pdf
PUMaC 2008 Geometry B #1,\text{Decreases } 9\%,PUMaC_2008_Geometry_B_Solutions.pdf
PUMaC 2008 Geometry B #2,\frac{16}{\pi},PUMaC_2008_Geometry_B_Solutions.pdf
PUMaC 2008 Geometry B #3,60 + \frac{34}{3}\pi,PUMaC_2008_Geometry_B_Solutions.pdf
PUMaC 2008 Geometry B #4,7 - 4\sqrt{3},PUMaC_2008_Geometry_B_Solutions.pdf
PUMaC 2008 Geometry B #5,\sqrt{3} - \frac{1}{2},PUMaC_2008_Geometry_B_Solutions.pdf
PUMaC 2008 Geometry B #6,\frac{48\sqrt{6}}{5},PUMaC_2008_Geometry_B_Solutions.pdf
PUMaC 2008 Geometry B #7,\frac{2\sqrt{6}-1}{6},PUMaC_2008_Geometry_B_Solutions.pdf
PUMaC 2008 Geometry B #8,12,PUMaC_2008_Geometry_B_Solutions.pdf
PUMaC 2008 Geometry B #9,\frac{1+\sqrt{5}}{5},PUMaC_2008_Geometry_B_Solutions.pdf
PUMaC 2008 Geometry B #10,"\left(\frac{5}{13}, \frac{3\sqrt{3}}{13}\right)",PUMaC_2008_Geometry_B_Solutions.pdf
PUMaC 2008 Geometry B #11,2,PUMaC_2008_Geometry_B_Solutions.pdf
PUMaC 2008 Geometry B #12,8,PUMaC_2008_Geometry_B_Solutions.pdf
PUMaC 2008 Geometry B #13,\frac{\pi}{6} \text{ or } \frac{5\pi}{6},PUMaC_2008_Geometry_B_Solutions.pdf
PUMaC 2008 Geometry B #14,\frac{23}{27},PUMaC_2008_Geometry_B_Solutions.pdf
PUMaC 2008 NumberTheory A #1,3,PUMaC_2008_NumberTheory_A_Solutions.pdf
PUMaC 2008 NumberTheory A #2,196,PUMaC_2008_NumberTheory_A_Solutions.pdf
PUMaC 2008 NumberTheory A #3,"(2, 1) \text{ and } (3, 2)",PUMaC_2008_NumberTheory_A_Solutions.pdf
PUMaC 2008 NumberTheory A #4,2009,PUMaC_2008_NumberTheory_A_Solutions.pdf
PUMaC 2008 NumberTheory A #5,16,PUMaC_2008_NumberTheory_A_Solutions.pdf
PUMaC 2008 NumberTheory A #6,"2, 3, 4, 6",PUMaC_2008_NumberTheory_A_Solutions.pdf
PUMaC 2008 NumberTheory A #7,5,PUMaC_2008_NumberTheory_A_Solutions.pdf
PUMaC 2008 NumberTheory A #8,32,PUMaC_2008_NumberTheory_A_Solutions.pdf
PUMaC 2008 NumberTheory A #9,2016031,PUMaC_2008_NumberTheory_A_Solutions.pdf
PUMaC 2008 NumberTheory A #10,50,PUMaC_2008_NumberTheory_A_Solutions.pdf
PUMaC 2008 NumberTheory A #11,"2, 29, 31",PUMaC_2008_NumberTheory_A_Solutions.pdf
PUMaC 2008 NumberTheory A #12,8,PUMaC_2008_NumberTheory_A_Solutions.pdf
PUMaC 2008 NumberTheory A #13,9,PUMaC_2008_NumberTheory_A_Solutions.pdf
PUMaC 2008 NumberTheory B #1,3,PUMaC_2008_NumberTheory_B_Solutions.pdf
PUMaC 2008 NumberTheory B #2,196,PUMaC_2008_NumberTheory_B_Solutions.pdf
PUMaC 2008 NumberTheory B #3,"(2, 1) \text{ and } (3, 2)",PUMaC_2008_NumberTheory_B_Solutions.pdf
PUMaC 2008 NumberTheory B #4,2009,PUMaC_2008_NumberTheory_B_Solutions.pdf
PUMaC 2008 NumberTheory B #5,16,PUMaC_2008_NumberTheory_B_Solutions.pdf
PUMaC 2008 NumberTheory B #6,"2, 3, 4, 6",PUMaC_2008_NumberTheory_B_Solutions.pdf
PUMaC 2008 NumberTheory B #7,5,PUMaC_2008_NumberTheory_B_Solutions.pdf
PUMaC 2008 NumberTheory B #8,32,PUMaC_2008_NumberTheory_B_Solutions.pdf
PUMaC 2008 NumberTheory B #9,2016031,PUMaC_2008_NumberTheory_B_Solutions.pdf
PUMaC 2008 NumberTheory B #10,50,PUMaC_2008_NumberTheory_B_Solutions.pdf
PUMaC 2008 NumberTheory B #11,"2, 29, 31",PUMaC_2008_NumberTheory_B_Solutions.pdf
PUMaC 2008 NumberTheory B #12,8,PUMaC_2008_NumberTheory_B_Solutions.pdf
PUMaC 2008 NumberTheory B #13,9,PUMaC_2008_NumberTheory_B_Solutions.pdf
PUMaC 2008 Team #1,5,PUMaC_2008_Team_Solutions.pdf
PUMaC 2008 Team #2,6,PUMaC_2008_Team_Solutions.pdf
PUMaC 2008 Team #3,31,PUMaC_2008_Team_Solutions.pdf
PUMaC 2008 Team #4,\frac{38}{13},PUMaC_2008_Team_Solutions.pdf
PUMaC 2008 Team #5,10\sqrt{6},PUMaC_2008_Team_Solutions.pdf
PUMaC 2008 Team #6,337,PUMaC_2008_Team_Solutions.pdf
PUMaC 2008 Team #7,4\pi + 8,PUMaC_2008_Team_Solutions.pdf
PUMaC 2008 Team #8,\frac{2008}{4017} + 4034072,PUMaC_2008_Team_Solutions.pdf
PUMaC 2008 Team #9,a^3 - 3ab,PUMaC_2008_Team_Solutions.pdf
PUMaC 2008 Team #11,x^6 + 3x^5 + 10x^4 + 15x^3 + 10x^2 + 3x + 1,PUMaC_2008_Team_Solutions.pdf
PUMaC 2008 Team #12,2^{25} \cdot 5 \cdot 11,PUMaC_2008_Team_Solutions.pdf
PUMaC 2008 Team #13,1805535,PUMaC_2008_Team_Solutions.pdf
PUMaC 2009 Algebra A #1,7,PUMaC_2009_Algebra_A_Solutions.pdf
PUMaC 2009 Algebra A #2,455,PUMaC_2009_Algebra_A_Solutions.pdf
PUMaC 2009 Algebra A #3,810,PUMaC_2009_Algebra_A_Solutions.pdf
PUMaC 2009 Algebra A #4,120,PUMaC_2009_Algebra_A_Solutions.pdf
PUMaC 2009 Algebra A #5,8,PUMaC_2009_Algebra_A_Solutions.pdf
PUMaC 2009 Algebra A #6,3,PUMaC_2009_Algebra_A_Solutions.pdf
PUMaC 2009 Algebra A #7,511,PUMaC_2009_Algebra_A_Solutions.pdf
PUMaC 2009 Algebra A #8,125,PUMaC_2009_Algebra_A_Solutions.pdf
PUMaC 2009 Algebra B #1,4038096,PUMaC_2009_Algebra_B_Solutions.pdf
PUMaC 2009 Algebra B #2,17,PUMaC_2009_Algebra_B_Solutions.pdf
PUMaC 2009 Algebra B #3,7,PUMaC_2009_Algebra_B_Solutions.pdf
PUMaC 2009 Algebra B #4,455,PUMaC_2009_Algebra_B_Solutions.pdf
PUMaC 2009 Algebra B #5,810,PUMaC_2009_Algebra_B_Solutions.pdf
PUMaC 2009 Algebra B #6,120,PUMaC_2009_Algebra_B_Solutions.pdf
PUMaC 2009 Algebra B #7,8,PUMaC_2009_Algebra_B_Solutions.pdf
PUMaC 2009 Algebra B #8,3,PUMaC_2009_Algebra_B_Solutions.pdf
PUMaC 2009 Combinatorics A #1,34,PUMaC_2009_Combinatorics_A_Solutions.pdf
PUMaC 2009 Combinatorics A #2,8,PUMaC_2009_Combinatorics_A_Solutions.pdf
PUMaC 2009 Combinatorics A #3,72,PUMaC_2009_Combinatorics_A_Solutions.pdf
PUMaC 2009 Combinatorics A #4,22,PUMaC_2009_Combinatorics_A_Solutions.pdf
PUMaC 2009 Combinatorics A #5,9,PUMaC_2009_Combinatorics_A_Solutions.pdf
PUMaC 2009 Combinatorics A #6,21,PUMaC_2009_Combinatorics_A_Solutions.pdf
PUMaC 2009 Combinatorics A #7,606,PUMaC_2009_Combinatorics_A_Solutions.pdf
PUMaC 2009 Combinatorics A #8,198,PUMaC_2009_Combinatorics_A_Solutions.pdf
PUMaC 2009 Combinatorics B #1,42,PUMaC_2009_Combinatorics_B_Solutions.pdf
PUMaC 2009 Combinatorics B #2,34,PUMaC_2009_Combinatorics_B_Solutions.pdf
PUMaC 2009 Combinatorics B #3,8,PUMaC_2009_Combinatorics_B_Solutions.pdf
PUMaC 2009 Combinatorics B #4,72,PUMaC_2009_Combinatorics_B_Solutions.pdf
PUMaC 2009 Combinatorics B #5,22,PUMaC_2009_Combinatorics_B_Solutions.pdf
PUMaC 2009 Combinatorics B #6,9,PUMaC_2009_Combinatorics_B_Solutions.pdf
PUMaC 2009 Combinatorics B #7,21,PUMaC_2009_Combinatorics_B_Solutions.pdf
PUMaC 2009 Combinatorics B #8,606,PUMaC_2009_Combinatorics_B_Solutions.pdf
PUMaC 2009 Geometry A #1,30,PUMaC_2009_Geometry_A_Solutions.pdf
PUMaC 2009 Geometry A #2,13,PUMaC_2009_Geometry_A_Solutions.pdf
PUMaC 2009 Geometry A #3,1,PUMaC_2009_Geometry_A_Solutions.pdf
PUMaC 2009 Geometry A #4,30,PUMaC_2009_Geometry_A_Solutions.pdf
PUMaC 2009 Geometry A #5,2414,PUMaC_2009_Geometry_A_Solutions.pdf
PUMaC 2009 Geometry A #6,52972,PUMaC_2009_Geometry_A_Solutions.pdf
PUMaC 2009 Geometry A #7,9,PUMaC_2009_Geometry_A_Solutions.pdf
PUMaC 2009 Geometry A #8,60,PUMaC_2009_Geometry_A_Solutions.pdf
PUMaC 2009 Geometry B #1,300,PUMaC_2009_Geometry_B_Solutions.pdf
PUMaC 2009 Geometry B #2,160,PUMaC_2009_Geometry_B_Solutions.pdf
PUMaC 2009 Geometry B #3,30,PUMaC_2009_Geometry_B_Solutions.pdf
PUMaC 2009 Geometry B #4,13,PUMaC_2009_Geometry_B_Solutions.pdf
PUMaC 2009 Geometry B #5,1,PUMaC_2009_Geometry_B_Solutions.pdf
PUMaC 2009 Geometry B #6,30,PUMaC_2009_Geometry_B_Solutions.pdf
PUMaC 2009 Geometry B #7,2414,PUMaC_2009_Geometry_B_Solutions.pdf
PUMaC 2009 Geometry B #8,52972,PUMaC_2009_Geometry_B_Solutions.pdf
PUMaC 2009 NumberTheory B #1,12,PUMaC_2009_NumberTheory_B_Solutions.pdf
PUMaC 2009 NumberTheory B #2,4,PUMaC_2009_NumberTheory_B_Solutions.pdf
PUMaC 2009 NumberTheory B #3,42,PUMaC_2009_NumberTheory_B_Solutions.pdf
PUMaC 2009 NumberTheory B #4,1,PUMaC_2009_NumberTheory_B_Solutions.pdf
PUMaC 2009 NumberTheory B #5,719,PUMaC_2009_NumberTheory_B_Solutions.pdf
PUMaC 2009 NumberTheory B #6,6,PUMaC_2009_NumberTheory_B_Solutions.pdf
PUMaC 2009 NumberTheory B #7,31,PUMaC_2009_NumberTheory_B_Solutions.pdf
PUMaC 2009 NumberTheory B #8,1111,PUMaC_2009_NumberTheory_B_Solutions.pdf
PUMaC 2009 Power #2.1,L = dZ \text{ for nonnegative integers } d,PUMaC_2009_Power_Solutions.pdf
PUMaC 2009 Power #2.3,"\text{No, the lattice is not full}",PUMaC_2009_Power_Solutions.pdf
PUMaC 2009 Power #2.4,"\text{Yes, the lattice is full}",PUMaC_2009_Power_Solutions.pdf
PUMaC 2009 Power #3.3,\det L = 3,PUMaC_2009_Power_Solutions.pdf
PUMaC 2009 Power #5.3,"\text{Yes, the lattices are isomorphic}",PUMaC_2009_Power_Solutions.pdf
PUMaC 2009 Power #5.4,"\text{No, the lattices are not isomorphic}",PUMaC_2009_Power_Solutions.pdf
PUMaC 2009 Power #5.5,"L = \langle (d, 0), (0, \Delta/d) \rangle",PUMaC_2009_Power_Solutions.pdf
PUMaC 2009 Power #5.7,"L_1 = \langle (1,0,0), (0,2,0), (0,0,2) \rangle \text{ and } L_2 = \langle (1,0,0), (0,1,0), (0,0,4) \rangle",PUMaC_2009_Power_Solutions.pdf
PUMaC 2009 Power #6.1,(1; 6; 0),PUMaC_2009_Power_Solutions.pdf
PUMaC 2009 Power #6.2,(1; 1; 3; 180),PUMaC_2009_Power_Solutions.pdf
PUMaC 2009 Team #1 Across,121,PUMaC_2009_Team_Solutions.pdf
PUMaC 2009 Team #4 Across,192,PUMaC_2009_Team_Solutions.pdf
PUMaC 2009 Team #6 Across,83521,PUMaC_2009_Team_Solutions.pdf
PUMaC 2009 Team #7 Across,231,PUMaC_2009_Team_Solutions.pdf
PUMaC 2009 Team #8 Across,45313,PUMaC_2009_Team_Solutions.pdf
PUMaC 2009 Team #9 Across,729,PUMaC_2009_Team_Solutions.pdf
PUMaC 2009 Team #11 Across,01505,PUMaC_2009_Team_Solutions.pdf
PUMaC 2009 Team #13 Across,13122,PUMaC_2009_Team_Solutions.pdf
PUMaC 2009 Team #15 Across,250\pi,PUMaC_2009_Team_Solutions.pdf
PUMaC 2009 Team #2 Down,181440,PUMaC_2009_Team_Solutions.pdf
PUMaC 2009 Team #3 Down,259335,PUMaC_2009_Team_Solutions.pdf
PUMaC 2009 Team #4 Down,111375,PUMaC_2009_Team_Solutions.pdf
PUMaC 2009 Team #5 Down,240,PUMaC_2009_Team_Solutions.pdf
PUMaC 2009 Team #7 Down,2100112,PUMaC_2009_Team_Solutions.pdf
PUMaC 2009 Team #10 Down,9409\pi,PUMaC_2009_Team_Solutions.pdf
PUMaC 2009 Team #12 Down,1729,PUMaC_2009_Team_Solutions.pdf
PUMaC 2009 Team #14 Down,25,PUMaC_2009_Team_Solutions.pdf
PUMaC 2010 Algebra A #1,16,PUMaC_2010_Algebra_A_Solutions.pdf
PUMaC 2010 Algebra A #2,2077,PUMaC_2010_Algebra_A_Solutions.pdf
PUMaC 2010 Algebra A #3,5,PUMaC_2010_Algebra_A_Solutions.pdf
PUMaC 2010 Algebra A #4,2400,PUMaC_2010_Algebra_A_Solutions.pdf
PUMaC 2010 Algebra A #5,68,PUMaC_2010_Algebra_A_Solutions.pdf
PUMaC 2010 Algebra A #6,3825,PUMaC_2010_Algebra_A_Solutions.pdf
PUMaC 2010 Algebra A #7,192,PUMaC_2010_Algebra_A_Solutions.pdf
PUMaC 2010 Algebra A #8,28,PUMaC_2010_Algebra_A_Solutions.pdf
PUMaC 2010 Algebra B #1,-17,PUMaC_2010_Algebra_B_Solutions.pdf
PUMaC 2010 Algebra B #2,19,PUMaC_2010_Algebra_B_Solutions.pdf
PUMaC 2010 Algebra B #3,5,PUMaC_2010_Algebra_B_Solutions.pdf
PUMaC 2010 Algebra B #4,5,PUMaC_2010_Algebra_B_Solutions.pdf
PUMaC 2010 Algebra B #6,2400,PUMaC_2010_Algebra_B_Solutions.pdf
PUMaC 2010 Algebra B #7,51,PUMaC_2010_Algebra_B_Solutions.pdf
PUMaC 2010 Algebra B #8,192,PUMaC_2010_Algebra_B_Solutions.pdf
PUMaC 2010 Combinatorics A #1,189,PUMaC_2010_Combinatorics_A_Solutions.pdf
PUMaC 2010 Combinatorics A #2,120,PUMaC_2010_Combinatorics_A_Solutions.pdf
PUMaC 2010 Combinatorics A #3,32,PUMaC_2010_Combinatorics_A_Solutions.pdf
PUMaC 2010 Combinatorics A #4,18,PUMaC_2010_Combinatorics_A_Solutions.pdf
PUMaC 2010 Combinatorics A #5,8100,PUMaC_2010_Combinatorics_A_Solutions.pdf
PUMaC 2010 Combinatorics A #6,161,PUMaC_2010_Combinatorics_A_Solutions.pdf
PUMaC 2010 Combinatorics A #7,1636,PUMaC_2010_Combinatorics_A_Solutions.pdf
PUMaC 2010 Combinatorics A #8,3,PUMaC_2010_Combinatorics_A_Solutions.pdf
PUMaC 2010 Combinatorics B #1,14400,PUMaC_2010_Combinatorics_B_Solutions.pdf
PUMaC 2010 Combinatorics B #2,189,PUMaC_2010_Combinatorics_B_Solutions.pdf
PUMaC 2010 Combinatorics B #3,120,PUMaC_2010_Combinatorics_B_Solutions.pdf
PUMaC 2010 Combinatorics B #4,32,PUMaC_2010_Combinatorics_B_Solutions.pdf
PUMaC 2010 Combinatorics B #5,9,PUMaC_2010_Combinatorics_B_Solutions.pdf
PUMaC 2010 Combinatorics B #6,200,PUMaC_2010_Combinatorics_B_Solutions.pdf
PUMaC 2010 Combinatorics B #7,8100,PUMaC_2010_Combinatorics_B_Solutions.pdf
PUMaC 2010 Combinatorics B #8,1636,PUMaC_2010_Combinatorics_B_Solutions.pdf
PUMaC 2010 Geometry A #1,98,PUMaC_2010_Geometry_A_Solutions.pdf
PUMaC 2010 Geometry A #2,793,PUMaC_2010_Geometry_A_Solutions.pdf
PUMaC 2010 Geometry A #3,100,PUMaC_2010_Geometry_A_Solutions.pdf
PUMaC 2010 Geometry A #4,300,PUMaC_2010_Geometry_A_Solutions.pdf
PUMaC 2010 Geometry A #5,4,PUMaC_2010_Geometry_A_Solutions.pdf
PUMaC 2010 Geometry A #6,80,PUMaC_2010_Geometry_A_Solutions.pdf
PUMaC 2010 Geometry A #7,45,PUMaC_2010_Geometry_A_Solutions.pdf
PUMaC 2010 Geometry A #8,4,PUMaC_2010_Geometry_A_Solutions.pdf
PUMaC 2010 Geometry B #1,14,PUMaC_2010_Geometry_B_Solutions.pdf
PUMaC 2010 Geometry B #2,100,PUMaC_2010_Geometry_B_Solutions.pdf
PUMaC 2010 Geometry B #3,98,PUMaC_2010_Geometry_B_Solutions.pdf
PUMaC 2010 Geometry B #4,45,PUMaC_2010_Geometry_B_Solutions.pdf
PUMaC 2010 Geometry B #5,793,PUMaC_2010_Geometry_B_Solutions.pdf
PUMaC 2010 Geometry B #6,300,PUMaC_2010_Geometry_B_Solutions.pdf
PUMaC 2010 Geometry B #7,4,PUMaC_2010_Geometry_B_Solutions.pdf
PUMaC 2010 Geometry B #8,600,PUMaC_2010_Geometry_B_Solutions.pdf
PUMaC 2010 NumberTheory A #1,5,PUMaC_2010_NumberTheory_A_Solutions.pdf
PUMaC 2010 NumberTheory A #2,12,PUMaC_2010_NumberTheory_A_Solutions.pdf
PUMaC 2010 NumberTheory A #3,104,PUMaC_2010_NumberTheory_A_Solutions.pdf
PUMaC 2010 NumberTheory A #4,1,PUMaC_2010_NumberTheory_A_Solutions.pdf
PUMaC 2010 NumberTheory A #5,596,PUMaC_2010_NumberTheory_A_Solutions.pdf
PUMaC 2010 NumberTheory A #6,9091,PUMaC_2010_NumberTheory_A_Solutions.pdf
PUMaC 2010 NumberTheory A #7,4527,PUMaC_2010_NumberTheory_A_Solutions.pdf
PUMaC 2010 NumberTheory A #8,119,PUMaC_2010_NumberTheory_A_Solutions.pdf
PUMaC 2010 NumberTheory B #1,12,PUMaC_2010_NumberTheory_B_Solutions.pdf
PUMaC 2010 NumberTheory B #2,900,PUMaC_2010_NumberTheory_B_Solutions.pdf
PUMaC 2010 NumberTheory B #3,5,PUMaC_2010_NumberTheory_B_Solutions.pdf
PUMaC 2010 NumberTheory B #4,104,PUMaC_2010_NumberTheory_B_Solutions.pdf
PUMaC 2010 NumberTheory B #5,0,PUMaC_2010_NumberTheory_B_Solutions.pdf
PUMaC 2010 NumberTheory B #6,596,PUMaC_2010_NumberTheory_B_Solutions.pdf
PUMaC 2010 NumberTheory B #7,9091,PUMaC_2010_NumberTheory_B_Solutions.pdf
PUMaC 2010 NumberTheory B #8,503,PUMaC_2010_NumberTheory_B_Solutions.pdf
PUMaC 2010 Power #1.1,n \geq 3,PUMaC_2010_Power_Solutions.pdf
PUMaC 2010 Power #1.2,12,PUMaC_2010_Power_Solutions.pdf
PUMaC 2010 Power #1.4,K_{n-1},PUMaC_2010_Power_Solutions.pdf
PUMaC 2010 Power #1.5,337725,PUMaC_2010_Power_Solutions.pdf
PUMaC 2010 Power #1.6,\text{at most } -n \text{ edges},PUMaC_2010_Power_Solutions.pdf
PUMaC 2010 Power #2.1a,\text{False},PUMaC_2010_Power_Solutions.pdf
PUMaC 2010 Power #2.1b,\text{True},PUMaC_2010_Power_Solutions.pdf
PUMaC 2010 Power #2.3a,\text{Yes},PUMaC_2010_Power_Solutions.pdf
PUMaC 2010 Power #2.3b,\text{No},PUMaC_2010_Power_Solutions.pdf
PUMaC 2010 Power #2.3c,\text{No},PUMaC_2010_Power_Solutions.pdf
PUMaC 2010 Power #2.3d,\text{Yes},PUMaC_2010_Power_Solutions.pdf
PUMaC 2010 Power #2.3e,\text{Yes},PUMaC_2010_Power_Solutions.pdf
PUMaC 2010 Power #2.3f,\text{No},PUMaC_2010_Power_Solutions.pdf
PUMaC 2010 Power #2.3g,\text{Yes},PUMaC_2010_Power_Solutions.pdf
PUMaC 2010 Power #2.3h,\text{Yes},PUMaC_2010_Power_Solutions.pdf
PUMaC 2010 Power #2.3i,\text{Yes},PUMaC_2010_Power_Solutions.pdf
PUMaC 2010 Power #2.4a,2009,PUMaC_2010_Power_Solutions.pdf
PUMaC 2010 Power #2.4b,1006,PUMaC_2010_Power_Solutions.pdf
PUMaC 2010 Power #2.5,\text{at most } 0 \text{ edges},PUMaC_2010_Power_Solutions.pdf
PUMaC 2010 Power #3.1,K_4,PUMaC_2010_Power_Solutions.pdf
PUMaC 2010 Power #3.3,n \text{ disjoint loops},PUMaC_2010_Power_Solutions.pdf
PUMaC 2010 Power #4.1a,\text{Yes},PUMaC_2010_Power_Solutions.pdf
PUMaC 2010 Power #4.1b,\text{Yes},PUMaC_2010_Power_Solutions.pdf
PUMaC 2010 Power #4.1c,\text{Yes},PUMaC_2010_Power_Solutions.pdf
PUMaC 2010 Power #4.1d,\text{No},PUMaC_2010_Power_Solutions.pdf
PUMaC 2010 Power #4.1e,\text{Yes},PUMaC_2010_Power_Solutions.pdf
PUMaC 2010 Power #5.4,3,PUMaC_2010_Power_Solutions.pdf
PUMaC 2010 Power #5.6,\text{No},PUMaC_2010_Power_Solutions.pdf
PUMaC 2010 Power #6.1,\text{Problem},PUMaC_2010_Power_Solutions.pdf
PUMaC 2010 Team #1 Across,43,PUMaC_2010_Team_Solutions.pdf
PUMaC 2010 Team #4 Across,40,PUMaC_2010_Team_Solutions.pdf
PUMaC 2010 Team #5 Across,23,PUMaC_2010_Team_Solutions.pdf
PUMaC 2010 Team #6 Across,429,PUMaC_2010_Team_Solutions.pdf
PUMaC 2010 Team #8 Across,7172,PUMaC_2010_Team_Solutions.pdf
PUMaC 2010 Team #10 Across,42,PUMaC_2010_Team_Solutions.pdf
PUMaC 2010 Team #11 Across,189,PUMaC_2010_Team_Solutions.pdf
PUMaC 2010 Team #1 Down,42857,PUMaC_2010_Team_Solutions.pdf
PUMaC 2010 Team #2 Down,33,PUMaC_2010_Team_Solutions.pdf
PUMaC 2010 Team #3 Down,24,PUMaC_2010_Team_Solutions.pdf
PUMaC 2010 Team #4 Down,499849,PUMaC_2010_Team_Solutions.pdf
PUMaC 2010 Team #7 Down,421,PUMaC_2010_Team_Solutions.pdf
PUMaC 2010 Team #9 Down,196,PUMaC_2010_Team_Solutions.pdf
PUMaC 2011 Algebra A #1,64,PUMaC_2011_Algebra_A_Solutions.pdf
PUMaC 2011 Algebra A #2,370,PUMaC_2011_Algebra_A_Solutions.pdf
PUMaC 2011 Algebra A #3,67,PUMaC_2011_Algebra_A_Solutions.pdf
PUMaC 2011 Algebra A #4,1,PUMaC_2011_Algebra_A_Solutions.pdf
PUMaC 2011 Algebra A #5,2,PUMaC_2011_Algebra_A_Solutions.pdf
PUMaC 2011 Algebra A #6,40086,PUMaC_2011_Algebra_A_Solutions.pdf
PUMaC 2011 Algebra A #7,2,PUMaC_2011_Algebra_A_Solutions.pdf
PUMaC 2011 Algebra A #8,15,PUMaC_2011_Algebra_A_Solutions.pdf
PUMaC 2011 Algebra B #1,4,PUMaC_2011_Algebra_B_Solutions.pdf
PUMaC 2011 Algebra B #2,1054,PUMaC_2011_Algebra_B_Solutions.pdf
PUMaC 2011 Algebra B #3,2,PUMaC_2011_Algebra_B_Solutions.pdf
PUMaC 2011 Algebra B #4,4,PUMaC_2011_Algebra_B_Solutions.pdf
PUMaC 2011 Algebra B #5,64,PUMaC_2011_Algebra_B_Solutions.pdf
PUMaC 2011 Algebra B #6,67,PUMaC_2011_Algebra_B_Solutions.pdf
PUMaC 2011 Algebra B #7,40086,PUMaC_2011_Algebra_B_Solutions.pdf
PUMaC 2011 Algebra B #8,2,PUMaC_2011_Algebra_B_Solutions.pdf
PUMaC 2011 Combinatorics A #1,27,PUMaC_2011_Combinatorics_A_Solutions.pdf
PUMaC 2011 Combinatorics A #2,328,PUMaC_2011_Combinatorics_A_Solutions.pdf
PUMaC 2011 Combinatorics A #3,35,PUMaC_2011_Combinatorics_A_Solutions.pdf
PUMaC 2011 Combinatorics A #4,12,PUMaC_2011_Combinatorics_A_Solutions.pdf
PUMaC 2011 Combinatorics A #5,5399,PUMaC_2011_Combinatorics_A_Solutions.pdf
PUMaC 2011 Combinatorics A #6,60,PUMaC_2011_Combinatorics_A_Solutions.pdf
PUMaC 2011 Combinatorics A #7,6,PUMaC_2011_Combinatorics_A_Solutions.pdf
PUMaC 2011 Combinatorics A #8,192,PUMaC_2011_Combinatorics_A_Solutions.pdf
PUMaC 2011 Combinatorics B #1,72,PUMaC_2011_Combinatorics_B_Solutions.pdf
PUMaC 2011 Combinatorics B #2,27,PUMaC_2011_Combinatorics_B_Solutions.pdf
PUMaC 2011 Combinatorics B #3,328,PUMaC_2011_Combinatorics_B_Solutions.pdf
PUMaC 2011 Combinatorics B #4,33,PUMaC_2011_Combinatorics_B_Solutions.pdf
PUMaC 2011 Combinatorics B #5,35,PUMaC_2011_Combinatorics_B_Solutions.pdf
PUMaC 2011 Combinatorics B #6,12,PUMaC_2011_Combinatorics_B_Solutions.pdf
PUMaC 2011 Combinatorics B #7,60,PUMaC_2011_Combinatorics_B_Solutions.pdf
PUMaC 2011 Combinatorics B #8,6,PUMaC_2011_Combinatorics_B_Solutions.pdf
PUMaC 2011 Geometry A #1,250,PUMaC_2011_Geometry_A_Solutions.pdf
PUMaC 2011 Geometry A #2,45,PUMaC_2011_Geometry_A_Solutions.pdf
PUMaC 2011 Geometry A #3,25°,PUMaC_2011_Geometry_A_Solutions.pdf
PUMaC 2011 Geometry A #4,6,PUMaC_2011_Geometry_A_Solutions.pdf
PUMaC 2011 Geometry A #5,23,PUMaC_2011_Geometry_A_Solutions.pdf
PUMaC 2011 Geometry A #6,17,PUMaC_2011_Geometry_A_Solutions.pdf
PUMaC 2011 Geometry A #7,87,PUMaC_2011_Geometry_A_Solutions.pdf
PUMaC 2011 Geometry A #8,3,PUMaC_2011_Geometry_A_Solutions.pdf
PUMaC 2011 Geometry B #1,50°,PUMaC_2011_Geometry_B_Solutions.pdf
PUMaC 2011 Geometry B #2,250,PUMaC_2011_Geometry_B_Solutions.pdf
PUMaC 2011 Geometry B #3,3,PUMaC_2011_Geometry_B_Solutions.pdf
PUMaC 2011 Geometry B #4,c = 60,PUMaC_2011_Geometry_B_Solutions.pdf
PUMaC 2011 Geometry B #5,43,PUMaC_2011_Geometry_B_Solutions.pdf
PUMaC 2011 Geometry B #6,45,PUMaC_2011_Geometry_B_Solutions.pdf
PUMaC 2011 Geometry B #7,23,PUMaC_2011_Geometry_B_Solutions.pdf
PUMaC 2011 Geometry B #8,17,PUMaC_2011_Geometry_B_Solutions.pdf
PUMaC 2011 NumberTheory A #1,648,PUMaC_2011_NumberTheory_A_Solutions.pdf
PUMaC 2011 NumberTheory A #2,972,PUMaC_2011_NumberTheory_A_Solutions.pdf
PUMaC 2011 NumberTheory A #3,3,PUMaC_2011_NumberTheory_A_Solutions.pdf
PUMaC 2011 NumberTheory A #4,15,PUMaC_2011_NumberTheory_A_Solutions.pdf
PUMaC 2011 NumberTheory A #5,36,PUMaC_2011_NumberTheory_A_Solutions.pdf
PUMaC 2011 NumberTheory A #6,91,PUMaC_2011_NumberTheory_A_Solutions.pdf
PUMaC 2011 NumberTheory A #7,34,PUMaC_2011_NumberTheory_A_Solutions.pdf
PUMaC 2011 NumberTheory A #8,103,PUMaC_2011_NumberTheory_A_Solutions.pdf
PUMaC 2011 NumberTheory B #1,31,PUMaC_2011_NumberTheory_B_Solutions.pdf
PUMaC 2011 NumberTheory B #2,4,PUMaC_2011_NumberTheory_B_Solutions.pdf
PUMaC 2011 NumberTheory B #3,648,PUMaC_2011_NumberTheory_B_Solutions.pdf
PUMaC 2011 NumberTheory B #4,972,PUMaC_2011_NumberTheory_B_Solutions.pdf
PUMaC 2011 NumberTheory B #5,3,PUMaC_2011_NumberTheory_B_Solutions.pdf
PUMaC 2011 NumberTheory B #6,15,PUMaC_2011_NumberTheory_B_Solutions.pdf
PUMaC 2011 NumberTheory B #7,592,PUMaC_2011_NumberTheory_B_Solutions.pdf
PUMaC 2011 NumberTheory B #8,36,PUMaC_2011_NumberTheory_B_Solutions.pdf
PUMaC 2011 Power #-6,\text{Proven that either none or exactly two points lie in corresponding line segments},PUMaC_2011_Power_Solutions.pdf
PUMaC 2011 Power #-5,\frac{M_1A_1}{M_1A_2} \cdot \frac{M_2A_2}{M_2A_3} \cdot \frac{M_3A_3}{M_3A_4} \cdot \frac{M_4A_4}{M_4A_1} = 1,PUMaC_2011_Power_Solutions.pdf
PUMaC 2011 Power #-4,\text{Proven that medians intersect at one point},PUMaC_2011_Power_Solutions.pdf
PUMaC 2011 Power #-3,\text{Proven that lines are concurrent or all parallel},PUMaC_2011_Power_Solutions.pdf
PUMaC 2011 Power #-2,"D = (7, 8), E = \left(\frac{31}{7}, \frac{38}{7}\right), F = \left(\frac{17}{5}, \frac{22}{5}\right)",PUMaC_2011_Power_Solutions.pdf
PUMaC 2011 Power #-1,y = 4,PUMaC_2011_Power_Solutions.pdf
PUMaC 2011 Power #0,\text{No specific numerical answer given},PUMaC_2011_Power_Solutions.pdf
PUMaC 2011 Power #1a,\text{Proven using Newton's theorem},PUMaC_2011_Power_Solutions.pdf
PUMaC 2011 Power #1b,\frac{A_2B}{A_2C} = \frac{s-c}{s-b} \cdot \left(\frac{A_1B}{A_1C}\right)^2,PUMaC_2011_Power_Solutions.pdf
PUMaC 2011 Power #1c,"\text{Proven that lines AX, BY, CZ are concurrent}",PUMaC_2011_Power_Solutions.pdf
PUMaC 2011 Power #2,\text{Proven that lines are concurrent using Pascal's theorem},PUMaC_2011_Power_Solutions.pdf
PUMaC 2011 Power #3a,\frac{YX}{YZ} : \frac{PX}{PZ} = \frac{Y'X'}{Y'Z'} : \frac{PX'}{PZ'},PUMaC_2011_Power_Solutions.pdf
PUMaC 2011 Power #3b,\text{Proven that points are collinear},PUMaC_2011_Power_Solutions.pdf
PUMaC 2011 Power #4,\text{Proven that triangles are perspective with locus on incircle},PUMaC_2011_Power_Solutions.pdf
PUMaC 2011 Power #5a,\text{Proven using Cevian Nest Theorem},PUMaC_2011_Power_Solutions.pdf
PUMaC 2011 Power #5b,\text{Proven that triangles are perspective},PUMaC_2011_Power_Solutions.pdf
PUMaC 2011 Power #6a,\frac{BA}{BC} : \frac{DA}{DC} = \frac{B'A'}{B'C'} : \frac{D'A'}{D'C'},PUMaC_2011_Power_Solutions.pdf
PUMaC 2011 Power #6b,\text{Proven that I is orthocenter of triangle A'B'C'},PUMaC_2011_Power_Solutions.pdf
PUMaC 2011 Power #7,\text{Proven that B' lies on ST},PUMaC_2011_Power_Solutions.pdf
PUMaC 2011 Power #8,\text{Proven that triangles ABC and TRS are perspective},PUMaC_2011_Power_Solutions.pdf
PUMaC 2011 Power #9,\text{Proven that triangles are perspective with locus tangent to incircle},PUMaC_2011_Power_Solutions.pdf
PUMaC 2011 Team #1 Across,9468,PUMaC_2011_Team_Solutions.pdf
PUMaC 2011 Team #3 Across,2715,PUMaC_2011_Team_Solutions.pdf
PUMaC 2011 Team #8 Across,4512,PUMaC_2011_Team_Solutions.pdf
PUMaC 2011 Team #9 Across,819726543,PUMaC_2011_Team_Solutions.pdf
PUMaC 2011 Team #11 Across,4753,PUMaC_2011_Team_Solutions.pdf
PUMaC 2011 Team #15 Across,32798546l,PUMaC_2011_Team_Solutions.pdf
PUMaC 2011 Team #19 Across,58,PUMaC_2011_Team_Solutions.pdf
PUMaC 2011 Team #20 Across,163927,PUMaC_2011_Team_Solutions.pdf
PUMaC 2011 Team #21 Across,6912,PUMaC_2011_Team_Solutions.pdf
PUMaC 2011 Team #2 Down,864735912,PUMaC_2011_Team_Solutions.pdf
PUMaC 2011 Team #3 Down,2716,PUMaC_2011_Team_Solutions.pdf
PUMaC 2011 Team #4 Down,7825,PUMaC_2011_Team_Solutions.pdf
PUMaC 2011 Team #5 Down,5463,PUMaC_2011_Team_Solutions.pdf
PUMaC 2011 Team #14 Down,8534,PUMaC_2011_Team_Solutions.pdf
PUMaC 2011 Team #16 Down,289,PUMaC_2011_Team_Solutions.pdf
PUMaC 2011 Team #17 Down,493,PUMaC_2011_Team_Solutions.pdf
PUMaC 2012 Algebra A #1,43,PUMaC_2012_Algebra_A_Solutions.pdf
PUMaC 2012 Algebra A #2,1976,PUMaC_2012_Algebra_A_Solutions.pdf
PUMaC 2012 Algebra A #3,21,PUMaC_2012_Algebra_A_Solutions.pdf
PUMaC 2012 Algebra A #4,0,PUMaC_2012_Algebra_A_Solutions.pdf
PUMaC 2012 Algebra A #5,2015,PUMaC_2012_Algebra_A_Solutions.pdf
PUMaC 2012 Algebra A #6,379,PUMaC_2012_Algebra_A_Solutions.pdf
PUMaC 2012 Algebra A #7,2037,PUMaC_2012_Algebra_A_Solutions.pdf
PUMaC 2012 Algebra A #8,1001,PUMaC_2012_Algebra_A_Solutions.pdf
PUMaC 2012 Algebra B #1,1,PUMaC_2012_Algebra_B_Solutions.pdf
PUMaC 2012 Algebra B #2,4,PUMaC_2012_Algebra_B_Solutions.pdf
PUMaC 2012 Algebra B #3,4,PUMaC_2012_Algebra_B_Solutions.pdf
PUMaC 2012 Algebra B #4,1976,PUMaC_2012_Algebra_B_Solutions.pdf
PUMaC 2012 Algebra B #5,1995,PUMaC_2012_Algebra_B_Solutions.pdf
PUMaC 2012 Algebra B #6,21,PUMaC_2012_Algebra_B_Solutions.pdf
PUMaC 2012 Algebra B #7,0,PUMaC_2012_Algebra_B_Solutions.pdf
PUMaC 2012 Algebra B #8,2037,PUMaC_2012_Algebra_B_Solutions.pdf
PUMaC 2012 Combinatorics A #1,97,PUMaC_2012_Combinatorics_A_Solutions.pdf
PUMaC 2012 Combinatorics A #2,72,PUMaC_2012_Combinatorics_A_Solutions.pdf
PUMaC 2012 Combinatorics A #3,7,PUMaC_2012_Combinatorics_A_Solutions.pdf
PUMaC 2012 Combinatorics A #4,3432,PUMaC_2012_Combinatorics_A_Solutions.pdf
PUMaC 2012 Combinatorics A #5,137,PUMaC_2012_Combinatorics_A_Solutions.pdf
PUMaC 2012 Combinatorics A #6,120,PUMaC_2012_Combinatorics_A_Solutions.pdf
PUMaC 2012 Combinatorics A #7,78,PUMaC_2012_Combinatorics_A_Solutions.pdf
PUMaC 2012 Combinatorics A #8,1260,PUMaC_2012_Combinatorics_A_Solutions.pdf
PUMaC 2012 Combinatorics B #1,10,PUMaC_2012_Combinatorics_B_Solutions.pdf
PUMaC 2012 Combinatorics B #2,97,PUMaC_2012_Combinatorics_B_Solutions.pdf
PUMaC 2012 Combinatorics B #3,72,PUMaC_2012_Combinatorics_B_Solutions.pdf
PUMaC 2012 Combinatorics B #4,175,PUMaC_2012_Combinatorics_B_Solutions.pdf
PUMaC 2012 Combinatorics B #5,7,PUMaC_2012_Combinatorics_B_Solutions.pdf
PUMaC 2012 Combinatorics B #6,3432,PUMaC_2012_Combinatorics_B_Solutions.pdf
PUMaC 2012 Combinatorics B #7,137,PUMaC_2012_Combinatorics_B_Solutions.pdf
PUMaC 2012 Combinatorics B #8,78,PUMaC_2012_Combinatorics_B_Solutions.pdf
PUMaC 2012 Finals A #1,n = p - 3,PUMaC_2012_Finals_A_Solutions.pdf
PUMaC 2012 Finals A #2,\frac{1}{a^2+1} + \frac{1}{b^2+1} + \frac{1}{c^2+1} \geq \frac{3}{4},PUMaC_2012_Finals_A_Solutions.pdf
PUMaC 2012 Finals A #3,AD \text{ bisects } \angle PAQ,PUMaC_2012_Finals_A_Solutions.pdf
PUMaC 2012 Finals B #1,\text{There are infinitely many orange primes},PUMaC_2012_Finals_B_Solutions.pdf
PUMaC 2012 Finals B #2,\text{All points in } T \text{ lie on the same line},PUMaC_2012_Finals_B_Solutions.pdf
PUMaC 2012 Finals B #3,"(x,y) = (-2,2), (2,2)",PUMaC_2012_Finals_B_Solutions.pdf
PUMaC 2012 Geometry A #1,22,PUMaC_2012_Geometry_A_Solutions.pdf
PUMaC 2012 Geometry A #2,457,PUMaC_2012_Geometry_A_Solutions.pdf
PUMaC 2012 Geometry A #3,103,PUMaC_2012_Geometry_A_Solutions.pdf
PUMaC 2012 Geometry A #4,21,PUMaC_2012_Geometry_A_Solutions.pdf
PUMaC 2012 Geometry A #5,2,PUMaC_2012_Geometry_A_Solutions.pdf
PUMaC 2012 Geometry A #6,12,PUMaC_2012_Geometry_A_Solutions.pdf
PUMaC 2012 Geometry A #7,541,PUMaC_2012_Geometry_A_Solutions.pdf
PUMaC 2012 Geometry A #8,5101,PUMaC_2012_Geometry_A_Solutions.pdf
PUMaC 2012 Geometry B #1,60,PUMaC_2012_Geometry_B_Solutions.pdf
PUMaC 2012 Geometry B #2,12,PUMaC_2012_Geometry_B_Solutions.pdf
PUMaC 2012 Geometry B #3,9,PUMaC_2012_Geometry_B_Solutions.pdf
PUMaC 2012 Geometry B #4,22,PUMaC_2012_Geometry_B_Solutions.pdf
PUMaC 2012 Geometry B #5,457,PUMaC_2012_Geometry_B_Solutions.pdf
PUMaC 2012 Geometry B #6,21,PUMaC_2012_Geometry_B_Solutions.pdf
PUMaC 2012 Geometry B #7,25,PUMaC_2012_Geometry_B_Solutions.pdf
PUMaC 2012 Geometry B #8,16,PUMaC_2012_Geometry_B_Solutions.pdf
PUMaC 2012 NumberTheory A #1,509,PUMaC_2012_NumberTheory_A_Solutions.pdf
PUMaC 2012 NumberTheory A #2,1,PUMaC_2012_NumberTheory_A_Solutions.pdf
PUMaC 2012 NumberTheory A #3,75,PUMaC_2012_NumberTheory_A_Solutions.pdf
PUMaC 2012 NumberTheory A #4,9,PUMaC_2012_NumberTheory_A_Solutions.pdf
PUMaC 2012 NumberTheory A #5,2008,PUMaC_2012_NumberTheory_A_Solutions.pdf
PUMaC 2012 NumberTheory A #6,2012,PUMaC_2012_NumberTheory_A_Solutions.pdf
PUMaC 2012 NumberTheory A #7,18,PUMaC_2012_NumberTheory_A_Solutions.pdf
PUMaC 2012 NumberTheory A #8,84,PUMaC_2012_NumberTheory_A_Solutions.pdf
PUMaC 2012 NumberTheory B #1,169,PUMaC_2012_NumberTheory_B_Solutions.pdf
PUMaC 2012 NumberTheory B #2,1012,PUMaC_2012_NumberTheory_B_Solutions.pdf
PUMaC 2012 NumberTheory B #3,288,PUMaC_2012_NumberTheory_B_Solutions.pdf
PUMaC 2012 NumberTheory B #4,509,PUMaC_2012_NumberTheory_B_Solutions.pdf
PUMaC 2012 NumberTheory B #5,1,PUMaC_2012_NumberTheory_B_Solutions.pdf
PUMaC 2012 NumberTheory B #6,125,PUMaC_2012_NumberTheory_B_Solutions.pdf
PUMaC 2012 NumberTheory B #7,9,PUMaC_2012_NumberTheory_B_Solutions.pdf
PUMaC 2012 NumberTheory B #8,2012,PUMaC_2012_NumberTheory_B_Solutions.pdf
PUMaC 2012 Team #3,288,PUMaC_2012_Team_Solutions.pdf
PUMaC 2012 Team #5,199,PUMaC_2012_Team_Solutions.pdf
PUMaC 2012 Team #6,411,PUMaC_2012_Team_Solutions.pdf
PUMaC 2012 Team #8,504,PUMaC_2012_Team_Solutions.pdf
PUMaC 2012 Team #9,6556,PUMaC_2012_Team_Solutions.pdf
PUMaC 2012 Team #12,90133,PUMaC_2012_Team_Solutions.pdf
PUMaC 2012 Team #2,18,PUMaC_2012_Team_Solutions.pdf
PUMaC 2012 Team #3,251,PUMaC_2012_Team_Solutions.pdf
PUMaC 2012 Team #5,196,PUMaC_2012_Team_Solutions.pdf
PUMaC 2012 Team #8,501,PUMaC_2012_Team_Solutions.pdf
PUMaC 2012 Team #9,6364,PUMaC_2012_Team_Solutions.pdf
PUMaC 2012 Team #10,532,PUMaC_2012_Team_Solutions.pdf
PUMaC 2012 Team #11,556,PUMaC_2012_Team_Solutions.pdf
PUMaC 2012 Team #13,336,PUMaC_2012_Team_Solutions.pdf
PUMaC 2012 Team #1,92,PUMaC_2012_Team_Solutions.pdf
PUMaC 2012 Team #4,825,PUMaC_2012_Team_Solutions.pdf
PUMaC 2012 Team #7,189,PUMaC_2012_Team_Solutions.pdf
PUMaC 2013 Algebra A #A1,18,PUMaC_2013_Algebra_A_Solutions.pdf
PUMaC 2013 Algebra A #A2,180,PUMaC_2013_Algebra_A_Solutions.pdf
PUMaC 2013 Algebra A #A3,4608,PUMaC_2013_Algebra_A_Solutions.pdf
PUMaC 2013 Algebra A #A4,1344,PUMaC_2013_Algebra_A_Solutions.pdf
PUMaC 2013 Algebra A #A5,27,PUMaC_2013_Algebra_A_Solutions.pdf
PUMaC 2013 Algebra A #A6,5792,PUMaC_2013_Algebra_A_Solutions.pdf
PUMaC 2013 Algebra A #A7,285,PUMaC_2013_Algebra_A_Solutions.pdf
PUMaC 2013 Algebra A #A8,192,PUMaC_2013_Algebra_A_Solutions.pdf
PUMaC 2013 Algebra B #B1,18,PUMaC_2013_Algebra_B_Solutions.pdf
PUMaC 2013 Algebra B #B2,9802,PUMaC_2013_Algebra_B_Solutions.pdf
PUMaC 2013 Algebra B #B3,23,PUMaC_2013_Algebra_B_Solutions.pdf
PUMaC 2013 Algebra B #B4,440,PUMaC_2013_Algebra_B_Solutions.pdf
PUMaC 2013 Algebra B #B5,180,PUMaC_2013_Algebra_B_Solutions.pdf
PUMaC 2013 Algebra B #B6,1344,PUMaC_2013_Algebra_B_Solutions.pdf
PUMaC 2013 Algebra B #B7,285,PUMaC_2013_Algebra_B_Solutions.pdf
PUMaC 2013 Algebra B #B8,43,PUMaC_2013_Algebra_B_Solutions.pdf
PUMaC 2013 Combinatorics A #1,24,PUMaC_2013_Combinatorics_A_Solutions.pdf
PUMaC 2013 Combinatorics A #2,14,PUMaC_2013_Combinatorics_A_Solutions.pdf
PUMaC 2013 Combinatorics A #3,246,PUMaC_2013_Combinatorics_A_Solutions.pdf
PUMaC 2013 Combinatorics A #4,706,PUMaC_2013_Combinatorics_A_Solutions.pdf
PUMaC 2013 Combinatorics A #5,3113,PUMaC_2013_Combinatorics_A_Solutions.pdf
PUMaC 2013 Combinatorics A #6,6006,PUMaC_2013_Combinatorics_A_Solutions.pdf
PUMaC 2013 Combinatorics A #7,21,PUMaC_2013_Combinatorics_A_Solutions.pdf
PUMaC 2013 Combinatorics A #8,4274,PUMaC_2013_Combinatorics_A_Solutions.pdf
PUMaC 2013 Combinatorics B #1,17280,PUMaC_2013_Combinatorics_B_Solutions.pdf
PUMaC 2013 Combinatorics B #2,27,PUMaC_2013_Combinatorics_B_Solutions.pdf
PUMaC 2013 Combinatorics B #3,181,PUMaC_2013_Combinatorics_B_Solutions.pdf
PUMaC 2013 Combinatorics B #4,3113,PUMaC_2013_Combinatorics_B_Solutions.pdf
PUMaC 2013 Combinatorics B #5,6006,PUMaC_2013_Combinatorics_B_Solutions.pdf
PUMaC 2013 Combinatorics B #6,89,PUMaC_2013_Combinatorics_B_Solutions.pdf
PUMaC 2013 Combinatorics B #7,961,PUMaC_2013_Combinatorics_B_Solutions.pdf
PUMaC 2013 Combinatorics B #8,706,PUMaC_2013_Combinatorics_B_Solutions.pdf
PUMaC 2013 Finals B #1,\text{Proof that } a_n > b_n \text{ for all positive integers } n,PUMaC_2013_Finals_B_Solutions.pdf
PUMaC 2013 Finals B #2,"(a,b) = (2,1), (1,1)",PUMaC_2013_Finals_B_Solutions.pdf
PUMaC 2013 Finals B #3,n = 1034,PUMaC_2013_Finals_B_Solutions.pdf
PUMaC 2013 Geometry A #1,15,PUMaC_2013_Geometry_A_Solutions.pdf
PUMaC 2013 Geometry A #2,28 + 3 + 33,PUMaC_2013_Geometry_A_Solutions.pdf
PUMaC 2013 Geometry A #3,21,PUMaC_2013_Geometry_A_Solutions.pdf
PUMaC 2013 Geometry A #4,102,PUMaC_2013_Geometry_A_Solutions.pdf
PUMaC 2013 Geometry A #5,1 + 2,PUMaC_2013_Geometry_A_Solutions.pdf
PUMaC 2013 Geometry A #6,15,PUMaC_2013_Geometry_A_Solutions.pdf
PUMaC 2013 Geometry A #7,6,PUMaC_2013_Geometry_A_Solutions.pdf
PUMaC 2013 Geometry A #8,15,PUMaC_2013_Geometry_A_Solutions.pdf
PUMaC 2013 Geometry B #1,60,PUMaC_2013_Geometry_B_Solutions.pdf
PUMaC 2013 Geometry B #2,12,PUMaC_2013_Geometry_B_Solutions.pdf
PUMaC 2013 Geometry B #3,432,PUMaC_2013_Geometry_B_Solutions.pdf
PUMaC 2013 Geometry B #4,34,PUMaC_2013_Geometry_B_Solutions.pdf
PUMaC 2013 Geometry B #5,82,PUMaC_2013_Geometry_B_Solutions.pdf
PUMaC 2013 Geometry B #6,102,PUMaC_2013_Geometry_B_Solutions.pdf
PUMaC 2013 Geometry B #7,-20,PUMaC_2013_Geometry_B_Solutions.pdf
PUMaC 2013 Geometry B #8,4891,PUMaC_2013_Geometry_B_Solutions.pdf
PUMaC 2013 NumberTheory A #1,15,PUMaC_2013_NumberTheory_A_Solutions.pdf
PUMaC 2013 NumberTheory A #2,100,PUMaC_2013_NumberTheory_A_Solutions.pdf
PUMaC 2013 NumberTheory A #3,677,PUMaC_2013_NumberTheory_A_Solutions.pdf
PUMaC 2013 NumberTheory A #4,2012,PUMaC_2013_NumberTheory_A_Solutions.pdf
PUMaC 2013 NumberTheory A #5,6210001000,PUMaC_2013_NumberTheory_A_Solutions.pdf
PUMaC 2013 NumberTheory A #6,84,PUMaC_2013_NumberTheory_A_Solutions.pdf
PUMaC 2013 NumberTheory A #7,50,PUMaC_2013_NumberTheory_A_Solutions.pdf
PUMaC 2013 NumberTheory A #8,21,PUMaC_2013_NumberTheory_A_Solutions.pdf
PUMaC 2013 NumberTheory B #1,15,PUMaC_2013_NumberTheory_B_Solutions.pdf
PUMaC 2013 NumberTheory B #2,100,PUMaC_2013_NumberTheory_B_Solutions.pdf
PUMaC 2013 NumberTheory B #3,12703,PUMaC_2013_NumberTheory_B_Solutions.pdf
PUMaC 2013 NumberTheory B #4,8128,PUMaC_2013_NumberTheory_B_Solutions.pdf
PUMaC 2013 NumberTheory B #5,677,PUMaC_2013_NumberTheory_B_Solutions.pdf
PUMaC 2013 NumberTheory B #6,2012,PUMaC_2013_NumberTheory_B_Solutions.pdf
PUMaC 2013 NumberTheory B #7,6210001000,PUMaC_2013_NumberTheory_B_Solutions.pdf
PUMaC 2013 NumberTheory B #8,84,PUMaC_2013_NumberTheory_B_Solutions.pdf
PUMaC 2013 Power #2.1.1,Hopf link,PUMaC_2013_Power_Solutions.pdf
PUMaC 2013 Power #2.1.2,"Resolve crossing A or B with a 1-resolution, or resolve crossing C or D with a 0-resolution",PUMaC_2013_Power_Solutions.pdf
PUMaC 2013 Power #3.1.2,The trefoil is chiral,PUMaC_2013_Power_Solutions.pdf
PUMaC 2013 Power #4.1.1,The crossing number is at most 6,PUMaC_2013_Power_Solutions.pdf
PUMaC 2013 Power #4.8.3,11,PUMaC_2013_Power_Solutions.pdf
PUMaC 2013 Team #1,377,PUMaC_2013_Team_Solutions.pdf
PUMaC 2013 Team #2,2002,PUMaC_2013_Team_Solutions.pdf
PUMaC 2013 Team #3,103,PUMaC_2013_Team_Solutions.pdf
PUMaC 2013 Team #4,21,PUMaC_2013_Team_Solutions.pdf
PUMaC 2013 Team #5,121,PUMaC_2013_Team_Solutions.pdf
PUMaC 2013 Team #6,24,PUMaC_2013_Team_Solutions.pdf
PUMaC 2013 Team #7,338,PUMaC_2013_Team_Solutions.pdf
PUMaC 2013 Team #8,7,PUMaC_2013_Team_Solutions.pdf
PUMaC 2013 Team #9,646,PUMaC_2013_Team_Solutions.pdf
PUMaC 2013 Team #10,\frac{5}{12},PUMaC_2013_Team_Solutions.pdf
PUMaC 2013 Team #11,\frac{2}{3},PUMaC_2013_Team_Solutions.pdf
PUMaC 2013 Team #12,2\sqrt{13},PUMaC_2013_Team_Solutions.pdf
PUMaC 2013 Team #13,16,PUMaC_2013_Team_Solutions.pdf
PUMaC 2013 Team #14,\frac{72}{7},PUMaC_2013_Team_Solutions.pdf
PUMaC 2013 Team #16,\text{cos } 1^\circ \text{ is irrational},PUMaC_2013_Team_Solutions.pdf
PUMaC 2014 Algebra A #1,494,PUMaC_2014_Algebra_A_Solutions.pdf
PUMaC 2014 Algebra A #2,11,PUMaC_2014_Algebra_A_Solutions.pdf
PUMaC 2014 Algebra A #3,14,PUMaC_2014_Algebra_A_Solutions.pdf
PUMaC 2014 Algebra A #4,34,PUMaC_2014_Algebra_A_Solutions.pdf
PUMaC 2014 Algebra A #5,28,PUMaC_2014_Algebra_A_Solutions.pdf
PUMaC 2014 Algebra A #6,1685,PUMaC_2014_Algebra_A_Solutions.pdf
PUMaC 2014 Algebra A #7,35,PUMaC_2014_Algebra_A_Solutions.pdf
PUMaC 2014 Algebra A #8,646,PUMaC_2014_Algebra_A_Solutions.pdf
PUMaC 2014 Algebra B #1,36,PUMaC_2014_Algebra_B_Solutions.pdf
PUMaC 2014 Algebra B #2,2015,PUMaC_2014_Algebra_B_Solutions.pdf
PUMaC 2014 Algebra B #3,494,PUMaC_2014_Algebra_B_Solutions.pdf
PUMaC 2014 Algebra B #4,11,PUMaC_2014_Algebra_B_Solutions.pdf
PUMaC 2014 Algebra B #5,1048596,PUMaC_2014_Algebra_B_Solutions.pdf
PUMaC 2014 Algebra B #6,34,PUMaC_2014_Algebra_B_Solutions.pdf
PUMaC 2014 Algebra B #7,28,PUMaC_2014_Algebra_B_Solutions.pdf
PUMaC 2014 Algebra B #8,1685,PUMaC_2014_Algebra_B_Solutions.pdf
PUMaC 2014 Combinatorics A #1,5,PUMaC_2014_Combinatorics_A_Solutions.pdf
PUMaC 2014 Combinatorics A #2,78,PUMaC_2014_Combinatorics_A_Solutions.pdf
PUMaC 2014 Combinatorics A #3,15,PUMaC_2014_Combinatorics_A_Solutions.pdf
PUMaC 2014 Combinatorics A #4,7921,PUMaC_2014_Combinatorics_A_Solutions.pdf
PUMaC 2014 Combinatorics A #5,19,PUMaC_2014_Combinatorics_A_Solutions.pdf
PUMaC 2014 Combinatorics A #6,131,PUMaC_2014_Combinatorics_A_Solutions.pdf
PUMaC 2014 Combinatorics A #7,1008,PUMaC_2014_Combinatorics_A_Solutions.pdf
PUMaC 2014 Combinatorics A #8,8,PUMaC_2014_Combinatorics_A_Solutions.pdf
PUMaC 2014 Combinatorics B #1,10,PUMaC_2014_Combinatorics_B_Solutions.pdf
PUMaC 2014 Combinatorics B #2,1000100,PUMaC_2014_Combinatorics_B_Solutions.pdf
PUMaC 2014 Combinatorics B #3,5,PUMaC_2014_Combinatorics_B_Solutions.pdf
PUMaC 2014 Combinatorics B #4,39,PUMaC_2014_Combinatorics_B_Solutions.pdf
PUMaC 2014 Combinatorics B #5,7921,PUMaC_2014_Combinatorics_B_Solutions.pdf
PUMaC 2014 Combinatorics B #6,247,PUMaC_2014_Combinatorics_B_Solutions.pdf
PUMaC 2014 Combinatorics B #7,916,PUMaC_2014_Combinatorics_B_Solutions.pdf
PUMaC 2014 Combinatorics B #8,8,PUMaC_2014_Combinatorics_B_Solutions.pdf
PUMaC 2014 Finals A #1,PID is colinear,PUMaC_2014_Finals_A_Solutions.pdf
PUMaC 2014 Finals A #2,\frac{1}{a^3 + 2} + \frac{1}{b^3 + 2} + \frac{1}{c^3 + 2} \geq 1,PUMaC_2014_Finals_A_Solutions.pdf
PUMaC 2014 Finals A #3a,(2^{1024})!,PUMaC_2014_Finals_A_Solutions.pdf
PUMaC 2014 Finals A #3b,3 \nmid n,PUMaC_2014_Finals_A_Solutions.pdf
PUMaC 2014 Finals B #1,P \text{ bisects the line } CD,PUMaC_2014_Finals_B_Solutions.pdf
PUMaC 2014 Finals B #2,n = 14,PUMaC_2014_Finals_B_Solutions.pdf
PUMaC 2014 Finals B #3,"(x, y) = (51, 50) \text{ or } (50, 51)",PUMaC_2014_Finals_B_Solutions.pdf
PUMaC 2014 Geometry A #1,22,PUMaC_2014_Geometry_A_Solutions.pdf
PUMaC 2014 Geometry A #2,331,PUMaC_2014_Geometry_A_Solutions.pdf
PUMaC 2014 Geometry A #3,15,PUMaC_2014_Geometry_A_Solutions.pdf
PUMaC 2014 Geometry A #4,66,PUMaC_2014_Geometry_A_Solutions.pdf
PUMaC 2014 Geometry A #5,12,PUMaC_2014_Geometry_A_Solutions.pdf
PUMaC 2014 Geometry A #6,126,PUMaC_2014_Geometry_A_Solutions.pdf
PUMaC 2014 Geometry A #7,7,PUMaC_2014_Geometry_A_Solutions.pdf
PUMaC 2014 Geometry A #8,33,PUMaC_2014_Geometry_A_Solutions.pdf
PUMaC 2014 Geometry B #1,331,PUMaC_2014_Geometry_B_Solutions.pdf
PUMaC 2014 Geometry B #2,23,PUMaC_2014_Geometry_B_Solutions.pdf
PUMaC 2014 Geometry B #3,4,PUMaC_2014_Geometry_B_Solutions.pdf
PUMaC 2014 Geometry B #4,15,PUMaC_2014_Geometry_B_Solutions.pdf
PUMaC 2014 Geometry B #5,66,PUMaC_2014_Geometry_B_Solutions.pdf
PUMaC 2014 Geometry B #6,12,PUMaC_2014_Geometry_B_Solutions.pdf
PUMaC 2014 Geometry B #7,75,PUMaC_2014_Geometry_B_Solutions.pdf
PUMaC 2014 Geometry B #8,33,PUMaC_2014_Geometry_B_Solutions.pdf
PUMaC 2014 NumberTheory A #1,1440,PUMaC_2014_NumberTheory_A_Solutions.pdf
PUMaC 2014 NumberTheory A #2,7,PUMaC_2014_NumberTheory_A_Solutions.pdf
PUMaC 2014 NumberTheory A #3,616,PUMaC_2014_NumberTheory_A_Solutions.pdf
PUMaC 2014 NumberTheory A #4,7,PUMaC_2014_NumberTheory_A_Solutions.pdf
PUMaC 2014 NumberTheory A #5,6,PUMaC_2014_NumberTheory_A_Solutions.pdf
PUMaC 2014 NumberTheory A #6,8,PUMaC_2014_NumberTheory_A_Solutions.pdf
PUMaC 2014 NumberTheory A #7,503,PUMaC_2014_NumberTheory_A_Solutions.pdf
PUMaC 2014 NumberTheory A #8,107,PUMaC_2014_NumberTheory_A_Solutions.pdf
PUMaC 2014 NumberTheory B #1,1440,PUMaC_2014_NumberTheory_B_Solutions.pdf
PUMaC 2014 NumberTheory B #2,7,PUMaC_2014_NumberTheory_B_Solutions.pdf
PUMaC 2014 NumberTheory B #3,840,PUMaC_2014_NumberTheory_B_Solutions.pdf
PUMaC 2014 NumberTheory B #4,720,PUMaC_2014_NumberTheory_B_Solutions.pdf
PUMaC 2014 NumberTheory B #5,7,PUMaC_2014_NumberTheory_B_Solutions.pdf
PUMaC 2014 NumberTheory B #6,8,PUMaC_2014_NumberTheory_B_Solutions.pdf
PUMaC 2014 NumberTheory B #7,48,PUMaC_2014_NumberTheory_B_Solutions.pdf
PUMaC 2014 NumberTheory B #8,503,PUMaC_2014_NumberTheory_B_Solutions.pdf
PUMaC 2014 Team #1,9,PUMaC_2014_Team_Solutions.pdf
PUMaC 2014 Team #2,2,PUMaC_2014_Team_Solutions.pdf
PUMaC 2014 Team #3,8,PUMaC_2014_Team_Solutions.pdf
PUMaC 2014 Team #4,74,PUMaC_2014_Team_Solutions.pdf
PUMaC 2014 Team #5,833,PUMaC_2014_Team_Solutions.pdf
PUMaC 2014 Team #6,275,PUMaC_2014_Team_Solutions.pdf
PUMaC 2014 Team #7,5,PUMaC_2014_Team_Solutions.pdf
PUMaC 2014 Team #8,39202,PUMaC_2014_Team_Solutions.pdf
PUMaC 2014 Team #9,89,PUMaC_2014_Team_Solutions.pdf
PUMaC 2014 Team #10,1875,PUMaC_2014_Team_Solutions.pdf
PUMaC 2014 Team #11,13,PUMaC_2014_Team_Solutions.pdf
PUMaC 2014 Team #12,56,PUMaC_2014_Team_Solutions.pdf
PUMaC 2014 Team #13,277,PUMaC_2014_Team_Solutions.pdf
PUMaC 2014 Team #14,3,PUMaC_2014_Team_Solutions.pdf
PUMaC 2014 Team #15,39,PUMaC_2014_Team_Solutions.pdf
PUMaC 2015 Algebra A #1,2082,PUMaC_2015_Algebra_A_Solutions.pdf
PUMaC 2015 Algebra A #2,90,PUMaC_2015_Algebra_A_Solutions.pdf
PUMaC 2015 Algebra A #3,7,PUMaC_2015_Algebra_A_Solutions.pdf
PUMaC 2015 Algebra A #4,7,PUMaC_2015_Algebra_A_Solutions.pdf
PUMaC 2015 Algebra A #5,16384,PUMaC_2015_Algebra_A_Solutions.pdf
PUMaC 2015 Algebra A #6,1,PUMaC_2015_Algebra_A_Solutions.pdf
PUMaC 2015 Algebra A #7,9,PUMaC_2015_Algebra_A_Solutions.pdf
PUMaC 2015 Algebra A #8,2044,PUMaC_2015_Algebra_A_Solutions.pdf
PUMaC 2015 Algebra B #1,90,PUMaC_2015_Algebra_B_Solutions.pdf
PUMaC 2015 Algebra B #2,2,PUMaC_2015_Algebra_B_Solutions.pdf
PUMaC 2015 Algebra B #3,281,PUMaC_2015_Algebra_B_Solutions.pdf
PUMaC 2015 Algebra B #4,90,PUMaC_2015_Algebra_B_Solutions.pdf
PUMaC 2015 Algebra B #5,7,PUMaC_2015_Algebra_B_Solutions.pdf
PUMaC 2015 Algebra B #6,7,PUMaC_2015_Algebra_B_Solutions.pdf
PUMaC 2015 Algebra B #7,1,PUMaC_2015_Algebra_B_Solutions.pdf
PUMaC 2015 Algebra B #8,9,PUMaC_2015_Algebra_B_Solutions.pdf
PUMaC 2015 Combinatorics A #1,170,PUMaC_2015_Combinatorics_A_Solutions.pdf
PUMaC 2015 Combinatorics A #2,4439,PUMaC_2015_Combinatorics_A_Solutions.pdf
PUMaC 2015 Combinatorics A #3,651222,PUMaC_2015_Combinatorics_A_Solutions.pdf
PUMaC 2015 Combinatorics A #4,308253,PUMaC_2015_Combinatorics_A_Solutions.pdf
PUMaC 2015 Combinatorics A #5,270,PUMaC_2015_Combinatorics_A_Solutions.pdf
PUMaC 2015 Combinatorics A #6,8,PUMaC_2015_Combinatorics_A_Solutions.pdf
PUMaC 2015 Combinatorics A #7,840,PUMaC_2015_Combinatorics_A_Solutions.pdf
PUMaC 2015 Combinatorics A #8,22125,PUMaC_2015_Combinatorics_A_Solutions.pdf
PUMaC 2015 Combinatorics B #1,33,PUMaC_2015_Combinatorics_B_Solutions.pdf
PUMaC 2015 Combinatorics B #2,4,PUMaC_2015_Combinatorics_B_Solutions.pdf
PUMaC 2015 Combinatorics B #3,273,PUMaC_2015_Combinatorics_B_Solutions.pdf
PUMaC 2015 Combinatorics B #4,4439,PUMaC_2015_Combinatorics_B_Solutions.pdf
PUMaC 2015 Combinatorics B #5,651222,PUMaC_2015_Combinatorics_B_Solutions.pdf
PUMaC 2015 Combinatorics B #6,308253,PUMaC_2015_Combinatorics_B_Solutions.pdf
PUMaC 2015 Combinatorics B #7,270,PUMaC_2015_Combinatorics_B_Solutions.pdf
PUMaC 2015 Combinatorics B #8,3600,PUMaC_2015_Combinatorics_B_Solutions.pdf
PUMaC 2015 Finals A #1a,2(n-1),PUMaC_2015_Finals_A_Solutions.pdf
PUMaC 2015 Finals A #1b,2^{2015},PUMaC_2015_Finals_A_Solutions.pdf
PUMaC 2015 Finals A #3,13,PUMaC_2015_Finals_A_Solutions.pdf
PUMaC 2015 Finals B #1,4028,PUMaC_2015_Finals_B_Solutions.pdf
PUMaC 2015 Finals B #2,\text{at least one of C and D is the midpoint of arc AB},PUMaC_2015_Finals_B_Solutions.pdf
PUMaC 2015 Finals B #3,p^2|2^p - 2 \text{ if and only if } S \equiv 0 \pmod{p},PUMaC_2015_Finals_B_Solutions.pdf
PUMaC 2015 Geometry A #1,64,PUMaC_2015_Geometry_A_Solutions.pdf
PUMaC 2015 Geometry A #2,14,PUMaC_2015_Geometry_A_Solutions.pdf
PUMaC 2015 Geometry A #3,60,PUMaC_2015_Geometry_A_Solutions.pdf
PUMaC 2015 Geometry A #4,15,PUMaC_2015_Geometry_A_Solutions.pdf
PUMaC 2015 Geometry A #5,16,PUMaC_2015_Geometry_A_Solutions.pdf
PUMaC 2015 Geometry A #6,11,PUMaC_2015_Geometry_A_Solutions.pdf
PUMaC 2015 Geometry A #7,1291,PUMaC_2015_Geometry_A_Solutions.pdf
PUMaC 2015 Geometry A #8,49,PUMaC_2015_Geometry_A_Solutions.pdf
PUMaC 2015 Geometry B #1,25,PUMaC_2015_Geometry_B_Solutions.pdf
PUMaC 2015 Geometry B #2,7,PUMaC_2015_Geometry_B_Solutions.pdf
PUMaC 2015 Geometry B #3,64,PUMaC_2015_Geometry_B_Solutions.pdf
PUMaC 2015 Geometry B #4,14,PUMaC_2015_Geometry_B_Solutions.pdf
PUMaC 2015 Geometry B #5,60,PUMaC_2015_Geometry_B_Solutions.pdf
PUMaC 2015 Geometry B #6,15,PUMaC_2015_Geometry_B_Solutions.pdf
PUMaC 2015 Geometry B #7,16,PUMaC_2015_Geometry_B_Solutions.pdf
PUMaC 2015 Geometry B #8,11,PUMaC_2015_Geometry_B_Solutions.pdf
PUMaC 2015 NumberTheory A #1,85,PUMaC_2015_NumberTheory_A_Solutions.pdf
PUMaC 2015 NumberTheory A #2,17,PUMaC_2015_NumberTheory_A_Solutions.pdf
PUMaC 2015 NumberTheory A #3,4369,PUMaC_2015_NumberTheory_A_Solutions.pdf
PUMaC 2015 NumberTheory A #4,20,PUMaC_2015_NumberTheory_A_Solutions.pdf
PUMaC 2015 NumberTheory A #5,27,PUMaC_2015_NumberTheory_A_Solutions.pdf
PUMaC 2015 NumberTheory A #6,864,PUMaC_2015_NumberTheory_A_Solutions.pdf
PUMaC 2015 NumberTheory A #7,1847,PUMaC_2015_NumberTheory_A_Solutions.pdf
PUMaC 2015 NumberTheory A #8,382,PUMaC_2015_NumberTheory_A_Solutions.pdf
PUMaC 2015 NumberTheory B #1,2,PUMaC_2015_NumberTheory_B_Solutions.pdf
PUMaC 2015 NumberTheory B #2,85,PUMaC_2015_NumberTheory_B_Solutions.pdf
PUMaC 2015 NumberTheory B #3,17,PUMaC_2015_NumberTheory_B_Solutions.pdf
PUMaC 2015 NumberTheory B #4,36,PUMaC_2015_NumberTheory_B_Solutions.pdf
PUMaC 2015 NumberTheory B #5,48,PUMaC_2015_NumberTheory_B_Solutions.pdf
PUMaC 2015 NumberTheory B #6,4369,PUMaC_2015_NumberTheory_B_Solutions.pdf
PUMaC 2015 NumberTheory B #7,20,PUMaC_2015_NumberTheory_B_Solutions.pdf
PUMaC 2015 NumberTheory B #8,1847,PUMaC_2015_NumberTheory_B_Solutions.pdf
PUMaC 2015 Power #3.1a,\text{No},PUMaC_2015_Power_Solutions.pdf
PUMaC 2015 Power #3.1b,\text{No},PUMaC_2015_Power_Solutions.pdf
PUMaC 2015 Power #3.1c,\text{No},PUMaC_2015_Power_Solutions.pdf
PUMaC 2015 Power #3.1d,\text{Yes},PUMaC_2015_Power_Solutions.pdf
PUMaC 2015 Power #3.2,\text{Proved},PUMaC_2015_Power_Solutions.pdf
PUMaC 2015 Power #3.3,\text{Proved},PUMaC_2015_Power_Solutions.pdf
PUMaC 2015 Power #3.4,\text{Proved},PUMaC_2015_Power_Solutions.pdf
PUMaC 2015 Power #3.5,\text{Proved},PUMaC_2015_Power_Solutions.pdf
PUMaC 2015 Power #3.6,\text{Proved},PUMaC_2015_Power_Solutions.pdf
PUMaC 2015 Power #4.1a,x = x' - \frac{a_2}{3},PUMaC_2015_Power_Solutions.pdf
PUMaC 2015 Power #4.1b,\text{Change of variables shown},PUMaC_2015_Power_Solutions.pdf
PUMaC 2015 Power #4.2a,"(-1, 2)",PUMaC_2015_Power_Solutions.pdf
PUMaC 2015 Power #4.2b,"(\frac{46}{9}, \frac{109}{27})",PUMaC_2015_Power_Solutions.pdf
PUMaC 2015 Power #4.3a,\text{Proved},PUMaC_2015_Power_Solutions.pdf
PUMaC 2015 Power #4.3b,\text{Proved},PUMaC_2015_Power_Solutions.pdf
PUMaC 2015 Power #4.4,d^2 = b^3,PUMaC_2015_Power_Solutions.pdf
PUMaC 2015 Power #4.5a,c = -1 - b,PUMaC_2015_Power_Solutions.pdf
PUMaC 2015 Power #4.5b,\alpha = -\frac{1}{2},PUMaC_2015_Power_Solutions.pdf
PUMaC 2015 Power #4.6,\text{Proved},PUMaC_2015_Power_Solutions.pdf
PUMaC 2015 Power #5.1a,\text{Proved},PUMaC_2015_Power_Solutions.pdf
PUMaC 2015 Power #5.1b,s_n = 4a_n^2,PUMaC_2015_Power_Solutions.pdf
PUMaC 2015 Power #5.2,\text{Proved},PUMaC_2015_Power_Solutions.pdf
PUMaC 2015 Power #5.3,\text{Proved},PUMaC_2015_Power_Solutions.pdf
PUMaC 2015 Power #5.4a,\text{Proved},PUMaC_2015_Power_Solutions.pdf
PUMaC 2015 Power #5.4b,\text{Proved},PUMaC_2015_Power_Solutions.pdf
PUMaC 2015 Power #6.1,"\{(0:1:0),(0:3:1),(0:10:1),(1:0:1),(2:6:1),(2:7:1),(6:3:1),(6:10:1),(7:3:1),(7:10:1),(8:5:1),(8:8:1),(10:5:1),(10:8:1)\}",PUMaC_2015_Power_Solutions.pdf
PUMaC 2015 Power #6.2,\text{Proved},PUMaC_2015_Power_Solutions.pdf
PUMaC 2015 Power #7.1,"\text{Yes, A is a ring}",PUMaC_2015_Power_Solutions.pdf
PUMaC 2015 Power #7.2a,"\text{Yes, equivalent}",PUMaC_2015_Power_Solutions.pdf
PUMaC 2015 Power #7.2b,\text{Yes},PUMaC_2015_Power_Solutions.pdf
PUMaC 2015 Power #7.2c,\text{Yes},PUMaC_2015_Power_Solutions.pdf
PUMaC 2015 Power #7.2d,\text{No},PUMaC_2015_Power_Solutions.pdf
PUMaC 2015 Power #7.3a,"\sqrt{20 + \sqrt{15}}, \sqrt{20 - \sqrt{15}}, -\sqrt{20 + \sqrt{15}}, -\sqrt{20 - \sqrt{15}}",PUMaC_2015_Power_Solutions.pdf
PUMaC 2015 Power #7.3b,\text{Four automorphisms given},PUMaC_2015_Power_Solutions.pdf
PUMaC 2015 Power #9.1b,"\begin{cases} 0 & \text{if } ab \not\equiv c \pmod{2} \\ 2^{n-1} & \text{if } ab \equiv 0 \pmod{2} \text{ and one of } a \text{ or } b \text{ is nonzero} \\ (2-1)(v_2(c)-1)2^{n-1} & \text{if } a \equiv b \equiv c \equiv 0 \pmod{2}, c \not\equiv 0 \pmod{2^n} \\ n2^{n-1} & \text{if } a \equiv b \equiv c \equiv 0 \pmod{2}, c \equiv 0 \pmod{2^n} \end{cases}",PUMaC_2015_Power_Solutions.pdf
PUMaC 2015 Power #9.1c,\begin{cases} 2 & \text{if } k = 1 \\ 3 \cdot 2^{3k-2} - 3 \cdot 2^{2k-1} & \text{if } k \geq 2 \end{cases},PUMaC_2015_Power_Solutions.pdf
PUMaC 2015 Power #9.1d,\frac{11}{21},PUMaC_2015_Power_Solutions.pdf
PUMaC 2015 Team #1,69,PUMaC_2015_Team_Solutions.pdf
PUMaC 2015 Team #2,80,PUMaC_2015_Team_Solutions.pdf
PUMaC 2015 Team #3,33,PUMaC_2015_Team_Solutions.pdf
PUMaC 2015 Team #4,8,PUMaC_2015_Team_Solutions.pdf
PUMaC 2015 Team #5,2012,PUMaC_2015_Team_Solutions.pdf
PUMaC 2015 Team #6,60,PUMaC_2015_Team_Solutions.pdf
PUMaC 2015 Team #7,2,PUMaC_2015_Team_Solutions.pdf
PUMaC 2015 Team #8,1234,PUMaC_2015_Team_Solutions.pdf
PUMaC 2015 Team #9,255,PUMaC_2015_Team_Solutions.pdf
PUMaC 2015 Team #10,15230,PUMaC_2015_Team_Solutions.pdf
PUMaC 2015 Team #11,600,PUMaC_2015_Team_Solutions.pdf
PUMaC 2015 Team #12,2017,PUMaC_2015_Team_Solutions.pdf
PUMaC 2015 Team #13,0,PUMaC_2015_Team_Solutions.pdf
PUMaC 2015 Team #14,252,PUMaC_2015_Team_Solutions.pdf
PUMaC 2015 Team #15,252,PUMaC_2015_Team_Solutions.pdf
PUMaC 2016 Algebra A #1,8021,PUMaC_2016_Algebra_A_Solutions.pdf
PUMaC 2016 Algebra A #2,144,PUMaC_2016_Algebra_A_Solutions.pdf
PUMaC 2016 Algebra A #3,177,PUMaC_2016_Algebra_A_Solutions.pdf
PUMaC 2016 Algebra A #4,2013,PUMaC_2016_Algebra_A_Solutions.pdf
PUMaC 2016 Algebra A #5,105,PUMaC_2016_Algebra_A_Solutions.pdf
PUMaC 2016 Algebra A #6,204,PUMaC_2016_Algebra_A_Solutions.pdf
PUMaC 2016 Algebra A #7,12321,PUMaC_2016_Algebra_A_Solutions.pdf
PUMaC 2016 Algebra A #8,4033,PUMaC_2016_Algebra_A_Solutions.pdf
PUMaC 2016 Algebra B #1,10,PUMaC_2016_Algebra_B_Solutions.pdf
PUMaC 2016 Algebra B #2,8021,PUMaC_2016_Algebra_B_Solutions.pdf
PUMaC 2016 Algebra B #3,73,PUMaC_2016_Algebra_B_Solutions.pdf
PUMaC 2016 Algebra B #4,144,PUMaC_2016_Algebra_B_Solutions.pdf
PUMaC 2016 Algebra B #5,177,PUMaC_2016_Algebra_B_Solutions.pdf
PUMaC 2016 Algebra B #6,2013,PUMaC_2016_Algebra_B_Solutions.pdf
PUMaC 2016 Algebra B #7,105,PUMaC_2016_Algebra_B_Solutions.pdf
PUMaC 2016 Algebra B #8,12321,PUMaC_2016_Algebra_B_Solutions.pdf
PUMaC 2016 Combinatorics A #1,3,PUMaC_2016_Combinatorics_A_Solutions.pdf
PUMaC 2016 Combinatorics A #2,247,PUMaC_2016_Combinatorics_A_Solutions.pdf
PUMaC 2016 Combinatorics A #3,1440,PUMaC_2016_Combinatorics_A_Solutions.pdf
PUMaC 2016 Combinatorics A #4,10080,PUMaC_2016_Combinatorics_A_Solutions.pdf
PUMaC 2016 Combinatorics A #5,4030,PUMaC_2016_Combinatorics_A_Solutions.pdf
PUMaC 2016 Combinatorics A #6,1016060,PUMaC_2016_Combinatorics_A_Solutions.pdf
PUMaC 2016 Combinatorics A #7,525,PUMaC_2016_Combinatorics_A_Solutions.pdf
PUMaC 2016 Combinatorics A #8,4830,PUMaC_2016_Combinatorics_A_Solutions.pdf
PUMaC 2016 Combinatorics B #1,7,PUMaC_2016_Combinatorics_B_Solutions.pdf
PUMaC 2016 Combinatorics B #2,157,PUMaC_2016_Combinatorics_B_Solutions.pdf
PUMaC 2016 Combinatorics B #3,3,PUMaC_2016_Combinatorics_B_Solutions.pdf
PUMaC 2016 Combinatorics B #4,247,PUMaC_2016_Combinatorics_B_Solutions.pdf
PUMaC 2016 Combinatorics B #5,1440,PUMaC_2016_Combinatorics_B_Solutions.pdf
PUMaC 2016 Combinatorics B #6,10080,PUMaC_2016_Combinatorics_B_Solutions.pdf
PUMaC 2016 Combinatorics B #7,4030,PUMaC_2016_Combinatorics_B_Solutions.pdf
PUMaC 2016 Combinatorics B #8,4830,PUMaC_2016_Combinatorics_B_Solutions.pdf
PUMaC 2016 Geometry A #1,19,PUMaC_2016_Geometry_A_Solutions.pdf
PUMaC 2016 Geometry A #2,36,PUMaC_2016_Geometry_A_Solutions.pdf
PUMaC 2016 Geometry A #3,36,PUMaC_2016_Geometry_A_Solutions.pdf
PUMaC 2016 Geometry A #4,3023,PUMaC_2016_Geometry_A_Solutions.pdf
PUMaC 2016 Geometry A #5,14,PUMaC_2016_Geometry_A_Solutions.pdf
PUMaC 2016 Geometry A #6,9,PUMaC_2016_Geometry_A_Solutions.pdf
PUMaC 2016 Geometry A #7,421,PUMaC_2016_Geometry_A_Solutions.pdf
PUMaC 2016 Geometry A #8,175,PUMaC_2016_Geometry_A_Solutions.pdf
PUMaC 2016 Geometry B #1,11,PUMaC_2016_Geometry_B_Solutions.pdf
PUMaC 2016 Geometry B #2,19,PUMaC_2016_Geometry_B_Solutions.pdf
PUMaC 2016 Geometry B #3,36,PUMaC_2016_Geometry_B_Solutions.pdf
PUMaC 2016 Geometry B #4,36,PUMaC_2016_Geometry_B_Solutions.pdf
PUMaC 2016 Geometry B #5,223,PUMaC_2016_Geometry_B_Solutions.pdf
PUMaC 2016 Geometry B #6,14,PUMaC_2016_Geometry_B_Solutions.pdf
PUMaC 2016 Geometry B #7,9,PUMaC_2016_Geometry_B_Solutions.pdf
PUMaC 2016 Geometry B #8,421,PUMaC_2016_Geometry_B_Solutions.pdf
PUMaC 2016 Live #1.1.1,1,PUMaC_2016_Live_Solutions.pdf
PUMaC 2016 Live #1.1.3,580608,PUMaC_2016_Live_Solutions.pdf
PUMaC 2016 Live #1.1.4,6436,PUMaC_2016_Live_Solutions.pdf
PUMaC 2016 Live #1.2.1,5,PUMaC_2016_Live_Solutions.pdf
PUMaC 2016 Live #1.2.2,7056,PUMaC_2016_Live_Solutions.pdf
PUMaC 2016 Live #1.2.4,7351,PUMaC_2016_Live_Solutions.pdf
PUMaC 2016 Live #Est. 1,\sqrt{.7},PUMaC_2016_Live_Solutions.pdf
PUMaC 2016 Live #Calc. 1,\frac{1}{2e},PUMaC_2016_Live_Solutions.pdf
PUMaC 2016 Live #Misc. 1,12020,PUMaC_2016_Live_Solutions.pdf
PUMaC 2016 Live #2.1.1,0,PUMaC_2016_Live_Solutions.pdf
PUMaC 2016 Live #2.1.2,12,PUMaC_2016_Live_Solutions.pdf
PUMaC 2016 Live #2.1.3,5,PUMaC_2016_Live_Solutions.pdf
PUMaC 2016 Live #2.1.4,3433,PUMaC_2016_Live_Solutions.pdf
PUMaC 2016 Live #2.2.1,109,PUMaC_2016_Live_Solutions.pdf
PUMaC 2016 Live #2.2.2,4,PUMaC_2016_Live_Solutions.pdf
PUMaC 2016 Live #2.2.3,31,PUMaC_2016_Live_Solutions.pdf
PUMaC 2016 Live #2.2.4,4,PUMaC_2016_Live_Solutions.pdf
PUMaC 2016 Live #Est. 2,641,PUMaC_2016_Live_Solutions.pdf
PUMaC 2016 Live #Calc. 2,0,PUMaC_2016_Live_Solutions.pdf
PUMaC 2016 Live #Misc. 2,621.80,PUMaC_2016_Live_Solutions.pdf
PUMaC 2016 Live #3.1.1,71,PUMaC_2016_Live_Solutions.pdf
PUMaC 2016 Live #3.1.2,2,PUMaC_2016_Live_Solutions.pdf
PUMaC 2016 Live #3.1.3,2,PUMaC_2016_Live_Solutions.pdf
PUMaC 2016 Live #3.1.4,6047,PUMaC_2016_Live_Solutions.pdf
PUMaC 2016 Live #3.2.1,125,PUMaC_2016_Live_Solutions.pdf
PUMaC 2016 Live #3.2.2,272,PUMaC_2016_Live_Solutions.pdf
PUMaC 2016 Live #3.2.3,6,PUMaC_2016_Live_Solutions.pdf
PUMaC 2016 Live #3.2.4,5,PUMaC_2016_Live_Solutions.pdf
PUMaC 2016 Live #Est. 3,24,PUMaC_2016_Live_Solutions.pdf
PUMaC 2016 Live #Calc. 3,24,PUMaC_2016_Live_Solutions.pdf
PUMaC 2016 Live #Misc. 3,17519,PUMaC_2016_Live_Solutions.pdf
PUMaC 2016 NumberTheory A #1,294,PUMaC_2016_NumberTheory_A_Solutions.pdf
PUMaC 2016 NumberTheory A #2,481,PUMaC_2016_NumberTheory_A_Solutions.pdf
PUMaC 2016 NumberTheory A #3,161,PUMaC_2016_NumberTheory_A_Solutions.pdf
PUMaC 2016 NumberTheory A #4,540,PUMaC_2016_NumberTheory_A_Solutions.pdf
PUMaC 2016 NumberTheory A #5,895,PUMaC_2016_NumberTheory_A_Solutions.pdf
PUMaC 2016 NumberTheory A #6,528,PUMaC_2016_NumberTheory_A_Solutions.pdf
PUMaC 2016 NumberTheory A #7,30576,PUMaC_2016_NumberTheory_A_Solutions.pdf
PUMaC 2016 NumberTheory A #8,1410,PUMaC_2016_NumberTheory_A_Solutions.pdf
PUMaC 2016 NumberTheory B #1,294,PUMaC_2016_NumberTheory_B_Solutions.pdf
PUMaC 2016 NumberTheory B #2,162,PUMaC_2016_NumberTheory_B_Solutions.pdf
PUMaC 2016 NumberTheory B #3,481,PUMaC_2016_NumberTheory_B_Solutions.pdf
PUMaC 2016 NumberTheory B #4,13,PUMaC_2016_NumberTheory_B_Solutions.pdf
PUMaC 2016 NumberTheory B #5,161,PUMaC_2016_NumberTheory_B_Solutions.pdf
PUMaC 2016 NumberTheory B #6,540,PUMaC_2016_NumberTheory_B_Solutions.pdf
PUMaC 2016 NumberTheory B #7,895,PUMaC_2016_NumberTheory_B_Solutions.pdf
PUMaC 2016 NumberTheory B #8,30576,PUMaC_2016_NumberTheory_B_Solutions.pdf
PUMaC 2016 Power #2.1a,Yes,PUMaC_2016_Power_Solutions.pdf
PUMaC 2016 Power #2.1b,Yes,PUMaC_2016_Power_Solutions.pdf
PUMaC 2016 Power #2.1c,No,PUMaC_2016_Power_Solutions.pdf
PUMaC 2016 Power #2.1d,Yes,PUMaC_2016_Power_Solutions.pdf
PUMaC 2016 Power #2.3a,Yes,PUMaC_2016_Power_Solutions.pdf
PUMaC 2016 Power #2.3b,No,PUMaC_2016_Power_Solutions.pdf
PUMaC 2016 Power #2.3c,No,PUMaC_2016_Power_Solutions.pdf
PUMaC 2016 Power #2.3d,No,PUMaC_2016_Power_Solutions.pdf
PUMaC 2016 Power #2.5a,No,PUMaC_2016_Power_Solutions.pdf
PUMaC 2016 Power #2.5b,Yes,PUMaC_2016_Power_Solutions.pdf
PUMaC 2016 Power #2.5c,Yes,PUMaC_2016_Power_Solutions.pdf
PUMaC 2016 Power #2.8b,"For input n, multiply n by n + 1, divide the result by 2, and output the result.",PUMaC_2016_Power_Solutions.pdf
PUMaC 2016 Power #3.1a,Yes,PUMaC_2016_Power_Solutions.pdf
PUMaC 2016 Power #3.1b,No,PUMaC_2016_Power_Solutions.pdf
PUMaC 2016 Power #3.1c,Yes,PUMaC_2016_Power_Solutions.pdf
PUMaC 2016 Power #4.1a,WKDR,PUMaC_2016_Power_Solutions.pdf
PUMaC 2016 Power #4.1b,PUMAC,PUMaC_2016_Power_Solutions.pdf
PUMaC 2016 Power #4.1c,INTEGRATIONBYSMARTS,PUMaC_2016_Power_Solutions.pdf
PUMaC 2016 Power #4.2a,110101,PUMaC_2016_Power_Solutions.pdf
PUMaC 2016 Power #4.2b,010010,PUMaC_2016_Power_Solutions.pdf
PUMaC 2016 Power #4.3a,0,PUMaC_2016_Power_Solutions.pdf
PUMaC 2016 Power #4.3b,x,PUMaC_2016_Power_Solutions.pdf
PUMaC 2016 Power #4.3c,Yes,PUMaC_2016_Power_Solutions.pdf
PUMaC 2016 Power #4.3d,Yes,PUMaC_2016_Power_Solutions.pdf
PUMaC 2016 Power #6.1a,No,PUMaC_2016_Power_Solutions.pdf
PUMaC 2016 Power #6.1b,No,PUMaC_2016_Power_Solutions.pdf
PUMaC 2016 Power #6.1c,No,PUMaC_2016_Power_Solutions.pdf
PUMaC 2016 Power #6.1d,No,PUMaC_2016_Power_Solutions.pdf
PUMaC 2016 Power #7.1a,Not a one-way function,PUMaC_2016_Power_Solutions.pdf
PUMaC 2016 Power #7.1b,Not a one-way function,PUMaC_2016_Power_Solutions.pdf
PUMaC 2016 Power #7.1c,Not a one-way function,PUMaC_2016_Power_Solutions.pdf
PUMaC 2016 Team #1,25,PUMaC_2016_Team_Solutions.pdf
PUMaC 2016 Team #2,3008,PUMaC_2016_Team_Solutions.pdf
PUMaC 2016 Team #3,539,PUMaC_2016_Team_Solutions.pdf
PUMaC 2016 Team #4,1990,PUMaC_2016_Team_Solutions.pdf
PUMaC 2016 Team #5,140,PUMaC_2016_Team_Solutions.pdf
PUMaC 2016 Team #6,1389,PUMaC_2016_Team_Solutions.pdf
PUMaC 2016 Team #7,113,PUMaC_2016_Team_Solutions.pdf
PUMaC 2016 Team #8,1090,PUMaC_2016_Team_Solutions.pdf
PUMaC 2016 Team #9,45,PUMaC_2016_Team_Solutions.pdf
PUMaC 2016 Team #10,121,PUMaC_2016_Team_Solutions.pdf
PUMaC 2016 Team #11,25,PUMaC_2016_Team_Solutions.pdf
PUMaC 2016 Team #12,10,PUMaC_2016_Team_Solutions.pdf
PUMaC 2016 Team #13,49,PUMaC_2016_Team_Solutions.pdf
PUMaC 2016 Team #14,339024,PUMaC_2016_Team_Solutions.pdf
PUMaC 2016 Team #15,650,PUMaC_2016_Team_Solutions.pdf
PUMaC 2017 Algebra A #1,4,PUMaC_2017_Algebra_A_Solutions.pdf
PUMaC 2017 Algebra A #2,3,PUMaC_2017_Algebra_A_Solutions.pdf
PUMaC 2017 Algebra A #3,16,PUMaC_2017_Algebra_A_Solutions.pdf
PUMaC 2017 Algebra A #4,121,PUMaC_2017_Algebra_A_Solutions.pdf
PUMaC 2017 Algebra A #5,2018,PUMaC_2017_Algebra_A_Solutions.pdf
PUMaC 2017 Algebra A #6,3,PUMaC_2017_Algebra_A_Solutions.pdf
PUMaC 2017 Algebra A #7,5,PUMaC_2017_Algebra_A_Solutions.pdf
PUMaC 2017 Algebra A #8,10091,PUMaC_2017_Algebra_A_Solutions.pdf
PUMaC 2017 Algebra B #1,27,PUMaC_2017_Algebra_B_Solutions.pdf
PUMaC 2017 Algebra B #2,672,PUMaC_2017_Algebra_B_Solutions.pdf
PUMaC 2017 Algebra B #3,4,PUMaC_2017_Algebra_B_Solutions.pdf
PUMaC 2017 Algebra B #4,3,PUMaC_2017_Algebra_B_Solutions.pdf
PUMaC 2017 Algebra B #5,16,PUMaC_2017_Algebra_B_Solutions.pdf
PUMaC 2017 Algebra B #6,121,PUMaC_2017_Algebra_B_Solutions.pdf
PUMaC 2017 Algebra B #7,2018,PUMaC_2017_Algebra_B_Solutions.pdf
PUMaC 2017 Algebra B #8,3,PUMaC_2017_Algebra_B_Solutions.pdf
PUMaC 2017 Combinatorics A #1,1009,PUMaC_2017_Combinatorics_A_Solutions.pdf
PUMaC 2017 Combinatorics A #2,400185,PUMaC_2017_Combinatorics_A_Solutions.pdf
PUMaC 2017 Combinatorics A #3,5,PUMaC_2017_Combinatorics_A_Solutions.pdf
PUMaC 2017 Combinatorics A #4,24,PUMaC_2017_Combinatorics_A_Solutions.pdf
PUMaC 2017 Combinatorics A #5,9765,PUMaC_2017_Combinatorics_A_Solutions.pdf
PUMaC 2017 Combinatorics A #6,13446,PUMaC_2017_Combinatorics_A_Solutions.pdf
PUMaC 2017 Combinatorics A #7,840,PUMaC_2017_Combinatorics_A_Solutions.pdf
PUMaC 2017 Combinatorics A #8,19,PUMaC_2017_Combinatorics_A_Solutions.pdf
PUMaC 2017 Combinatorics B #1,20,PUMaC_2017_Combinatorics_B_Solutions.pdf
PUMaC 2017 Combinatorics B #2,48,PUMaC_2017_Combinatorics_B_Solutions.pdf
PUMaC 2017 Combinatorics B #3,1009,PUMaC_2017_Combinatorics_B_Solutions.pdf
PUMaC 2017 Combinatorics B #4,400185,PUMaC_2017_Combinatorics_B_Solutions.pdf
PUMaC 2017 Combinatorics B #5,5,PUMaC_2017_Combinatorics_B_Solutions.pdf
PUMaC 2017 Combinatorics B #6,24,PUMaC_2017_Combinatorics_B_Solutions.pdf
PUMaC 2017 Combinatorics B #7,9765,PUMaC_2017_Combinatorics_B_Solutions.pdf
PUMaC 2017 Combinatorics B #8,13446,PUMaC_2017_Combinatorics_B_Solutions.pdf
PUMaC 2017 Finals A #1,13,PUMaC_2017_Finals_A_Solutions.pdf
PUMaC 2017 Finals A #2,"\text{diverges as well, as desired}",PUMaC_2017_Finals_A_Solutions.pdf
PUMaC 2017 Finals A #3,"\text{P B, QC, IX are concurrent at Y}",PUMaC_2017_Finals_A_Solutions.pdf
PUMaC 2017 Finals B #1,\text{Proof complete - no numerical answer},PUMaC_2017_Finals_B_Solutions.pdf
PUMaC 2017 Finals B #2,\text{Proof complete - no numerical answer},PUMaC_2017_Finals_B_Solutions.pdf
PUMaC 2017 Finals B #3,13,PUMaC_2017_Finals_B_Solutions.pdf
PUMaC 2017 Geometry A #1,24,PUMaC_2017_Geometry_A_Solutions.pdf
PUMaC 2017 Geometry A #2,90,PUMaC_2017_Geometry_A_Solutions.pdf
PUMaC 2017 Geometry A #3,323,PUMaC_2017_Geometry_A_Solutions.pdf
PUMaC 2017 Geometry A #4,13,PUMaC_2017_Geometry_A_Solutions.pdf
PUMaC 2017 Geometry A #5,28,PUMaC_2017_Geometry_A_Solutions.pdf
PUMaC 2017 Geometry A #6,20,PUMaC_2017_Geometry_A_Solutions.pdf
PUMaC 2017 Geometry A #7,153,PUMaC_2017_Geometry_A_Solutions.pdf
PUMaC 2017 Geometry A #8,33,PUMaC_2017_Geometry_A_Solutions.pdf
PUMaC 2017 Geometry B #1,21,PUMaC_2017_Geometry_B_Solutions.pdf
PUMaC 2017 Geometry B #2,239,PUMaC_2017_Geometry_B_Solutions.pdf
PUMaC 2017 Geometry B #3,24,PUMaC_2017_Geometry_B_Solutions.pdf
PUMaC 2017 Geometry B #4,90,PUMaC_2017_Geometry_B_Solutions.pdf
PUMaC 2017 Geometry B #5,323,PUMaC_2017_Geometry_B_Solutions.pdf
PUMaC 2017 Geometry B #6,13,PUMaC_2017_Geometry_B_Solutions.pdf
PUMaC 2017 Geometry B #7,28,PUMaC_2017_Geometry_B_Solutions.pdf
PUMaC 2017 Geometry B #8,20,PUMaC_2017_Geometry_B_Solutions.pdf
PUMaC 2017 Live #1.1,381,PUMaC_2017_Live_Solutions.pdf
PUMaC 2017 Live #1.2,79,PUMaC_2017_Live_Solutions.pdf
PUMaC 2017 Live #1.3,4,PUMaC_2017_Live_Solutions.pdf
PUMaC 2017 Live #2.1,70,PUMaC_2017_Live_Solutions.pdf
PUMaC 2017 Live #2.2,77,PUMaC_2017_Live_Solutions.pdf
PUMaC 2017 Live #2.3,73,PUMaC_2017_Live_Solutions.pdf
PUMaC 2017 Live #Calculus 1,35,PUMaC_2017_Live_Solutions.pdf
PUMaC 2017 Live #Estimation 1,189,PUMaC_2017_Live_Solutions.pdf
PUMaC 2017 Live #Miscellaneous 1,10,PUMaC_2017_Live_Solutions.pdf
PUMaC 2017 Live #4.1,18,PUMaC_2017_Live_Solutions.pdf
PUMaC 2017 Live #4.2,657510,PUMaC_2017_Live_Solutions.pdf
PUMaC 2017 Live #4.3,152,PUMaC_2017_Live_Solutions.pdf
PUMaC 2017 Live #5.1,2,PUMaC_2017_Live_Solutions.pdf
PUMaC 2017 Live #5.2,145,PUMaC_2017_Live_Solutions.pdf
PUMaC 2017 Live #5.3,8,PUMaC_2017_Live_Solutions.pdf
PUMaC 2017 Live #Calculus 2,17,PUMaC_2017_Live_Solutions.pdf
PUMaC 2017 Live #Estimation 2,7984,PUMaC_2017_Live_Solutions.pdf
PUMaC 2017 Live #Miscellaneous 2,969,PUMaC_2017_Live_Solutions.pdf
PUMaC 2017 Live #7.1,16122,PUMaC_2017_Live_Solutions.pdf
PUMaC 2017 Live #7.2,509544,PUMaC_2017_Live_Solutions.pdf
PUMaC 2017 Live #7.3,71,PUMaC_2017_Live_Solutions.pdf
PUMaC 2017 Live #8.1,156,PUMaC_2017_Live_Solutions.pdf
PUMaC 2017 Live #8.2,33,PUMaC_2017_Live_Solutions.pdf
PUMaC 2017 Live #8.3,45,PUMaC_2017_Live_Solutions.pdf
PUMaC 2017 Live #Calculus 3,5,PUMaC_2017_Live_Solutions.pdf
PUMaC 2017 Live #Estimation 3,12577,PUMaC_2017_Live_Solutions.pdf
PUMaC 2017 Live #Miscellaneous 3,883,PUMaC_2017_Live_Solutions.pdf
PUMaC 2017 NumberTheory A #1,2014,PUMaC_2017_NumberTheory_A_Solutions.pdf
PUMaC 2017 NumberTheory A #2,42,PUMaC_2017_NumberTheory_A_Solutions.pdf
PUMaC 2017 NumberTheory A #3,55,PUMaC_2017_NumberTheory_A_Solutions.pdf
PUMaC 2017 NumberTheory A #4,5394,PUMaC_2017_NumberTheory_A_Solutions.pdf
PUMaC 2017 NumberTheory A #5,7933,PUMaC_2017_NumberTheory_A_Solutions.pdf
PUMaC 2017 NumberTheory A #6,556,PUMaC_2017_NumberTheory_A_Solutions.pdf
PUMaC 2017 NumberTheory A #7,113,PUMaC_2017_NumberTheory_A_Solutions.pdf
PUMaC 2017 NumberTheory A #8,680,PUMaC_2017_NumberTheory_A_Solutions.pdf
PUMaC 2017 NumberTheory B #1,1074,PUMaC_2017_NumberTheory_B_Solutions.pdf
PUMaC 2017 NumberTheory B #2,14,PUMaC_2017_NumberTheory_B_Solutions.pdf
PUMaC 2017 NumberTheory B #3,2014,PUMaC_2017_NumberTheory_B_Solutions.pdf
PUMaC 2017 NumberTheory B #4,42,PUMaC_2017_NumberTheory_B_Solutions.pdf
PUMaC 2017 NumberTheory B #5,55,PUMaC_2017_NumberTheory_B_Solutions.pdf
PUMaC 2017 NumberTheory B #6,5394,PUMaC_2017_NumberTheory_B_Solutions.pdf
PUMaC 2017 NumberTheory B #7,7933,PUMaC_2017_NumberTheory_B_Solutions.pdf
PUMaC 2017 NumberTheory B #8,556,PUMaC_2017_NumberTheory_B_Solutions.pdf
PUMaC 2017 Power #1.1.1,\text{Proven by replacement argument},PUMaC_2017_Power_Solutions.pdf
PUMaC 2017 Power #1.1.2,"\text{R[x] is real vector space, C[x] is complex vector space, R[x] not complex, C[x] is real}",PUMaC_2017_Power_Solutions.pdf
PUMaC 2017 Power #1.2.1(i),\text{Linear},PUMaC_2017_Power_Solutions.pdf
PUMaC 2017 Power #1.2.1(ii),\text{Linear},PUMaC_2017_Power_Solutions.pdf
PUMaC 2017 Power #1.2.1(iii),\text{Linear},PUMaC_2017_Power_Solutions.pdf
PUMaC 2017 Power #1.2.2,"h(c_1, c_2),(c_3, c_4)i = c_1c_3r_1 + c_1c_4c + c_2c_3c + c_2c_4r_2",PUMaC_2017_Power_Solutions.pdf
PUMaC 2017 Power #1.2.3,\text{Proven},PUMaC_2017_Power_Solutions.pdf
PUMaC 2017 Power #1.3.1,"\text{Yes for associativity, No for commutativity}",PUMaC_2017_Power_Solutions.pdf
PUMaC 2017 Power #1.3.2,\text{Proven},PUMaC_2017_Power_Solutions.pdf
PUMaC 2017 Power #1.3.3,\text{Proven},PUMaC_2017_Power_Solutions.pdf
PUMaC 2017 Power #2.1.1,\text{Proven},PUMaC_2017_Power_Solutions.pdf
PUMaC 2017 Power #2.1.2,\text{Finite eigenvalues due to dimension constraint},PUMaC_2017_Power_Solutions.pdf
PUMaC 2017 Power #2.1.3,"\text{2-eigenspace: } \begin{pmatrix} -5t \\ t \end{pmatrix}, \text{7-eigenspace: } \begin{pmatrix} 0 \\ t \end{pmatrix}",PUMaC_2017_Power_Solutions.pdf
PUMaC 2017 Power #2.1.4(i),"V_1 = \{a(x) : a(1) = 0\}, V_2 = F",PUMaC_2017_Power_Solutions.pdf
PUMaC 2017 Power #2.1.4(ii),V_1 = \{a(x) : a(1) = 0\},PUMaC_2017_Power_Solutions.pdf
PUMaC 2017 Power #2.1.4(iii),"V_0 = \text{symmetric polynomials}, V_2 = \text{antisymmetric polynomials}",PUMaC_2017_Power_Solutions.pdf
PUMaC 2017 Power #2.2.1,\dim sl_n = n^2 - 1,PUMaC_2017_Power_Solutions.pdf
PUMaC 2017 Power #2.2.2,"\dim so_{2n+1} = 2n^2 + n, \dim so_{2n} = 2n^2 - n, \dim sp_{2n} = 2n^2 + n",PUMaC_2017_Power_Solutions.pdf
PUMaC 2017 Power #2.3.1,\text{Proven},PUMaC_2017_Power_Solutions.pdf
PUMaC 2017 Power #3.1.1,\text{Proven},PUMaC_2017_Power_Solutions.pdf
PUMaC 2017 Power #3.1.2,\text{Isomorphic spaces must have same dimension},PUMaC_2017_Power_Solutions.pdf
PUMaC 2017 Power #3.1.3,\text{Iff same dimension},PUMaC_2017_Power_Solutions.pdf
PUMaC 2017 Power #3.1.4,"[L,L] \subseteq Z(L)",PUMaC_2017_Power_Solutions.pdf
PUMaC 2017 Power #3.1.5(i),"V_1v = 0, V_2v' = 0",PUMaC_2017_Power_Solutions.pdf
PUMaC 2017 Power #3.1.5(ii),"\lambda_3 = n, \lambda_3' = -n",PUMaC_2017_Power_Solutions.pdf
PUMaC 2017 Power #3.1.6,"\text{Dim 1: unique abelian; Dim 2: abelian and } [x,y] = x",PUMaC_2017_Power_Solutions.pdf
PUMaC 2017 Power #3.2.1(i),\text{Any subspace is subalgebra and ideal},PUMaC_2017_Power_Solutions.pdf
PUMaC 2017 Power #3.2.1(ii),\text{Diagonal matrices in } gl_3,PUMaC_2017_Power_Solutions.pdf
PUMaC 2017 Power #3.2.2,\text{Neither subalgebra nor ideal},PUMaC_2017_Power_Solutions.pdf
PUMaC 2017 Power #3.2.3,\text{Yes},PUMaC_2017_Power_Solutions.pdf
PUMaC 2017 Power #3.2.4,\text{Proven},PUMaC_2017_Power_Solutions.pdf
PUMaC 2017 Power #3.3.1(i),"\dim V_3 = 4, \text{basis: } \{1, x, x^2, x^3\}",PUMaC_2017_Power_Solutions.pdf
PUMaC 2017 Power #3.3.1(ii),\phi : p \mapsto \begin{pmatrix} 0 & -\alpha_2 & \alpha_1 \\ \alpha_2 & 0 & -\alpha_0 \\ -\alpha_1 & \alpha_0 & 0 \end{pmatrix},PUMaC_2017_Power_Solutions.pdf
PUMaC 2017 Power #3.3.2,"\phi : (a,b) \mapsto \begin{pmatrix} a & 0 \\ 0 & b \end{pmatrix}",PUMaC_2017_Power_Solutions.pdf
PUMaC 2017 Power #3.4.1,\text{Proven},PUMaC_2017_Power_Solutions.pdf
PUMaC 2017 Power #3.4.2(i),\text{3-dimensional space maps to } gl_3,PUMaC_2017_Power_Solutions.pdf
PUMaC 2017 Power #3.4.2(ii),\text{Explicit isomorphism given},PUMaC_2017_Power_Solutions.pdf
PUMaC 2017 Power #3.4.3,\text{Basis and eigenvalues computed},PUMaC_2017_Power_Solutions.pdf
PUMaC 2017 Power #3.4.4,\text{Proven},PUMaC_2017_Power_Solutions.pdf
PUMaC 2017 Power #3.4.5,"\text{Yes to first, No to second}",PUMaC_2017_Power_Solutions.pdf
PUMaC 2017 Power #3.4.6,\text{Proven},PUMaC_2017_Power_Solutions.pdf
PUMaC 2017 Power #4.1.1,\text{Proven},PUMaC_2017_Power_Solutions.pdf
PUMaC 2017 Power #4.1.2,\text{Proven},PUMaC_2017_Power_Solutions.pdf
PUMaC 2017 Power #4.1.3,\text{Proven},PUMaC_2017_Power_Solutions.pdf
PUMaC 2017 Power #4.1.4(i),I^0 \text{ is ideal},PUMaC_2017_Power_Solutions.pdf
PUMaC 2017 Power #4.1.4(ii),L = \bigoplus_{i=1}^n L_i,PUMaC_2017_Power_Solutions.pdf
PUMaC 2017 Power #4.2.1,\text{Proven},PUMaC_2017_Power_Solutions.pdf
PUMaC 2017 Power #4.2.2,\text{Proven},PUMaC_2017_Power_Solutions.pdf
PUMaC 2017 Power #4.2.3,\alpha + \beta = 0,PUMaC_2017_Power_Solutions.pdf
PUMaC 2017 Power #4.2.4,\text{Proven inner product},PUMaC_2017_Power_Solutions.pdf
PUMaC 2017 Power #4.2.5,"[x,y] = \kappa(x,y)t_\lambda",PUMaC_2017_Power_Solutions.pdf
PUMaC 2017 Power #4.2.6,"\kappa(t_\lambda,t_\lambda)\kappa(h_\lambda,h_\lambda) = 4, h_\lambda = \frac{2t_\lambda}{\kappa(t_\lambda,t_\lambda)}",PUMaC_2017_Power_Solutions.pdf
PUMaC 2017 Power #5.1.1,"\{r, -r\} \text{ for any } r \in \mathbb{R}^+",PUMaC_2017_Power_Solutions.pdf
PUMaC 2017 Power #5.1.2,"4\cos^2\phi \in \{0,1,2,3\}",PUMaC_2017_Power_Solutions.pdf
PUMaC 2017 Power #5.1.3,"\text{Four root systems: } A_1 \times A_1, A_2, B_2, G_2",PUMaC_2017_Power_Solutions.pdf
PUMaC 2017 Power #5.1.4,\text{Union of irreducible components},PUMaC_2017_Power_Solutions.pdf
PUMaC 2017 Power #5.1.5,\text{Base exists (constructive proof)},PUMaC_2017_Power_Solutions.pdf
PUMaC 2017 Power #5.2.1,\text{Iff connected Dynkin diagram},PUMaC_2017_Power_Solutions.pdf
PUMaC 2017 Power #5.2.2,\text{No cycles possible},PUMaC_2017_Power_Solutions.pdf
PUMaC 2017 Power #5.2.3,\text{At most 3 edges per node},PUMaC_2017_Power_Solutions.pdf
PUMaC 2017 Power #5.2.4,\text{Restrictions proven using Shrinking Lemma},PUMaC_2017_Power_Solutions.pdf
PUMaC 2017 Power #5.2.5,m = n = 2 \text{ (gives } F_4\text{)},PUMaC_2017_Power_Solutions.pdf
PUMaC 2017 Power #5.2.6,\frac{1}{n+1} + \frac{1}{m+1} + \frac{1}{p+1} > 1,PUMaC_2017_Power_Solutions.pdf
PUMaC 2017 Power #5.3.1(i),B_n \text{ diagram},PUMaC_2017_Power_Solutions.pdf
PUMaC 2017 Power #5.3.1(ii),A_{n-1} \text{ diagram},PUMaC_2017_Power_Solutions.pdf
PUMaC 2017 Power #5.3.1(iii),C_n \text{ diagram},PUMaC_2017_Power_Solutions.pdf
PUMaC 2017 Power #5.3.2,"so_3 \simeq sp_2 \simeq sl_2, so_5 \simeq sp_4, so_6 \simeq sl_4",PUMaC_2017_Power_Solutions.pdf
PUMaC 2017 Team #1,72,PUMaC_2017_Team_Solutions.pdf
PUMaC 2017 Team #2,1701,PUMaC_2017_Team_Solutions.pdf
PUMaC 2017 Team #3,23,PUMaC_2017_Team_Solutions.pdf
PUMaC 2017 Team #4,25,PUMaC_2017_Team_Solutions.pdf
PUMaC 2017 Team #5,8002,PUMaC_2017_Team_Solutions.pdf
PUMaC 2017 Team #6,39,PUMaC_2017_Team_Solutions.pdf
PUMaC 2017 Team #7,1442,PUMaC_2017_Team_Solutions.pdf
PUMaC 2017 Team #8,37,PUMaC_2017_Team_Solutions.pdf
PUMaC 2017 Team #9,30202,PUMaC_2017_Team_Solutions.pdf
PUMaC 2017 Team #10,932,PUMaC_2017_Team_Solutions.pdf
PUMaC 2017 Team #11,180,PUMaC_2017_Team_Solutions.pdf
PUMaC 2017 Team #12,26,PUMaC_2017_Team_Solutions.pdf
PUMaC 2017 Team #13,7,PUMaC_2017_Team_Solutions.pdf
PUMaC 2017 Team #14,9,PUMaC_2017_Team_Solutions.pdf
PUMaC 2017 Team #15,41,PUMaC_2017_Team_Solutions.pdf
PUMaC 2017 Team #16,12,PUMaC_2017_Team_Solutions.pdf
PUMaC 2017 Team #17,34,PUMaC_2017_Team_Solutions.pdf
PUMaC 2018 Algebra A #1,37,PUMaC_2018_Algebra_A_Solutions.pdf
PUMaC 2018 Algebra A #2,4036,PUMaC_2018_Algebra_A_Solutions.pdf
PUMaC 2018 Algebra A #3,128,PUMaC_2018_Algebra_A_Solutions.pdf
PUMaC 2018 Algebra A #4,199,PUMaC_2018_Algebra_A_Solutions.pdf
PUMaC 2018 Algebra A #5,174762,PUMaC_2018_Algebra_A_Solutions.pdf
PUMaC 2018 Algebra A #6,88,PUMaC_2018_Algebra_A_Solutions.pdf
PUMaC 2018 Algebra A #7,4029,PUMaC_2018_Algebra_A_Solutions.pdf
PUMaC 2018 Algebra A #8,97,PUMaC_2018_Algebra_A_Solutions.pdf
PUMaC 2018 Algebra B #1,50,PUMaC_2018_Algebra_B_Solutions.pdf
PUMaC 2018 Algebra B #2,74,PUMaC_2018_Algebra_B_Solutions.pdf
PUMaC 2018 Algebra B #3,37,PUMaC_2018_Algebra_B_Solutions.pdf
PUMaC 2018 Algebra B #4,4036,PUMaC_2018_Algebra_B_Solutions.pdf
PUMaC 2018 Algebra B #5,128,PUMaC_2018_Algebra_B_Solutions.pdf
PUMaC 2018 Algebra B #6,199,PUMaC_2018_Algebra_B_Solutions.pdf
PUMaC 2018 Algebra B #7,174762,PUMaC_2018_Algebra_B_Solutions.pdf
PUMaC 2018 Algebra B #8,88,PUMaC_2018_Algebra_B_Solutions.pdf
PUMaC 2018 Combinatorics A #1,2800,PUMaC_2018_Combinatorics_A_Solutions.pdf
PUMaC 2018 Combinatorics A #2,486,PUMaC_2018_Combinatorics_A_Solutions.pdf
PUMaC 2018 Combinatorics A #3,4044,PUMaC_2018_Combinatorics_A_Solutions.pdf
PUMaC 2018 Combinatorics A #4,6143,PUMaC_2018_Combinatorics_A_Solutions.pdf
PUMaC 2018 Combinatorics A #5,1248,PUMaC_2018_Combinatorics_A_Solutions.pdf
PUMaC 2018 Combinatorics A #6,263,PUMaC_2018_Combinatorics_A_Solutions.pdf
PUMaC 2018 Combinatorics A #7,496016,PUMaC_2018_Combinatorics_A_Solutions.pdf
PUMaC 2018 Combinatorics A #8,150,PUMaC_2018_Combinatorics_A_Solutions.pdf
PUMaC 2018 Combinatorics B #1,109,PUMaC_2018_Combinatorics_B_Solutions.pdf
PUMaC 2018 Combinatorics B #2,2800,PUMaC_2018_Combinatorics_B_Solutions.pdf
PUMaC 2018 Combinatorics B #3,486,PUMaC_2018_Combinatorics_B_Solutions.pdf
PUMaC 2018 Combinatorics B #4,121,PUMaC_2018_Combinatorics_B_Solutions.pdf
PUMaC 2018 Combinatorics B #5,4044,PUMaC_2018_Combinatorics_B_Solutions.pdf
PUMaC 2018 Combinatorics B #6,6143,PUMaC_2018_Combinatorics_B_Solutions.pdf
PUMaC 2018 Combinatorics B #7,1248,PUMaC_2018_Combinatorics_B_Solutions.pdf
PUMaC 2018 Combinatorics B #8,496016,PUMaC_2018_Combinatorics_B_Solutions.pdf
PUMaC 2018 Finals A #A2,f(x) = x,PUMaC_2018_Finals_A_Solutions.pdf
PUMaC 2018 Finals A #A3,\lfloor\frac{N}{2}\rfloor\lceil\frac{N}{2}\rceil,PUMaC_2018_Finals_A_Solutions.pdf
PUMaC 2018 Finals B #B1,\text{No solutions exist},PUMaC_2018_Finals_B_Solutions.pdf
PUMaC 2018 Finals B #B2,\text{Proven that all three players say the same number the third time},PUMaC_2018_Finals_B_Solutions.pdf
PUMaC 2018 Finals B #B3,\text{Proven that the area of } MNP \text{ is at least 9 times the area of } ABC,PUMaC_2018_Finals_B_Solutions.pdf
PUMaC 2018 Geometry A #1,30,PUMaC_2018_Geometry_A_Solutions.pdf
PUMaC 2018 Geometry A #2,120,PUMaC_2018_Geometry_A_Solutions.pdf
PUMaC 2018 Geometry A #3,22,PUMaC_2018_Geometry_A_Solutions.pdf
PUMaC 2018 Geometry A #4,23,PUMaC_2018_Geometry_A_Solutions.pdf
PUMaC 2018 Geometry A #5,43,PUMaC_2018_Geometry_A_Solutions.pdf
PUMaC 2018 Geometry A #6,12,PUMaC_2018_Geometry_A_Solutions.pdf
PUMaC 2018 Geometry A #7,113,PUMaC_2018_Geometry_A_Solutions.pdf
PUMaC 2018 Geometry A #8,97,PUMaC_2018_Geometry_A_Solutions.pdf
PUMaC 2018 Geometry B #1,30,PUMaC_2018_Geometry_B_Solutions.pdf
PUMaC 2018 Geometry B #2,30,PUMaC_2018_Geometry_B_Solutions.pdf
PUMaC 2018 Geometry B #3,120,PUMaC_2018_Geometry_B_Solutions.pdf
PUMaC 2018 Geometry B #4,22,PUMaC_2018_Geometry_B_Solutions.pdf
PUMaC 2018 Geometry B #5,75,PUMaC_2018_Geometry_B_Solutions.pdf
PUMaC 2018 Geometry B #6,23,PUMaC_2018_Geometry_B_Solutions.pdf
PUMaC 2018 Geometry B #7,43,PUMaC_2018_Geometry_B_Solutions.pdf
PUMaC 2018 Geometry B #8,113,PUMaC_2018_Geometry_B_Solutions.pdf
PUMaC 2018 Live #1.1,2,PUMaC_2018_Live_Solutions.pdf
PUMaC 2018 Live #1.2,77,PUMaC_2018_Live_Solutions.pdf
PUMaC 2018 Live #1.3,16,PUMaC_2018_Live_Solutions.pdf
PUMaC 2018 Live #2.1,81,PUMaC_2018_Live_Solutions.pdf
PUMaC 2018 Live #2.2,193,PUMaC_2018_Live_Solutions.pdf
PUMaC 2018 Live #2.3,113,PUMaC_2018_Live_Solutions.pdf
PUMaC 2018 Live #Calculus 1,23,PUMaC_2018_Live_Solutions.pdf
PUMaC 2018 Live #Estimation 1,2027.6467,PUMaC_2018_Live_Solutions.pdf
PUMaC 2018 Live #Miscellaneous 1,0,PUMaC_2018_Live_Solutions.pdf
PUMaC 2018 Live #4.1,211,PUMaC_2018_Live_Solutions.pdf
PUMaC 2018 Live #4.2,42,PUMaC_2018_Live_Solutions.pdf
PUMaC 2018 Live #4.3,1441,PUMaC_2018_Live_Solutions.pdf
PUMaC 2018 Live #5.1,252,PUMaC_2018_Live_Solutions.pdf
PUMaC 2018 Live #5.2,13,PUMaC_2018_Live_Solutions.pdf
PUMaC 2018 Live #5.3,707,PUMaC_2018_Live_Solutions.pdf
PUMaC 2018 Live #Calculus 2,53,PUMaC_2018_Live_Solutions.pdf
PUMaC 2018 Live #Estimation 2,30,PUMaC_2018_Live_Solutions.pdf
PUMaC 2018 Live #Miscellaneous 2,1,PUMaC_2018_Live_Solutions.pdf
PUMaC 2018 Live #7.1,807,PUMaC_2018_Live_Solutions.pdf
PUMaC 2018 Live #7.2,2436,PUMaC_2018_Live_Solutions.pdf
PUMaC 2018 Live #7.3,663,PUMaC_2018_Live_Solutions.pdf
PUMaC 2018 Live #8.1,49100151,PUMaC_2018_Live_Solutions.pdf
PUMaC 2018 Live #8.2,29,PUMaC_2018_Live_Solutions.pdf
PUMaC 2018 Live #8.3,30,PUMaC_2018_Live_Solutions.pdf
PUMaC 2018 Live #Calculus 3,4068288,PUMaC_2018_Live_Solutions.pdf
PUMaC 2018 Live #Estimation 3,6976,PUMaC_2018_Live_Solutions.pdf
PUMaC 2018 Live #Miscellaneous 3,18,PUMaC_2018_Live_Solutions.pdf
PUMaC 2018 NumberTheory A #1,336,PUMaC_2018_NumberTheory_A_Solutions.pdf
PUMaC 2018 NumberTheory A #2,136,PUMaC_2018_NumberTheory_A_Solutions.pdf
PUMaC 2018 NumberTheory A #3,1365,PUMaC_2018_NumberTheory_A_Solutions.pdf
PUMaC 2018 NumberTheory A #4,58,PUMaC_2018_NumberTheory_A_Solutions.pdf
PUMaC 2018 NumberTheory A #5,931,PUMaC_2018_NumberTheory_A_Solutions.pdf
PUMaC 2018 NumberTheory A #6,70,PUMaC_2018_NumberTheory_A_Solutions.pdf
PUMaC 2018 NumberTheory A #7,15,PUMaC_2018_NumberTheory_A_Solutions.pdf
PUMaC 2018 NumberTheory A #8,331,PUMaC_2018_NumberTheory_A_Solutions.pdf
PUMaC 2018 NumberTheory B #1,127,PUMaC_2018_NumberTheory_B_Solutions.pdf
PUMaC 2018 NumberTheory B #2,336,PUMaC_2018_NumberTheory_B_Solutions.pdf
PUMaC 2018 NumberTheory B #3,136,PUMaC_2018_NumberTheory_B_Solutions.pdf
PUMaC 2018 NumberTheory B #4,106,PUMaC_2018_NumberTheory_B_Solutions.pdf
PUMaC 2018 NumberTheory B #5,1365,PUMaC_2018_NumberTheory_B_Solutions.pdf
PUMaC 2018 NumberTheory B #6,58,PUMaC_2018_NumberTheory_B_Solutions.pdf
PUMaC 2018 NumberTheory B #7,70,PUMaC_2018_NumberTheory_B_Solutions.pdf
PUMaC 2018 NumberTheory B #8,15,PUMaC_2018_NumberTheory_B_Solutions.pdf
PUMaC 2018 Power #1.1.1a,Proven,PUMaC_2018_Power_Solutions.pdf
PUMaC 2018 Power #1.1.1b,Proven,PUMaC_2018_Power_Solutions.pdf
PUMaC 2018 Power #1.1.1c,Proven,PUMaC_2018_Power_Solutions.pdf
PUMaC 2018 Power #1.1.1d,Proven,PUMaC_2018_Power_Solutions.pdf
PUMaC 2018 Power #1.1.1e,Proven,PUMaC_2018_Power_Solutions.pdf
PUMaC 2018 Power #1.1.2a,0 = -0,PUMaC_2018_Power_Solutions.pdf
PUMaC 2018 Power #1.1.2b,-1 = -(1),PUMaC_2018_Power_Solutions.pdf
PUMaC 2018 Power #1.1.2c,0 + 0 = 0,PUMaC_2018_Power_Solutions.pdf
PUMaC 2018 Power #1.1.2d,0 \cdot 0 = 0,PUMaC_2018_Power_Solutions.pdf
PUMaC 2018 Power #1.1.2e,1 + 1 = 2,PUMaC_2018_Power_Solutions.pdf
PUMaC 2018 Power #1.1.3a,7,PUMaC_2018_Power_Solutions.pdf
PUMaC 2018 Power #1.1.3b,0,PUMaC_2018_Power_Solutions.pdf
PUMaC 2018 Power #1.1.3c,1,PUMaC_2018_Power_Solutions.pdf
PUMaC 2018 Power #1.1.3d,\frac{3}{4},PUMaC_2018_Power_Solutions.pdf
PUMaC 2018 Power #1.1.3e,-\frac{9}{32},PUMaC_2018_Power_Solutions.pdf
PUMaC 2018 Power #1.1.6a,2018,PUMaC_2018_Power_Solutions.pdf
PUMaC 2018 Power #1.1.6b,5,PUMaC_2018_Power_Solutions.pdf
PUMaC 2018 Power #1.1.6c,6,PUMaC_2018_Power_Solutions.pdf
PUMaC 2018 Power #1.1.6d,\omega,PUMaC_2018_Power_Solutions.pdf
PUMaC 2018 Power #1.1.7,2^{n+1} - 1,PUMaC_2018_Power_Solutions.pdf
PUMaC 2018 Power #1.1.9a,\frac{1}{2\omega},PUMaC_2018_Power_Solutions.pdf
PUMaC 2018 Power #1.1.9b,\frac{1}{\omega^2},PUMaC_2018_Power_Solutions.pdf
PUMaC 2018 Power #2.1.1,Second/right player wins,PUMaC_2018_Power_Solutions.pdf
PUMaC 2018 Power #2.2.2a,Second player win,PUMaC_2018_Power_Solutions.pdf
PUMaC 2018 Power #2.2.2b,First player win,PUMaC_2018_Power_Solutions.pdf
PUMaC 2018 Power #2.2.5b,0,PUMaC_2018_Power_Solutions.pdf
PUMaC 2018 Power #2.3.4,-1,PUMaC_2018_Power_Solutions.pdf
PUMaC 2018 Power #2.3.5,4,PUMaC_2018_Power_Solutions.pdf
PUMaC 2018 Power #2.3.6,\frac{5}{16},PUMaC_2018_Power_Solutions.pdf
PUMaC 2018 Power #2.3.7,-\frac{17}{16},PUMaC_2018_Power_Solutions.pdf
PUMaC 2018 Power #2.3.8,\frac{1}{2},PUMaC_2018_Power_Solutions.pdf
PUMaC 2018 Power #2.3.9,0,PUMaC_2018_Power_Solutions.pdf
PUMaC 2018 Power #3.1.1a,2026,PUMaC_2018_Power_Solutions.pdf
PUMaC 2018 Power #3.1.1b,0,PUMaC_2018_Power_Solutions.pdf
PUMaC 2018 Power #3.1.4,*a + *b = *(a \oplus b),PUMaC_2018_Power_Solutions.pdf
PUMaC 2018 Power #4.1.1,1,PUMaC_2018_Power_Solutions.pdf
PUMaC 2018 Power #4.1.2,2^{-n},PUMaC_2018_Power_Solutions.pdf
PUMaC 2018 Power #4.1.4,0,PUMaC_2018_Power_Solutions.pdf
PUMaC 2018 Team #1,2162,PUMaC_2018_Team_Solutions.pdf
PUMaC 2018 Team #2,52,PUMaC_2018_Team_Solutions.pdf
PUMaC 2018 Team #3,28,PUMaC_2018_Team_Solutions.pdf
PUMaC 2018 Team #4,36,PUMaC_2018_Team_Solutions.pdf
PUMaC 2018 Team #5,1656,PUMaC_2018_Team_Solutions.pdf
PUMaC 2018 Team #6,85953,PUMaC_2018_Team_Solutions.pdf
PUMaC 2018 Team #7,1157,PUMaC_2018_Team_Solutions.pdf
PUMaC 2018 Team #8,20,PUMaC_2018_Team_Solutions.pdf
PUMaC 2018 Team #9,521,PUMaC_2018_Team_Solutions.pdf
PUMaC 2018 Team #10,420,PUMaC_2018_Team_Solutions.pdf
PUMaC 2018 Team #11,55,PUMaC_2018_Team_Solutions.pdf
PUMaC 2018 Team #12,167,PUMaC_2018_Team_Solutions.pdf
PUMaC 2018 Team #13,357,PUMaC_2018_Team_Solutions.pdf
PUMaC 2018 Team #14,231,PUMaC_2018_Team_Solutions.pdf
PUMaC 2018 Team #15,106,PUMaC_2018_Team_Solutions.pdf
PUMaC 2018 Team #16,128,PUMaC_2018_Team_Solutions.pdf
PUMaC 2019 Algebra A #1,16,PUMaC_2019_Algebra_A_Solutions.pdf
PUMaC 2019 Algebra A #2,35,PUMaC_2019_Algebra_A_Solutions.pdf
PUMaC 2019 Algebra A #3,96,PUMaC_2019_Algebra_A_Solutions.pdf
PUMaC 2019 Algebra A #4,10201,PUMaC_2019_Algebra_A_Solutions.pdf
PUMaC 2019 Algebra A #5,4072323,PUMaC_2019_Algebra_A_Solutions.pdf
PUMaC 2019 Algebra A #6,3290,PUMaC_2019_Algebra_A_Solutions.pdf
PUMaC 2019 Algebra A #7,27,PUMaC_2019_Algebra_A_Solutions.pdf
PUMaC 2019 Algebra A #8,120,PUMaC_2019_Algebra_A_Solutions.pdf
PUMaC 2019 Algebra B #1,77,PUMaC_2019_Algebra_B_Solutions.pdf
PUMaC 2019 Algebra B #2,81,PUMaC_2019_Algebra_B_Solutions.pdf
PUMaC 2019 Algebra B #3,16,PUMaC_2019_Algebra_B_Solutions.pdf
PUMaC 2019 Algebra B #4,35,PUMaC_2019_Algebra_B_Solutions.pdf
PUMaC 2019 Algebra B #5,96,PUMaC_2019_Algebra_B_Solutions.pdf
PUMaC 2019 Algebra B #6,10201,PUMaC_2019_Algebra_B_Solutions.pdf
PUMaC 2019 Algebra B #7,4072323,PUMaC_2019_Algebra_B_Solutions.pdf
PUMaC 2019 Algebra B #8,3290,PUMaC_2019_Algebra_B_Solutions.pdf
PUMaC 2019 Combinatorics A #1,751,PUMaC_2019_Combinatorics_A_Solutions.pdf
PUMaC 2019 Combinatorics A #2,743,PUMaC_2019_Combinatorics_A_Solutions.pdf
PUMaC 2019 Combinatorics A #3,1811716,PUMaC_2019_Combinatorics_A_Solutions.pdf
PUMaC 2019 Combinatorics A #4,191,PUMaC_2019_Combinatorics_A_Solutions.pdf
PUMaC 2019 Combinatorics A #5,3003,PUMaC_2019_Combinatorics_A_Solutions.pdf
PUMaC 2019 Combinatorics A #6,40007,PUMaC_2019_Combinatorics_A_Solutions.pdf
PUMaC 2019 Combinatorics A #7,4072325,PUMaC_2019_Combinatorics_A_Solutions.pdf
PUMaC 2019 Combinatorics A #8,399,PUMaC_2019_Combinatorics_A_Solutions.pdf
PUMaC 2019 Combinatorics B #1,280,PUMaC_2019_Combinatorics_B_Solutions.pdf
PUMaC 2019 Combinatorics B #2,5,PUMaC_2019_Combinatorics_B_Solutions.pdf
PUMaC 2019 Combinatorics B #3,751,PUMaC_2019_Combinatorics_B_Solutions.pdf
PUMaC 2019 Combinatorics B #4,743,PUMaC_2019_Combinatorics_B_Solutions.pdf
PUMaC 2019 Combinatorics B #5,1811716,PUMaC_2019_Combinatorics_B_Solutions.pdf
PUMaC 2019 Combinatorics B #6,191,PUMaC_2019_Combinatorics_B_Solutions.pdf
PUMaC 2019 Combinatorics B #7,3003,PUMaC_2019_Combinatorics_B_Solutions.pdf
PUMaC 2019 Combinatorics B #8,40007,PUMaC_2019_Combinatorics_B_Solutions.pdf
PUMaC 2019 Finals B #1,"n = 4, m = 1",PUMaC_2019_Finals_B_Solutions.pdf
PUMaC 2019 Finals B #2,|V| \text{ is even},PUMaC_2019_Finals_B_Solutions.pdf
PUMaC 2019 Finals B #3,\frac{1}{d_A} + \frac{1}{d_D} = \frac{1}{d_B} + \frac{1}{d_C},PUMaC_2019_Finals_B_Solutions.pdf
PUMaC 2019 Geometry A #1,975,PUMaC_2019_Geometry_A_Solutions.pdf
PUMaC 2019 Geometry A #2,29,PUMaC_2019_Geometry_A_Solutions.pdf
PUMaC 2019 Geometry A #3,10,PUMaC_2019_Geometry_A_Solutions.pdf
PUMaC 2019 Geometry A #4,1288,PUMaC_2019_Geometry_A_Solutions.pdf
PUMaC 2019 Geometry A #5,16,PUMaC_2019_Geometry_A_Solutions.pdf
PUMaC 2019 Geometry A #6,6065,PUMaC_2019_Geometry_A_Solutions.pdf
PUMaC 2019 Geometry A #7,17,PUMaC_2019_Geometry_A_Solutions.pdf
PUMaC 2019 Geometry A #8,28,PUMaC_2019_Geometry_A_Solutions.pdf
PUMaC 2019 Geometry B #1,140,PUMaC_2019_Geometry_B_Solutions.pdf
PUMaC 2019 Geometry B #2,975,PUMaC_2019_Geometry_B_Solutions.pdf
PUMaC 2019 Geometry B #3,29,PUMaC_2019_Geometry_B_Solutions.pdf
PUMaC 2019 Geometry B #4,10,PUMaC_2019_Geometry_B_Solutions.pdf
PUMaC 2019 Geometry B #5,1288,PUMaC_2019_Geometry_B_Solutions.pdf
PUMaC 2019 Geometry B #6,16,PUMaC_2019_Geometry_B_Solutions.pdf
PUMaC 2019 Geometry B #7,6065,PUMaC_2019_Geometry_B_Solutions.pdf
PUMaC 2019 Geometry B #8,17,PUMaC_2019_Geometry_B_Solutions.pdf
PUMaC 2019 Live #1.1,137,PUMaC_2019_Live_Solutions.pdf
PUMaC 2019 Live #1.2,237,PUMaC_2019_Live_Solutions.pdf
PUMaC 2019 Live #1.3,17,PUMaC_2019_Live_Solutions.pdf
PUMaC 2019 Live #2.1,61,PUMaC_2019_Live_Solutions.pdf
PUMaC 2019 Live #2.2,67,PUMaC_2019_Live_Solutions.pdf
PUMaC 2019 Live #2.3,8,PUMaC_2019_Live_Solutions.pdf
PUMaC 2019 Live #Calculus 1,8,PUMaC_2019_Live_Solutions.pdf
PUMaC 2019 Live #Estimation 1,222480,PUMaC_2019_Live_Solutions.pdf
PUMaC 2019 Live #Miscellaneous 1,4098,PUMaC_2019_Live_Solutions.pdf
PUMaC 2019 Live #4.1,6057,PUMaC_2019_Live_Solutions.pdf
PUMaC 2019 Live #4.2,8,PUMaC_2019_Live_Solutions.pdf
PUMaC 2019 Live #4.3,2035154,PUMaC_2019_Live_Solutions.pdf
PUMaC 2019 Live #5.1,48,PUMaC_2019_Live_Solutions.pdf
PUMaC 2019 Live #5.2,15,PUMaC_2019_Live_Solutions.pdf
PUMaC 2019 Live #5.3,22,PUMaC_2019_Live_Solutions.pdf
PUMaC 2019 Live #Calculus 2,14,PUMaC_2019_Live_Solutions.pdf
PUMaC 2019 Live #Estimation 2,304192,PUMaC_2019_Live_Solutions.pdf
PUMaC 2019 Live #Miscellaneous 2,31,PUMaC_2019_Live_Solutions.pdf
PUMaC 2019 Live #7.1,43,PUMaC_2019_Live_Solutions.pdf
PUMaC 2019 Live #7.2,14,PUMaC_2019_Live_Solutions.pdf
PUMaC 2019 Live #7.3,1319,PUMaC_2019_Live_Solutions.pdf
PUMaC 2019 Live #8.1,716,PUMaC_2019_Live_Solutions.pdf
PUMaC 2019 Live #8.2,1019592,PUMaC_2019_Live_Solutions.pdf
PUMaC 2019 Live #8.3,13,PUMaC_2019_Live_Solutions.pdf
PUMaC 2019 Live #Calculus 3,14,PUMaC_2019_Live_Solutions.pdf
PUMaC 2019 Live #Estimation 3,26,PUMaC_2019_Live_Solutions.pdf
PUMaC 2019 Live #Miscellaneous 3,163,PUMaC_2019_Live_Solutions.pdf
PUMaC 2019 NumberTheory A #1,121,PUMaC_2019_NumberTheory_A_Solutions.pdf
PUMaC 2019 NumberTheory A #2,44,PUMaC_2019_NumberTheory_A_Solutions.pdf
PUMaC 2019 NumberTheory A #3,999981,PUMaC_2019_NumberTheory_A_Solutions.pdf
PUMaC 2019 NumberTheory A #4,1013,PUMaC_2019_NumberTheory_A_Solutions.pdf
PUMaC 2019 NumberTheory A #5,14112,PUMaC_2019_NumberTheory_A_Solutions.pdf
PUMaC 2019 NumberTheory A #6,24,PUMaC_2019_NumberTheory_A_Solutions.pdf
PUMaC 2019 NumberTheory A #7,2557,PUMaC_2019_NumberTheory_A_Solutions.pdf
PUMaC 2019 NumberTheory A #8,2783,PUMaC_2019_NumberTheory_A_Solutions.pdf
PUMaC 2019 NumberTheory B #1,20,PUMaC_2019_NumberTheory_B_Solutions.pdf
PUMaC 2019 NumberTheory B #2,121,PUMaC_2019_NumberTheory_B_Solutions.pdf
PUMaC 2019 NumberTheory B #3,44,PUMaC_2019_NumberTheory_B_Solutions.pdf
PUMaC 2019 NumberTheory B #4,105,PUMaC_2019_NumberTheory_B_Solutions.pdf
PUMaC 2019 NumberTheory B #5,999981,PUMaC_2019_NumberTheory_B_Solutions.pdf
PUMaC 2019 NumberTheory B #6,203,PUMaC_2019_NumberTheory_B_Solutions.pdf
PUMaC 2019 NumberTheory B #7,1013,PUMaC_2019_NumberTheory_B_Solutions.pdf
PUMaC 2019 NumberTheory B #8,14112,PUMaC_2019_NumberTheory_B_Solutions.pdf
PUMaC 2019 Power #1.4.1,\text{P(A) + P(A^c) = 1; P(B) ≥ P(A)},PUMaC_2019_Power_Solutions.pdf
PUMaC 2019 Power #1.4.2,\text{Var(X) ≥ 0; Var(X) = E(X^2) - E(X)^2; Var(aX) = a^2\text{Var}(X)},PUMaC_2019_Power_Solutions.pdf
PUMaC 2019 Power #1.4.3,P(A_1 \cup \cdots \cup A_n) \leq P(A_1) + \cdots + P(A_n),PUMaC_2019_Power_Solutions.pdf
PUMaC 2019 Power #1.4.4,E(X) \geq tP(X \geq t),PUMaC_2019_Power_Solutions.pdf
PUMaC 2019 Power #1.5.1,"E(X) = \frac{7}{2}, \text{Var}(X) = \frac{35}{12}, E(\text{sum}) = 350, \text{Var}(\text{sum}) = \frac{875}{3}",PUMaC_2019_Power_Solutions.pdf
PUMaC 2019 Power #1.5.2,"E(R) = 6, E(K) = 702, E(M) = 3",PUMaC_2019_Power_Solutions.pdf
PUMaC 2019 Power #1.5.3,"E(X_{10}X_{20}) = \frac{231}{4}, \text{Var}(X_{10}X_{20}) = \frac{35035}{16}, \text{Var}(X_{10}(X_{20} - X_{10})) = \frac{106799}{80}",PUMaC_2019_Power_Solutions.pdf
PUMaC 2019 Power #1.5.4,"P[A|B] = \frac{1}{3}, \text{with replacement} = \frac{1}{2}",PUMaC_2019_Power_Solutions.pdf
PUMaC 2019 Power #1.5.6,\binom{n}{3}p^3,PUMaC_2019_Power_Solutions.pdf
PUMaC 2019 Power #2.2.1,\delta = \frac{8\varepsilon^3}{1000} \cdot \frac{1}{8T^3},PUMaC_2019_Power_Solutions.pdf
PUMaC 2019 Power #2.2.6,2019a + 2020b = 4039c,PUMaC_2019_Power_Solutions.pdf
PUMaC 2019 Team #1,30,PUMaC_2019_Team_Solutions.pdf
PUMaC 2019 Team #2,89,PUMaC_2019_Team_Solutions.pdf
PUMaC 2019 Team #3,16,PUMaC_2019_Team_Solutions.pdf
PUMaC 2019 Team #4,2945,PUMaC_2019_Team_Solutions.pdf
PUMaC 2019 Team #5,41,PUMaC_2019_Team_Solutions.pdf
PUMaC 2019 Team #6,6,PUMaC_2019_Team_Solutions.pdf
PUMaC 2019 Team #7,48,PUMaC_2019_Team_Solutions.pdf
PUMaC 2019 Team #8,253,PUMaC_2019_Team_Solutions.pdf
PUMaC 2019 Team #9,85359,PUMaC_2019_Team_Solutions.pdf
PUMaC 2019 Team #10,11,PUMaC_2019_Team_Solutions.pdf
PUMaC 2019 Team #11,2007,PUMaC_2019_Team_Solutions.pdf
PUMaC 2019 Team #12,198,PUMaC_2019_Team_Solutions.pdf
PUMaC 2019 Team #13,74030,PUMaC_2019_Team_Solutions.pdf
PUMaC 2019 Team #14,50,PUMaC_2019_Team_Solutions.pdf
PUMaC 2019 Team #15,258,PUMaC_2019_Team_Solutions.pdf
PUMaC 2020 Algebra A #1,7,PUMaC_2020_Algebra_A_Solutions.pdf
PUMaC 2020 Algebra A #2,101,PUMaC_2020_Algebra_A_Solutions.pdf
PUMaC 2020 Algebra A #3,1019595,PUMaC_2020_Algebra_A_Solutions.pdf
PUMaC 2020 Algebra A #4,19,PUMaC_2020_Algebra_A_Solutions.pdf
PUMaC 2020 Algebra A #5,1018,PUMaC_2020_Algebra_A_Solutions.pdf
PUMaC 2020 Algebra A #6,100009,PUMaC_2020_Algebra_A_Solutions.pdf
PUMaC 2020 Algebra A #7,57,PUMaC_2020_Algebra_A_Solutions.pdf
PUMaC 2020 Algebra A #8,875,PUMaC_2020_Algebra_A_Solutions.pdf
PUMaC 2020 Algebra B #1,17,PUMaC_2020_Algebra_B_Solutions.pdf
PUMaC 2020 Algebra B #2,34,PUMaC_2020_Algebra_B_Solutions.pdf
PUMaC 2020 Algebra B #3,7,PUMaC_2020_Algebra_B_Solutions.pdf
PUMaC 2020 Algebra B #4,101,PUMaC_2020_Algebra_B_Solutions.pdf
PUMaC 2020 Algebra B #5,1019595,PUMaC_2020_Algebra_B_Solutions.pdf
PUMaC 2020 Algebra B #6,19,PUMaC_2020_Algebra_B_Solutions.pdf
PUMaC 2020 Algebra B #7,1018,PUMaC_2020_Algebra_B_Solutions.pdf
PUMaC 2020 Algebra B #8,100009,PUMaC_2020_Algebra_B_Solutions.pdf
PUMaC 2020 Combinatorics A #1,8640,PUMaC_2020_Combinatorics_A_Solutions.pdf
PUMaC 2020 Combinatorics A #2,79200,PUMaC_2020_Combinatorics_A_Solutions.pdf
PUMaC 2020 Combinatorics A #3,6384,PUMaC_2020_Combinatorics_A_Solutions.pdf
PUMaC 2020 Combinatorics A #4,21056,PUMaC_2020_Combinatorics_A_Solutions.pdf
PUMaC 2020 Combinatorics A #5,1515,PUMaC_2020_Combinatorics_A_Solutions.pdf
PUMaC 2020 Combinatorics A #6,19,PUMaC_2020_Combinatorics_A_Solutions.pdf
PUMaC 2020 Combinatorics A #7,18,PUMaC_2020_Combinatorics_A_Solutions.pdf
PUMaC 2020 Combinatorics A #8,360,PUMaC_2020_Combinatorics_A_Solutions.pdf
PUMaC 2020 Combinatorics B #1,111110,PUMaC_2020_Combinatorics_B_Solutions.pdf
PUMaC 2020 Combinatorics B #2,8640,PUMaC_2020_Combinatorics_B_Solutions.pdf
PUMaC 2020 Combinatorics B #3,79200,PUMaC_2020_Combinatorics_B_Solutions.pdf
PUMaC 2020 Combinatorics B #4,6384,PUMaC_2020_Combinatorics_B_Solutions.pdf
PUMaC 2020 Combinatorics B #5,21056,PUMaC_2020_Combinatorics_B_Solutions.pdf
PUMaC 2020 Combinatorics B #6,1011,PUMaC_2020_Combinatorics_B_Solutions.pdf
PUMaC 2020 Combinatorics B #7,1515,PUMaC_2020_Combinatorics_B_Solutions.pdf
PUMaC 2020 Combinatorics B #8,19,PUMaC_2020_Combinatorics_B_Solutions.pdf
PUMaC 2020 Finals A #1,a_{2020} < \frac{1}{2^{2019} - 1},PUMaC_2020_Finals_A_Solutions.pdf
PUMaC 2020 Finals A #2,"Yes, it is possible to construct a line segment connecting the midpoints of two opposite sides",PUMaC_2020_Finals_A_Solutions.pdf
PUMaC 2020 Finals A #3,n \cdot 2^n + 1,PUMaC_2020_Finals_A_Solutions.pdf
PUMaC 2020 Finals B #1,n \leq k,PUMaC_2020_Finals_B_Solutions.pdf
PUMaC 2020 Finals B #2,M > 4040^2,PUMaC_2020_Finals_B_Solutions.pdf
PUMaC 2020 Finals B #3,AB \cdot AD \leq 4R^2,PUMaC_2020_Finals_B_Solutions.pdf
PUMaC 2020 Geometry A #1,64,PUMaC_2020_Geometry_A_Solutions.pdf
PUMaC 2020 Geometry A #2,36,PUMaC_2020_Geometry_A_Solutions.pdf
PUMaC 2020 Geometry A #3,78,PUMaC_2020_Geometry_A_Solutions.pdf
PUMaC 2020 Geometry A #4,2500,PUMaC_2020_Geometry_A_Solutions.pdf
PUMaC 2020 Geometry A #5,497,PUMaC_2020_Geometry_A_Solutions.pdf
PUMaC 2020 Geometry A #6,118,PUMaC_2020_Geometry_A_Solutions.pdf
PUMaC 2020 Geometry A #7,173,PUMaC_2020_Geometry_A_Solutions.pdf
PUMaC 2020 Geometry A #8,784,PUMaC_2020_Geometry_A_Solutions.pdf
PUMaC 2020 Geometry B #1,200,PUMaC_2020_Geometry_B_Solutions.pdf
PUMaC 2020 Geometry B #2,12,PUMaC_2020_Geometry_B_Solutions.pdf
PUMaC 2020 Geometry B #3,64,PUMaC_2020_Geometry_B_Solutions.pdf
PUMaC 2020 Geometry B #4,36,PUMaC_2020_Geometry_B_Solutions.pdf
PUMaC 2020 Geometry B #5,78,PUMaC_2020_Geometry_B_Solutions.pdf
PUMaC 2020 Geometry B #6,2500,PUMaC_2020_Geometry_B_Solutions.pdf
PUMaC 2020 Geometry B #7,497,PUMaC_2020_Geometry_B_Solutions.pdf
PUMaC 2020 Geometry B #8,118,PUMaC_2020_Geometry_B_Solutions.pdf
PUMaC 2020 NumberTheory A #1,20,PUMaC_2020_NumberTheory_A_Solutions.pdf
PUMaC 2020 NumberTheory A #2,6,PUMaC_2020_NumberTheory_A_Solutions.pdf
PUMaC 2020 NumberTheory A #3,1584,PUMaC_2020_NumberTheory_A_Solutions.pdf
PUMaC 2020 NumberTheory A #4,706,PUMaC_2020_NumberTheory_A_Solutions.pdf
PUMaC 2020 NumberTheory A #5,27,PUMaC_2020_NumberTheory_A_Solutions.pdf
PUMaC 2020 NumberTheory A #6,2352,PUMaC_2020_NumberTheory_A_Solutions.pdf
PUMaC 2020 NumberTheory A #7,2704,PUMaC_2020_NumberTheory_A_Solutions.pdf
PUMaC 2020 NumberTheory A #8,7,PUMaC_2020_NumberTheory_A_Solutions.pdf
PUMaC 2020 NumberTheory B #1,15,PUMaC_2020_NumberTheory_B_Solutions.pdf
PUMaC 2020 NumberTheory B #2,53,PUMaC_2020_NumberTheory_B_Solutions.pdf
PUMaC 2020 NumberTheory B #3,20,PUMaC_2020_NumberTheory_B_Solutions.pdf
PUMaC 2020 NumberTheory B #4,6,PUMaC_2020_NumberTheory_B_Solutions.pdf
PUMaC 2020 NumberTheory B #5,1584,PUMaC_2020_NumberTheory_B_Solutions.pdf
PUMaC 2020 NumberTheory B #6,706,PUMaC_2020_NumberTheory_B_Solutions.pdf
PUMaC 2020 NumberTheory B #7,27,PUMaC_2020_NumberTheory_B_Solutions.pdf
PUMaC 2020 NumberTheory B #8,2352,PUMaC_2020_NumberTheory_B_Solutions.pdf
PUMaC 2020 Power #4.3,2\sqrt{m^2 + mn + n^2},PUMaC_2020_Power_Solutions.pdf
PUMaC 2020 Power #5.7,"4, 2\sqrt{5}, 3\sqrt{2}",PUMaC_2020_Power_Solutions.pdf
PUMaC 2020 Team #1,224,PUMaC_2020_Team_Solutions.pdf
PUMaC 2020 Team #2,86,PUMaC_2020_Team_Solutions.pdf
PUMaC 2020 Team #3,11,PUMaC_2020_Team_Solutions.pdf
PUMaC 2020 Team #4,16,PUMaC_2020_Team_Solutions.pdf
PUMaC 2020 Team #5,202,PUMaC_2020_Team_Solutions.pdf
PUMaC 2020 Team #6,9040,PUMaC_2020_Team_Solutions.pdf
PUMaC 2020 Team #7,24300,PUMaC_2020_Team_Solutions.pdf
PUMaC 2020 Team #8,1240,PUMaC_2020_Team_Solutions.pdf
PUMaC 2020 Team #9,5049,PUMaC_2020_Team_Solutions.pdf
PUMaC 2020 Team #10,128,PUMaC_2020_Team_Solutions.pdf
PUMaC 2020 Team #11,13,PUMaC_2020_Team_Solutions.pdf
PUMaC 2020 Team #12,15,PUMaC_2020_Team_Solutions.pdf
PUMaC 2020 Team #13,289,PUMaC_2020_Team_Solutions.pdf
PUMaC 2020 Team #14,12,PUMaC_2020_Team_Solutions.pdf
PUMaC 2020 Team #15,10104,PUMaC_2020_Team_Solutions.pdf
PUMaC 2021 Algebra A #1,5,PUMaC_2021_Algebra_A_Solutions.pdf
PUMaC 2021 Algebra A #2,7,PUMaC_2021_Algebra_A_Solutions.pdf
PUMaC 2021 Algebra A #3,125,PUMaC_2021_Algebra_A_Solutions.pdf
PUMaC 2021 Algebra A #4,2224,PUMaC_2021_Algebra_A_Solutions.pdf
PUMaC 2021 Algebra A #5,3031,PUMaC_2021_Algebra_A_Solutions.pdf
PUMaC 2021 Algebra A #6,49,PUMaC_2021_Algebra_A_Solutions.pdf
PUMaC 2021 Algebra A #7,31,PUMaC_2021_Algebra_A_Solutions.pdf
PUMaC 2021 Algebra A #8,14,PUMaC_2021_Algebra_A_Solutions.pdf
PUMaC 2021 Algebra B #1,8,PUMaC_2021_Algebra_B_Solutions.pdf
PUMaC 2021 Algebra B #2,4,PUMaC_2021_Algebra_B_Solutions.pdf
PUMaC 2021 Algebra B #3,5,PUMaC_2021_Algebra_B_Solutions.pdf
PUMaC 2021 Algebra B #4,7,PUMaC_2021_Algebra_B_Solutions.pdf
PUMaC 2021 Algebra B #5,125,PUMaC_2021_Algebra_B_Solutions.pdf
PUMaC 2021 Algebra B #6,2224,PUMaC_2021_Algebra_B_Solutions.pdf
PUMaC 2021 Algebra B #7,3031,PUMaC_2021_Algebra_B_Solutions.pdf
PUMaC 2021 Algebra B #8,49,PUMaC_2021_Algebra_B_Solutions.pdf
PUMaC 2021 Combinatorics A #1,26,PUMaC_2021_Combinatorics_A_Solutions.pdf
PUMaC 2021 Combinatorics A #2,116,PUMaC_2021_Combinatorics_A_Solutions.pdf
PUMaC 2021 Combinatorics A #3,31,PUMaC_2021_Combinatorics_A_Solutions.pdf
PUMaC 2021 Combinatorics A #4,12,PUMaC_2021_Combinatorics_A_Solutions.pdf
PUMaC 2021 Combinatorics A #5,701,PUMaC_2021_Combinatorics_A_Solutions.pdf
PUMaC 2021 Combinatorics A #6,383,PUMaC_2021_Combinatorics_A_Solutions.pdf
PUMaC 2021 Combinatorics A #7,6826,PUMaC_2021_Combinatorics_A_Solutions.pdf
PUMaC 2021 Combinatorics A #8,354476,PUMaC_2021_Combinatorics_A_Solutions.pdf
PUMaC 2021 Combinatorics B #1,68,PUMaC_2021_Combinatorics_B_Solutions.pdf
PUMaC 2021 Combinatorics B #2,67,PUMaC_2021_Combinatorics_B_Solutions.pdf
PUMaC 2021 Combinatorics B #3,26,PUMaC_2021_Combinatorics_B_Solutions.pdf
PUMaC 2021 Combinatorics B #4,116,PUMaC_2021_Combinatorics_B_Solutions.pdf
PUMaC 2021 Combinatorics B #5,31,PUMaC_2021_Combinatorics_B_Solutions.pdf
PUMaC 2021 Combinatorics B #6,12,PUMaC_2021_Combinatorics_B_Solutions.pdf
PUMaC 2021 Combinatorics B #7,701,PUMaC_2021_Combinatorics_B_Solutions.pdf
PUMaC 2021 Combinatorics B #8,383,PUMaC_2021_Combinatorics_B_Solutions.pdf
PUMaC 2021 NumberTheory A #1,6,PUMaC_2021_NumberTheory_A_Solutions.pdf
PUMaC 2021 NumberTheory A #2,576,PUMaC_2021_NumberTheory_A_Solutions.pdf
PUMaC 2021 NumberTheory A #3,16,PUMaC_2021_NumberTheory_A_Solutions.pdf
PUMaC 2021 NumberTheory A #4,818,PUMaC_2021_NumberTheory_A_Solutions.pdf
PUMaC 2021 NumberTheory A #5,8983,PUMaC_2021_NumberTheory_A_Solutions.pdf
PUMaC 2021 NumberTheory A #6,1192,PUMaC_2021_NumberTheory_A_Solutions.pdf
PUMaC 2021 NumberTheory A #7,290,PUMaC_2021_NumberTheory_A_Solutions.pdf
PUMaC 2021 NumberTheory A #8,35,PUMaC_2021_NumberTheory_A_Solutions.pdf
PUMaC 2021 NumberTheory B #1,100,PUMaC_2021_NumberTheory_B_Solutions.pdf
PUMaC 2021 NumberTheory B #2,42,PUMaC_2021_NumberTheory_B_Solutions.pdf
PUMaC 2021 NumberTheory B #3,6,PUMaC_2021_NumberTheory_B_Solutions.pdf
PUMaC 2021 NumberTheory B #4,576,PUMaC_2021_NumberTheory_B_Solutions.pdf
PUMaC 2021 NumberTheory B #5,16,PUMaC_2021_NumberTheory_B_Solutions.pdf
PUMaC 2021 NumberTheory B #6,818,PUMaC_2021_NumberTheory_B_Solutions.pdf
PUMaC 2021 NumberTheory B #7,8983,PUMaC_2021_NumberTheory_B_Solutions.pdf
PUMaC 2021 NumberTheory B #8,1192,PUMaC_2021_NumberTheory_B_Solutions.pdf
PUMaC 2021 Power #1,"\{(0, y) \in \mathbb{R}^2 : y \in \mathbb{R}\}",PUMaC_2021_Power_Solutions.pdf
PUMaC 2021 Power #8,"v_1 := (1, 0, 0), v_2 := (0, 2^{-1/2}, 0), v_3 := (0, 0, 3^{-1/2})",PUMaC_2021_Power_Solutions.pdf
PUMaC 2021 Power #14a,0,PUMaC_2021_Power_Solutions.pdf
PUMaC 2021 Power #14b,0,PUMaC_2021_Power_Solutions.pdf
PUMaC 2021 Power #14c,1,PUMaC_2021_Power_Solutions.pdf
PUMaC 2021 Power #18,\text{squares where the diagonals are oriented in the direction of the x and y axes},PUMaC_2021_Power_Solutions.pdf
PUMaC 2021 Power #19a,"\text{int } K = \emptyset, \partial K = K, \text{clo } K = K",PUMaC_2021_Power_Solutions.pdf
PUMaC 2021 Power #19b,"\text{int}_P K = \{(x, y, z) \in \mathbb{R}^3 : 0 < x, y < 1, z = 0\}, \partial_P K = (\{0, 1\} \times [0, 1] \cup [0, 1] \times \{0, 1\}) \times \{0\}, \text{clo}_P K = K",PUMaC_2021_Power_Solutions.pdf
PUMaC 2021 Power #34a,\frac{1}{n!},PUMaC_2021_Power_Solutions.pdf
PUMaC 2021 Power #34b,\frac{2^n}{n!},PUMaC_2021_Power_Solutions.pdf
PUMaC 2021 Team #1,1011,PUMaC_2021_Team_Solutions.pdf
PUMaC 2021 Team #2,174,PUMaC_2021_Team_Solutions.pdf
PUMaC 2021 Team #3,401,PUMaC_2021_Team_Solutions.pdf
PUMaC 2021 Team #4,96,PUMaC_2021_Team_Solutions.pdf
PUMaC 2021 Team #5,503,PUMaC_2021_Team_Solutions.pdf
PUMaC 2021 Team #6,40,PUMaC_2021_Team_Solutions.pdf
PUMaC 2021 Team #7,31,PUMaC_2021_Team_Solutions.pdf
PUMaC 2021 Team #8,2123,PUMaC_2021_Team_Solutions.pdf
PUMaC 2021 Team #9,1367,PUMaC_2021_Team_Solutions.pdf
PUMaC 2021 Team #10,122,PUMaC_2021_Team_Solutions.pdf
PUMaC 2021 Team #11,196,PUMaC_2021_Team_Solutions.pdf
PUMaC 2021 Team #12,4946,PUMaC_2021_Team_Solutions.pdf
PUMaC 2021 Team #13,2695,PUMaC_2021_Team_Solutions.pdf
PUMaC 2021 Team #14,265386,PUMaC_2021_Team_Solutions.pdf
PUMaC 2021 Team #15,60,PUMaC_2021_Team_Solutions.pdf
PUMaC 2022 Algebra A #1,184,PUMaC_2022_Algebra_A_Solutions.pdf
PUMaC 2022 Algebra A #2,216,PUMaC_2022_Algebra_A_Solutions.pdf
PUMaC 2022 Algebra A #3,52,PUMaC_2022_Algebra_A_Solutions.pdf
PUMaC 2022 Algebra A #4,16,PUMaC_2022_Algebra_A_Solutions.pdf
PUMaC 2022 Algebra A #5,29,PUMaC_2022_Algebra_A_Solutions.pdf
PUMaC 2022 Algebra A #6,2205,PUMaC_2022_Algebra_A_Solutions.pdf
PUMaC 2022 Algebra A #7,97,PUMaC_2022_Algebra_A_Solutions.pdf
PUMaC 2022 Algebra A #8,775,PUMaC_2022_Algebra_A_Solutions.pdf
PUMaC 2022 Algebra B #1,8,PUMaC_2022_Algebra_B_Solutions.pdf
PUMaC 2022 Algebra B #2,2021,PUMaC_2022_Algebra_B_Solutions.pdf
PUMaC 2022 Algebra B #3,184,PUMaC_2022_Algebra_B_Solutions.pdf
PUMaC 2022 Algebra B #4,216,PUMaC_2022_Algebra_B_Solutions.pdf
PUMaC 2022 Algebra B #5,52,PUMaC_2022_Algebra_B_Solutions.pdf
PUMaC 2022 Algebra B #6,16,PUMaC_2022_Algebra_B_Solutions.pdf
PUMaC 2022 Algebra B #7,29,PUMaC_2022_Algebra_B_Solutions.pdf
PUMaC 2022 Algebra B #8,2205,PUMaC_2022_Algebra_B_Solutions.pdf
PUMaC 2022 Combinatorics A #1,90,PUMaC_2022_Combinatorics_A_Solutions.pdf
PUMaC 2022 Combinatorics A #2,50,PUMaC_2022_Combinatorics_A_Solutions.pdf
PUMaC 2022 Combinatorics A #3,2520,PUMaC_2022_Combinatorics_A_Solutions.pdf
PUMaC 2022 Combinatorics A #4,11,PUMaC_2022_Combinatorics_A_Solutions.pdf
PUMaC 2022 Combinatorics A #5,14043,PUMaC_2022_Combinatorics_A_Solutions.pdf
PUMaC 2022 Combinatorics A #6,337,PUMaC_2022_Combinatorics_A_Solutions.pdf
PUMaC 2022 Combinatorics A #7,7420,PUMaC_2022_Combinatorics_A_Solutions.pdf
PUMaC 2022 Combinatorics A #8,116,PUMaC_2022_Combinatorics_A_Solutions.pdf
PUMaC 2022 Combinatorics B #1,73728,PUMaC_2022_Combinatorics_B_Solutions.pdf
PUMaC 2022 Combinatorics B #2,5163,PUMaC_2022_Combinatorics_B_Solutions.pdf
PUMaC 2022 Combinatorics B #3,90,PUMaC_2022_Combinatorics_B_Solutions.pdf
PUMaC 2022 Combinatorics B #4,50,PUMaC_2022_Combinatorics_B_Solutions.pdf
PUMaC 2022 Combinatorics B #5,2520,PUMaC_2022_Combinatorics_B_Solutions.pdf
PUMaC 2022 Combinatorics B #6,11,PUMaC_2022_Combinatorics_B_Solutions.pdf
PUMaC 2022 Combinatorics B #7,14043,PUMaC_2022_Combinatorics_B_Solutions.pdf
PUMaC 2022 Combinatorics B #8,337,PUMaC_2022_Combinatorics_B_Solutions.pdf
PUMaC 2022 Geometry A #1,1349,PUMaC_2022_Geometry_A_Solutions.pdf
PUMaC 2022 Geometry A #2,30,PUMaC_2022_Geometry_A_Solutions.pdf
PUMaC 2022 Geometry A #3,101,PUMaC_2022_Geometry_A_Solutions.pdf
PUMaC 2022 Geometry A #4,17,PUMaC_2022_Geometry_A_Solutions.pdf
PUMaC 2022 Geometry A #5,2189,PUMaC_2022_Geometry_A_Solutions.pdf
PUMaC 2022 Geometry A #6,6272,PUMaC_2022_Geometry_A_Solutions.pdf
PUMaC 2022 Geometry A #7,629,PUMaC_2022_Geometry_A_Solutions.pdf
PUMaC 2022 Geometry A #8,59,PUMaC_2022_Geometry_A_Solutions.pdf
PUMaC 2022 Geometry B #1,63,PUMaC_2022_Geometry_B_Solutions.pdf
PUMaC 2022 Geometry B #2,47,PUMaC_2022_Geometry_B_Solutions.pdf
PUMaC 2022 Geometry B #3,1349,PUMaC_2022_Geometry_B_Solutions.pdf
PUMaC 2022 Geometry B #4,30,PUMaC_2022_Geometry_B_Solutions.pdf
PUMaC 2022 Geometry B #5,101,PUMaC_2022_Geometry_B_Solutions.pdf
PUMaC 2022 Geometry B #6,17,PUMaC_2022_Geometry_B_Solutions.pdf
PUMaC 2022 Geometry B #7,2189,PUMaC_2022_Geometry_B_Solutions.pdf
PUMaC 2022 Geometry B #8,6272,PUMaC_2022_Geometry_B_Solutions.pdf
PUMaC 2022 NumberTheory A #1,344,PUMaC_2022_NumberTheory_A_Solutions.pdf
PUMaC 2022 NumberTheory A #2,202,PUMaC_2022_NumberTheory_A_Solutions.pdf
PUMaC 2022 NumberTheory A #3,112,PUMaC_2022_NumberTheory_A_Solutions.pdf
PUMaC 2022 NumberTheory A #4,3927,PUMaC_2022_NumberTheory_A_Solutions.pdf
PUMaC 2022 NumberTheory A #5,71,PUMaC_2022_NumberTheory_A_Solutions.pdf
PUMaC 2022 NumberTheory A #6,4451,PUMaC_2022_NumberTheory_A_Solutions.pdf
PUMaC 2022 NumberTheory A #7,37,PUMaC_2022_NumberTheory_A_Solutions.pdf
PUMaC 2022 NumberTheory A #8,22,PUMaC_2022_NumberTheory_A_Solutions.pdf
PUMaC 2022 NumberTheory B #1,3600,PUMaC_2022_NumberTheory_B_Solutions.pdf
PUMaC 2022 NumberTheory B #2,610029,PUMaC_2022_NumberTheory_B_Solutions.pdf
PUMaC 2022 NumberTheory B #3,344,PUMaC_2022_NumberTheory_B_Solutions.pdf
PUMaC 2022 NumberTheory B #4,202,PUMaC_2022_NumberTheory_B_Solutions.pdf
PUMaC 2022 NumberTheory B #5,112,PUMaC_2022_NumberTheory_B_Solutions.pdf
PUMaC 2022 NumberTheory B #6,3927,PUMaC_2022_NumberTheory_B_Solutions.pdf
PUMaC 2022 NumberTheory B #7,71,PUMaC_2022_NumberTheory_B_Solutions.pdf
PUMaC 2022 NumberTheory B #8,4451,PUMaC_2022_NumberTheory_B_Solutions.pdf
PUMaC 2022 Team #1,484,PUMaC_2022_Team_Solutions.pdf
PUMaC 2022 Team #2,422,PUMaC_2022_Team_Solutions.pdf
PUMaC 2022 Team #3,275,PUMaC_2022_Team_Solutions.pdf
PUMaC 2022 Team #4,4045,PUMaC_2022_Team_Solutions.pdf
PUMaC 2022 Team #5,18,PUMaC_2022_Team_Solutions.pdf
PUMaC 2022 Team #6,84,PUMaC_2022_Team_Solutions.pdf
PUMaC 2022 Team #7,1727,PUMaC_2022_Team_Solutions.pdf
PUMaC 2022 Team #8,11,PUMaC_2022_Team_Solutions.pdf
PUMaC 2022 Team #9,51,PUMaC_2022_Team_Solutions.pdf
PUMaC 2022 Team #10,12,PUMaC_2022_Team_Solutions.pdf
PUMaC 2022 Team #11,54,PUMaC_2022_Team_Solutions.pdf
PUMaC 2022 Team #12,15,PUMaC_2022_Team_Solutions.pdf
PUMaC 2022 Team #13,729,PUMaC_2022_Team_Solutions.pdf
PUMaC 2022 Team #14,11,PUMaC_2022_Team_Solutions.pdf
PUMaC 2022 Team #15,8605,PUMaC_2022_Team_Solutions.pdf
PUMaC 2023 Algebra A #1,54,PUMaC_2023_Algebra_A_Solutions.pdf
PUMaC 2023 Algebra A #2,110,PUMaC_2023_Algebra_A_Solutions.pdf
PUMaC 2023 Algebra A #3,5100,PUMaC_2023_Algebra_A_Solutions.pdf
PUMaC 2023 Algebra A #4,8,PUMaC_2023_Algebra_A_Solutions.pdf
PUMaC 2023 Algebra A #5,91,PUMaC_2023_Algebra_A_Solutions.pdf
PUMaC 2023 Algebra A #6,101,PUMaC_2023_Algebra_A_Solutions.pdf
PUMaC 2023 Algebra A #7,1643751,PUMaC_2023_Algebra_A_Solutions.pdf
PUMaC 2023 Algebra A #8,171,PUMaC_2023_Algebra_A_Solutions.pdf
PUMaC 2023 Algebra B #1,20,PUMaC_2023_Algebra_B_Solutions.pdf
PUMaC 2023 Algebra B #2,105,PUMaC_2023_Algebra_B_Solutions.pdf
PUMaC 2023 Algebra B #3,54,PUMaC_2023_Algebra_B_Solutions.pdf
PUMaC 2023 Algebra B #4,110,PUMaC_2023_Algebra_B_Solutions.pdf
PUMaC 2023 Algebra B #5,5100,PUMaC_2023_Algebra_B_Solutions.pdf
PUMaC 2023 Algebra B #6,8,PUMaC_2023_Algebra_B_Solutions.pdf
PUMaC 2023 Algebra B #7,91,PUMaC_2023_Algebra_B_Solutions.pdf
PUMaC 2023 Algebra B #8,101,PUMaC_2023_Algebra_B_Solutions.pdf
PUMaC 2023 Combinatorics A #1,505,PUMaC_2023_Combinatorics_A_Solutions.pdf
PUMaC 2023 Combinatorics A #2,2880,PUMaC_2023_Combinatorics_A_Solutions.pdf
PUMaC 2023 Combinatorics A #3,17,PUMaC_2023_Combinatorics_A_Solutions.pdf
PUMaC 2023 Combinatorics A #4,238,PUMaC_2023_Combinatorics_A_Solutions.pdf
PUMaC 2023 Combinatorics A #5,1023,PUMaC_2023_Combinatorics_A_Solutions.pdf
PUMaC 2023 Combinatorics A #6,121,PUMaC_2023_Combinatorics_A_Solutions.pdf
PUMaC 2023 Combinatorics A #7,810,PUMaC_2023_Combinatorics_A_Solutions.pdf
PUMaC 2023 Combinatorics A #8,50,PUMaC_2023_Combinatorics_A_Solutions.pdf
PUMaC 2023 Combinatorics B #1,40,PUMaC_2023_Combinatorics_B_Solutions.pdf
PUMaC 2023 Combinatorics B #2,27,PUMaC_2023_Combinatorics_B_Solutions.pdf
PUMaC 2023 Combinatorics B #3,505,PUMaC_2023_Combinatorics_B_Solutions.pdf
PUMaC 2023 Combinatorics B #4,2880,PUMaC_2023_Combinatorics_B_Solutions.pdf
PUMaC 2023 Combinatorics B #5,17,PUMaC_2023_Combinatorics_B_Solutions.pdf
PUMaC 2023 Combinatorics B #6,238,PUMaC_2023_Combinatorics_B_Solutions.pdf
PUMaC 2023 Combinatorics B #7,1023,PUMaC_2023_Combinatorics_B_Solutions.pdf
PUMaC 2023 Combinatorics B #8,121,PUMaC_2023_Combinatorics_B_Solutions.pdf
PUMaC 2023 Finals A #1,p^k - 1,PUMaC_2023_Finals_A_Solutions.pdf
PUMaC 2023 Finals A #3,n^2 \nmid f(0),PUMaC_2023_Finals_A_Solutions.pdf
PUMaC 2023 Finals B #1,00...00 (n zeros),PUMaC_2023_Finals_B_Solutions.pdf
PUMaC 2023 Finals B #2,0,PUMaC_2023_Finals_B_Solutions.pdf
PUMaC 2023 Finals B #3,p^k - 1,PUMaC_2023_Finals_B_Solutions.pdf
PUMaC 2023 Geometry A #1,96,PUMaC_2023_Geometry_A_Solutions.pdf
PUMaC 2023 Geometry A #2,1843,PUMaC_2023_Geometry_A_Solutions.pdf
PUMaC 2023 Geometry A #3,80,PUMaC_2023_Geometry_A_Solutions.pdf
PUMaC 2023 Geometry A #4,36,PUMaC_2023_Geometry_A_Solutions.pdf
PUMaC 2023 Geometry A #5,361,PUMaC_2023_Geometry_A_Solutions.pdf
PUMaC 2023 Geometry A #6,55,PUMaC_2023_Geometry_A_Solutions.pdf
PUMaC 2023 Geometry A #7,15,PUMaC_2023_Geometry_A_Solutions.pdf
PUMaC 2023 Geometry A #8,1159,PUMaC_2023_Geometry_A_Solutions.pdf
PUMaC 2023 Geometry B #1,325,PUMaC_2023_Geometry_B_Solutions.pdf
PUMaC 2023 Geometry B #2,21,PUMaC_2023_Geometry_B_Solutions.pdf
PUMaC 2023 Geometry B #3,96,PUMaC_2023_Geometry_B_Solutions.pdf
PUMaC 2023 Geometry B #4,1843,PUMaC_2023_Geometry_B_Solutions.pdf
PUMaC 2023 Geometry B #5,80,PUMaC_2023_Geometry_B_Solutions.pdf
PUMaC 2023 Geometry B #6,36,PUMaC_2023_Geometry_B_Solutions.pdf
PUMaC 2023 Geometry B #7,361,PUMaC_2023_Geometry_B_Solutions.pdf
PUMaC 2023 Geometry B #8,55,PUMaC_2023_Geometry_B_Solutions.pdf
PUMaC 2023 NumberTheory A #1,172,PUMaC_2023_NumberTheory_A_Solutions.pdf
PUMaC 2023 NumberTheory A #2,447,PUMaC_2023_NumberTheory_A_Solutions.pdf
PUMaC 2023 NumberTheory A #3,2018,PUMaC_2023_NumberTheory_A_Solutions.pdf
PUMaC 2023 NumberTheory A #4,74,PUMaC_2023_NumberTheory_A_Solutions.pdf
PUMaC 2023 NumberTheory A #5,94,PUMaC_2023_NumberTheory_A_Solutions.pdf
PUMaC 2023 NumberTheory A #6,1025,PUMaC_2023_NumberTheory_A_Solutions.pdf
PUMaC 2023 NumberTheory A #7,5,PUMaC_2023_NumberTheory_A_Solutions.pdf
PUMaC 2023 NumberTheory A #8,185,PUMaC_2023_NumberTheory_A_Solutions.pdf
PUMaC 2023 NumberTheory B #1,7,PUMaC_2023_NumberTheory_B_Solutions.pdf
PUMaC 2023 NumberTheory B #2,31,PUMaC_2023_NumberTheory_B_Solutions.pdf
PUMaC 2023 NumberTheory B #3,172,PUMaC_2023_NumberTheory_B_Solutions.pdf
PUMaC 2023 NumberTheory B #4,447,PUMaC_2023_NumberTheory_B_Solutions.pdf
PUMaC 2023 NumberTheory B #5,2018,PUMaC_2023_NumberTheory_B_Solutions.pdf
PUMaC 2023 NumberTheory B #6,74,PUMaC_2023_NumberTheory_B_Solutions.pdf
PUMaC 2023 NumberTheory B #7,94,PUMaC_2023_NumberTheory_B_Solutions.pdf
PUMaC 2023 NumberTheory B #8,1025,PUMaC_2023_NumberTheory_B_Solutions.pdf
PUMaC 2023 Team #1,11,PUMaC_2023_Team_Solutions.pdf
PUMaC 2023 Team #2,15843,PUMaC_2023_Team_Solutions.pdf
PUMaC 2023 Team #3,228,PUMaC_2023_Team_Solutions.pdf
PUMaC 2023 Team #4,419,PUMaC_2023_Team_Solutions.pdf
PUMaC 2023 Team #5,1537,PUMaC_2023_Team_Solutions.pdf
PUMaC 2023 Team #6,475,PUMaC_2023_Team_Solutions.pdf
PUMaC 2023 Team #7,551,PUMaC_2023_Team_Solutions.pdf
PUMaC 2023 Team #8,10043,PUMaC_2023_Team_Solutions.pdf
PUMaC 2023 Team #9,16,PUMaC_2023_Team_Solutions.pdf
PUMaC 2023 Team #10,4049,PUMaC_2023_Team_Solutions.pdf
PUMaC 2023 Team #11,34,PUMaC_2023_Team_Solutions.pdf
PUMaC 2023 Team #12,27633,PUMaC_2023_Team_Solutions.pdf
PUMaC 2023 Team #13,97,PUMaC_2023_Team_Solutions.pdf
PUMaC 2023 Team #14,613470,PUMaC_2023_Team_Solutions.pdf
PUMaC 2023 Team #15,9,PUMaC_2023_Team_Solutions.pdf
SMT 2011 Algebra #1,\frac{1}{\sqrt{2}},SMT_2011_Algebra_Solutions.pdf
SMT 2011 Algebra #2,"\left(-\frac{3}{5}, \frac{4}{5}\right)",SMT_2011_Algebra_Solutions.pdf
SMT 2011 Algebra #3,\frac{9}{4},SMT_2011_Algebra_Solutions.pdf
SMT 2011 Algebra #4,x = e^{2011\pi/5},SMT_2011_Algebra_Solutions.pdf
SMT 2011 Algebra #5,(-3^{1005} - 1)x + (-2 \cdot 3^{1005} - 1),SMT_2011_Algebra_Solutions.pdf
SMT 2011 Algebra #6,\frac{8045}{2012},SMT_2011_Algebra_Solutions.pdf
SMT 2011 Algebra #7,2 - \frac{1}{2^{2010}},SMT_2011_Algebra_Solutions.pdf
SMT 2011 Algebra #8,\frac{\sqrt{5}+1}{4},SMT_2011_Algebra_Solutions.pdf
SMT 2011 Algebra #9,-665,SMT_2011_Algebra_Solutions.pdf
SMT 2011 Algebra #10,10,SMT_2011_Algebra_Solutions.pdf
SMT 2011 Calculus #1,0,SMT_2011_Calculus_Solutions.pdf
SMT 2011 Calculus #2,3\sqrt{3},SMT_2011_Calculus_Solutions.pdf
SMT 2011 Calculus #3,2,SMT_2011_Calculus_Solutions.pdf
SMT 2011 Calculus #4,12600,SMT_2011_Calculus_Solutions.pdf
SMT 2011 Calculus #5,2e^{-x} - \cos x + 4 \sin x,SMT_2011_Calculus_Solutions.pdf
SMT 2011 Calculus #6,\frac{\pi^3}{3},SMT_2011_Calculus_Solutions.pdf
SMT 2011 Calculus #7,\frac{3}{2},SMT_2011_Calculus_Solutions.pdf
SMT 2011 Calculus #8,\frac{\pi^2\sqrt{3}}{18},SMT_2011_Calculus_Solutions.pdf
SMT 2011 Calculus #9,f(x) = (2x - 1)e^x,SMT_2011_Calculus_Solutions.pdf
SMT 2011 Calculus #10,2\pi \ln a,SMT_2011_Calculus_Solutions.pdf
SMT 2011 General #1,\frac{3}{4},SMT_2011_General_Solutions.pdf
SMT 2011 General #2,2^{98} \times 5,SMT_2011_General_Solutions.pdf
SMT 2011 General #3,\frac{861}{80},SMT_2011_General_Solutions.pdf
SMT 2011 General #4,"x = -1, 0, 2",SMT_2011_General_Solutions.pdf
SMT 2011 General #5,63,SMT_2011_General_Solutions.pdf
SMT 2011 General #6,"2^2, 3^2, 5^2",SMT_2011_General_Solutions.pdf
SMT 2011 General #7,146,SMT_2011_General_Solutions.pdf
SMT 2011 General #8,872,SMT_2011_General_Solutions.pdf
SMT 2011 General #9,\frac{49}{729},SMT_2011_General_Solutions.pdf
SMT 2011 General #10,\frac{1+(1/3)^{50}}{2},SMT_2011_General_Solutions.pdf
SMT 2011 General #11,P(x) = 1 - x^2,SMT_2011_General_Solutions.pdf
SMT 2011 General #12,\sqrt{\frac{1}{2}},SMT_2011_General_Solutions.pdf
SMT 2011 General #13,1006^2,SMT_2011_General_Solutions.pdf
SMT 2011 General #14,1,SMT_2011_General_Solutions.pdf
SMT 2011 General #15,"\left(-\frac{3}{5}, \frac{4}{5}\right)",SMT_2011_General_Solutions.pdf
SMT 2011 General #16,\frac{9}{4},SMT_2011_General_Solutions.pdf
SMT 2011 General #17,60,SMT_2011_General_Solutions.pdf
SMT 2011 General #18,\frac{33\sqrt{3}}{28},SMT_2011_General_Solutions.pdf
SMT 2011 General #19,\frac{3}{8},SMT_2011_General_Solutions.pdf
SMT 2011 General #20,x = e^{2011\pi/5},SMT_2011_General_Solutions.pdf
SMT 2011 General #21,\frac{79\pi}{2} + \frac{3}{2} - 5x,SMT_2011_General_Solutions.pdf
SMT 2011 General #22,72381,SMT_2011_General_Solutions.pdf
SMT 2011 General #23,7,SMT_2011_General_Solutions.pdf
SMT 2011 General #24,2 - \frac{1}{2^{2010}},SMT_2011_General_Solutions.pdf
SMT 2011 General #25,\frac{\sqrt{5}+1}{4},SMT_2011_General_Solutions.pdf
SMT 2011 Geometry #1,\frac{12}{5},SMT_2011_Geometry_Solutions.pdf
SMT 2011 Geometry #2,\frac{33\sqrt{3}}{28},SMT_2011_Geometry_Solutions.pdf
SMT 2011 Geometry #3,15,SMT_2011_Geometry_Solutions.pdf
SMT 2011 Geometry #4,7,SMT_2011_Geometry_Solutions.pdf
SMT 2011 Geometry #5,10\sqrt{2},SMT_2011_Geometry_Solutions.pdf
SMT 2011 Geometry #6,\pi - \tan^{-1}(\frac{1}{d}),SMT_2011_Geometry_Solutions.pdf
SMT 2011 Geometry #7,\sqrt{5},SMT_2011_Geometry_Solutions.pdf
SMT 2011 Geometry #8,\frac{\pi}{6},SMT_2011_Geometry_Solutions.pdf
SMT 2011 Geometry #9,2\pi,SMT_2011_Geometry_Solutions.pdf
SMT 2011 Geometry #10,2\sqrt{43},SMT_2011_Geometry_Solutions.pdf
SMT 2011 Team #1,312 - 180\sqrt{3},SMT_2011_Team_Solutions.pdf
SMT 2011 Team #2,"1, -1",SMT_2011_Team_Solutions.pdf
SMT 2011 Team #3,12,SMT_2011_Team_Solutions.pdf
SMT 2011 Team #4,10,SMT_2011_Team_Solutions.pdf
SMT 2011 Team #5,5 + \sqrt{19},SMT_2011_Team_Solutions.pdf
SMT 2011 Team #6,\frac{11}{256},SMT_2011_Team_Solutions.pdf
SMT 2011 Team #7,\frac{1}{7},SMT_2011_Team_Solutions.pdf
SMT 2011 Team #8,\sqrt{x} + \sqrt{y} = 1,SMT_2011_Team_Solutions.pdf
SMT 2011 Team #9,2011^2 - 2011 + 2 = 4042112,SMT_2011_Team_Solutions.pdf
SMT 2011 Team #10,\frac{1}{4},SMT_2011_Team_Solutions.pdf
SMT 2011 Team #11,\frac{\sqrt{10+2\sqrt{5}}}{4},SMT_2011_Team_Solutions.pdf
SMT 2011 Team #12,x^2 - 4y - 4 = 0,SMT_2011_Team_Solutions.pdf
SMT 2011 Team #13,2^{2011},SMT_2011_Team_Solutions.pdf
SMT 2011 Team #14,\frac{\pi \ln(2)}{8},SMT_2011_Team_Solutions.pdf
SMT 2011 Team #15,\frac{1}{2},SMT_2011_Team_Solutions.pdf
SMT 2012 AlgebraTiebreaker #1,429,SMT_2012_AlgebraTiebreaker_Solutions.pdf
SMT 2012 AlgebraTiebreaker #2,-\frac{1}{2},SMT_2012_AlgebraTiebreaker_Solutions.pdf
SMT 2012 AlgebraTiebreaker #3,"30°, 50°",SMT_2012_AlgebraTiebreaker_Solutions.pdf
SMT 2012 Algebra #1,10,SMT_2012_Algebra_Solutions.pdf
SMT 2012 Algebra #2,"1, 3, 5, 7",SMT_2012_Algebra_Solutions.pdf
SMT 2012 Algebra #3,\frac{91}{136},SMT_2012_Algebra_Solutions.pdf
SMT 2012 Algebra #4,"(1, 1, 1), (1, 3, 3), (3, 1, 3), (3, 3, 1)",SMT_2012_Algebra_Solutions.pdf
SMT 2012 Algebra #5,-24,SMT_2012_Algebra_Solutions.pdf
SMT 2012 Algebra #6,-14,SMT_2012_Algebra_Solutions.pdf
SMT 2012 Algebra #7,2047,SMT_2012_Algebra_Solutions.pdf
SMT 2012 Algebra #8,2 \text{ or } \sqrt[3]{\frac{1}{2}},SMT_2012_Algebra_Solutions.pdf
SMT 2012 Algebra #9,\frac{1}{4},SMT_2012_Algebra_Solutions.pdf
SMT 2012 Algebra #10,\frac{2013}{4025},SMT_2012_Algebra_Solutions.pdf
SMT 2012 CalculusTiebreaker #1,5696,SMT_2012_CalculusTiebreaker_Solutions.pdf
SMT 2012 CalculusTiebreaker #2,e^{-2},SMT_2012_CalculusTiebreaker_Solutions.pdf
SMT 2012 CalculusTiebreaker #3,\frac{4021}{4022},SMT_2012_CalculusTiebreaker_Solutions.pdf
SMT 2012 Calculus #1,\frac{250}{3},SMT_2012_Calculus_Solutions.pdf
SMT 2012 Calculus #2,20,SMT_2012_Calculus_Solutions.pdf
SMT 2012 Calculus #3,\frac{5}{2}\ln\frac{8}{3},SMT_2012_Calculus_Solutions.pdf
SMT 2012 Calculus #4,\frac{2+\sqrt{3}}{2},SMT_2012_Calculus_Solutions.pdf
SMT 2012 Calculus #5,1,SMT_2012_Calculus_Solutions.pdf
SMT 2012 Calculus #6,e^{-1/3},SMT_2012_Calculus_Solutions.pdf
SMT 2012 Calculus #7,12x^2 - 24x + 26 - 26e^{-x},SMT_2012_Calculus_Solutions.pdf
SMT 2012 Calculus #8,\frac{\pi\ln 2}{4},SMT_2012_Calculus_Solutions.pdf
SMT 2012 Calculus #9,"(1/2, e^{-3/4})",SMT_2012_Calculus_Solutions.pdf
SMT 2012 Calculus #10,1/4,SMT_2012_Calculus_Solutions.pdf
SMT 2012 GeneralTiebreaker #1,-210,SMT_2012_GeneralTiebreaker_Solutions.pdf
SMT 2012 GeneralTiebreaker #2,"\text{Reimu, } \$503",SMT_2012_GeneralTiebreaker_Solutions.pdf
SMT 2012 GeneralTiebreaker #3,1,SMT_2012_GeneralTiebreaker_Solutions.pdf
SMT 2012 General #1,10,SMT_2012_General_Solutions.pdf
SMT 2012 General #2,240,SMT_2012_General_Solutions.pdf
SMT 2012 General #3,149,SMT_2012_General_Solutions.pdf
SMT 2012 General #4,96,SMT_2012_General_Solutions.pdf
SMT 2012 General #5,10,SMT_2012_General_Solutions.pdf
SMT 2012 General #6,119,SMT_2012_General_Solutions.pdf
SMT 2012 General #7,250,SMT_2012_General_Solutions.pdf
SMT 2012 General #8,23,SMT_2012_General_Solutions.pdf
SMT 2012 General #9,277,SMT_2012_General_Solutions.pdf
SMT 2012 General #10,1242,SMT_2012_General_Solutions.pdf
SMT 2012 General #11,48,SMT_2012_General_Solutions.pdf
SMT 2012 General #12,21 - 12\sqrt{3},SMT_2012_General_Solutions.pdf
SMT 2012 General #13,5,SMT_2012_General_Solutions.pdf
SMT 2012 General #14,7,SMT_2012_General_Solutions.pdf
SMT 2012 General #15,72\sqrt{3},SMT_2012_General_Solutions.pdf
SMT 2012 General #16,9,SMT_2012_General_Solutions.pdf
SMT 2012 General #17,\frac{3\pi}{10},SMT_2012_General_Solutions.pdf
SMT 2012 General #18,6,SMT_2012_General_Solutions.pdf
SMT 2012 General #19,-125,SMT_2012_General_Solutions.pdf
SMT 2012 General #20,1020,SMT_2012_General_Solutions.pdf
SMT 2012 General #21,252,SMT_2012_General_Solutions.pdf
SMT 2012 General #22,\frac{13}{36},SMT_2012_General_Solutions.pdf
SMT 2012 General #23,18\sqrt{5},SMT_2012_General_Solutions.pdf
SMT 2012 General #24,-24,SMT_2012_General_Solutions.pdf
SMT 2012 General #25,"(-2, 2)",SMT_2012_General_Solutions.pdf
SMT 2012 GeometryTiebreaker #1,25,SMT_2012_GeometryTiebreaker_Solutions.pdf
SMT 2012 GeometryTiebreaker #2,\frac{1 + \sqrt{3}}{8},SMT_2012_GeometryTiebreaker_Solutions.pdf
SMT 2012 GeometryTiebreaker #3,\frac{\sqrt{14}}{6},SMT_2012_GeometryTiebreaker_Solutions.pdf
SMT 2012 Geometry #1,\frac{3\pi}{10},SMT_2012_Geometry_Solutions.pdf
SMT 2012 Geometry #2,252,SMT_2012_Geometry_Solutions.pdf
SMT 2012 Geometry #3,\frac{\sqrt{3}}{2},SMT_2012_Geometry_Solutions.pdf
SMT 2012 Geometry #4,\frac{503}{6},SMT_2012_Geometry_Solutions.pdf
SMT 2012 Geometry #5,\frac{1}{\sqrt{6}},SMT_2012_Geometry_Solutions.pdf
SMT 2012 Geometry #6,\frac{2\pi}{3} + \sqrt{3} - 1,SMT_2012_Geometry_Solutions.pdf
SMT 2012 Geometry #7,\frac{6\sqrt{11}}{11},SMT_2012_Geometry_Solutions.pdf
SMT 2012 Geometry #8,\frac{35\sqrt{6}}{24},SMT_2012_Geometry_Solutions.pdf
SMT 2012 Geometry #9,\frac{39}{5},SMT_2012_Geometry_Solutions.pdf
SMT 2012 Geometry #10,4\sqrt{3},SMT_2012_Geometry_Solutions.pdf
SMT 2012 Power #1a,"(1, 2, 3), (1, 3, 2), (2, 1, 3), (2, 3, 1), (3, 1, 2), (3, 2, 1)",SMT_2012_Power_Solutions.pdf
SMT 2012 Power #1b,"n!, 120",SMT_2012_Power_Solutions.pdf
SMT 2012 Power #2a,"(2, 1, 3, 6, 5, 4)",SMT_2012_Power_Solutions.pdf
SMT 2012 Power #2b,"(2, 4, 1, 3), (5, 1, 4, 2, 6, 3)",SMT_2012_Power_Solutions.pdf
SMT 2012 Power #3,\tau \circ \sigma^{-1},SMT_2012_Power_Solutions.pdf
SMT 2012 Power #5a,"Ascents at 2, 6, 8; descents at 1, 3, 4, 5, 7",SMT_2012_Power_Solutions.pdf
SMT 2012 Power #5b,4,SMT_2012_Power_Solutions.pdf
SMT 2012 Power #5c,"(1, 2, 4, 3), (1, 3, 2, 4), (1, 3, 4, 2), (1, 4, 2, 3), (2, 1, 3, 4), (2, 3, 1, 4), (2, 3, 4, 1), (2, 4, 1, 3), (3, 1, 2, 4), (3, 4, 1, 2), (4, 1, 2, 3)",SMT_2012_Power_Solutions.pdf
SMT 2012 Power #11a,210,SMT_2012_Power_Solutions.pdf
SMT 2012 Power #11b,2520,SMT_2012_Power_Solutions.pdf
SMT 2012 Power #11c,100,SMT_2012_Power_Solutions.pdf
SMT 2012 Power #12a,"3, 2, 1 only",SMT_2012_Power_Solutions.pdf
SMT 2012 Power #12b,"(i) 1/8, (ii) 3/8, (iii) 3/8, (iv) 1/8",SMT_2012_Power_Solutions.pdf
SMT 2012 Power #12c,"(i) 1/8, (ii) 1/2",SMT_2012_Power_Solutions.pdf
SMT 2012 Power #14a,4/9,SMT_2012_Power_Solutions.pdf
SMT 2012 Power #14b,(i) 12 (ii) 1/12 (iii) 1/12,SMT_2012_Power_Solutions.pdf
SMT 2012 Power #16c,2413,SMT_2012_Power_Solutions.pdf
SMT 2012 Power #19a,"5, 3, 4, 1, 2, 0",SMT_2012_Power_Solutions.pdf
SMT 2012 Power #19b,3,SMT_2012_Power_Solutions.pdf
SMT 2012 Power #19c,"k \equiv 0 \pmod{3}: 0, 1, 2, 3, 4, 5, 6, 7; k \equiv 1 \pmod{3}: 0, 4, 1, 5, 2, 6, 3, 7; k \equiv 2 \pmod{3}: 0, 2, 4, 6, 1, 3, 5, 7",SMT_2012_Power_Solutions.pdf
SMT 2012 Power #20d,8,SMT_2012_Power_Solutions.pdf
SMT 2012 Team #1,1500,SMT_2012_Team_Solutions.pdf
SMT 2012 Team #2,"2, 6, 8, 10",SMT_2012_Team_Solutions.pdf
SMT 2012 Team #3,1080,SMT_2012_Team_Solutions.pdf
SMT 2012 Team #4,811641,SMT_2012_Team_Solutions.pdf
SMT 2012 Team #5,\frac{9\sqrt{3}}{8},SMT_2012_Team_Solutions.pdf
SMT 2012 Team #6,2,SMT_2012_Team_Solutions.pdf
SMT 2012 Team #7,\frac{9}{2}a_1a_2a_3,SMT_2012_Team_Solutions.pdf
SMT 2012 Team #8,e^{\frac{e}{100}} - e,SMT_2012_Team_Solutions.pdf
SMT 2012 Team #9,1989,SMT_2012_Team_Solutions.pdf
SMT 2012 Team #10,\frac{1}{31752},SMT_2012_Team_Solutions.pdf
SMT 2012 Team #11,"(27, +\infty)",SMT_2012_Team_Solutions.pdf
SMT 2012 Team #12,12 + 6\sqrt{3},SMT_2012_Team_Solutions.pdf
SMT 2012 Team #13,20,SMT_2012_Team_Solutions.pdf
SMT 2012 Team #14,"(-1, -1/2)",SMT_2012_Team_Solutions.pdf
SMT 2012 Team #15,e^{-1+\sqrt{1+2\ln(2)^2}},SMT_2012_Team_Solutions.pdf
SMT 2013 AlgebraTiebreaker #1,198,SMT_2013_AlgebraTiebreaker_Solutions.pdf
SMT 2013 AlgebraTiebreaker #2,-125,SMT_2013_AlgebraTiebreaker_Solutions.pdf
SMT 2013 AlgebraTiebreaker #3,24,SMT_2013_AlgebraTiebreaker_Solutions.pdf
SMT 2013 Algebra #1,15,SMT_2013_Algebra_Solutions.pdf
SMT 2013 Algebra #2,\frac{10}{11},SMT_2013_Algebra_Solutions.pdf
SMT 2013 Algebra #3,8960,SMT_2013_Algebra_Solutions.pdf
SMT 2013 Algebra #4,\frac{68}{3},SMT_2013_Algebra_Solutions.pdf
SMT 2013 Algebra #5,168,SMT_2013_Algebra_Solutions.pdf
SMT 2013 Algebra #6,\frac{1+\sqrt{13}}{2},SMT_2013_Algebra_Solutions.pdf
SMT 2013 Algebra #7,\frac{546}{5},SMT_2013_Algebra_Solutions.pdf
SMT 2013 Algebra #8,-\frac{11}{3},SMT_2013_Algebra_Solutions.pdf
SMT 2013 Algebra #9,30,SMT_2013_Algebra_Solutions.pdf
SMT 2013 Algebra #10,"6, \frac{-1\pm\sqrt{13}}{2}",SMT_2013_Algebra_Solutions.pdf
SMT 2013 CalculusTiebreaker #1,3,SMT_2013_CalculusTiebreaker_Solutions.pdf
SMT 2013 CalculusTiebreaker #2,"1, 2, 5, 6, 9, 10",SMT_2013_CalculusTiebreaker_Solutions.pdf
SMT 2013 CalculusTiebreaker #3,e^{1/2} \sin \left(\frac{\sqrt{3}}{2}\right),SMT_2013_CalculusTiebreaker_Solutions.pdf
SMT 2013 Calculus #1,4,SMT_2013_Calculus_Solutions.pdf
SMT 2013 Calculus #2,3,SMT_2013_Calculus_Solutions.pdf
SMT 2013 Calculus #3,"(2, 2) \text{ and } (-2, -2)",SMT_2013_Calculus_Solutions.pdf
SMT 2013 Calculus #4,2e^2 + 2,SMT_2013_Calculus_Solutions.pdf
SMT 2013 Calculus #5,50,SMT_2013_Calculus_Solutions.pdf
SMT 2013 Calculus #6,\sqrt{3},SMT_2013_Calculus_Solutions.pdf
SMT 2013 Calculus #7,\sqrt{3} - e,SMT_2013_Calculus_Solutions.pdf
SMT 2013 Calculus #8,\frac{1+\log(2)}{4},SMT_2013_Calculus_Solutions.pdf
SMT 2013 Calculus #9,\frac{1}{3},SMT_2013_Calculus_Solutions.pdf
SMT 2013 Calculus #10,\pi \frac{2^{\pi}}{2^{\pi} - 1},SMT_2013_Calculus_Solutions.pdf
SMT 2013 GeneralTiebreaker #1,\frac{1 \pm \sqrt{5}}{2},SMT_2013_GeneralTiebreaker_Solutions.pdf
SMT 2013 GeneralTiebreaker #2,20,SMT_2013_GeneralTiebreaker_Solutions.pdf
SMT 2013 GeneralTiebreaker #3,30,SMT_2013_GeneralTiebreaker_Solutions.pdf
SMT 2013 General #1,16,SMT_2013_General_Solutions.pdf
SMT 2013 General #2,80,SMT_2013_General_Solutions.pdf
SMT 2013 General #3,56,SMT_2013_General_Solutions.pdf
SMT 2013 General #4,9030,SMT_2013_General_Solutions.pdf
SMT 2013 General #5,12\sqrt{5},SMT_2013_General_Solutions.pdf
SMT 2013 General #6,15,SMT_2013_General_Solutions.pdf
SMT 2013 General #7,\sqrt{5} - \sqrt{3},SMT_2013_General_Solutions.pdf
SMT 2013 General #8,2018,SMT_2013_General_Solutions.pdf
SMT 2013 General #9,10/11,SMT_2013_General_Solutions.pdf
SMT 2013 General #10,5,SMT_2013_General_Solutions.pdf
SMT 2013 General #11,5\pi,SMT_2013_General_Solutions.pdf
SMT 2013 General #12,\frac{25}{4},SMT_2013_General_Solutions.pdf
SMT 2013 General #13,4,SMT_2013_General_Solutions.pdf
SMT 2013 General #14,\frac{17\sqrt{5}}{6},SMT_2013_General_Solutions.pdf
SMT 2013 General #15,\frac{3}{8},SMT_2013_General_Solutions.pdf
SMT 2013 General #16,2880,SMT_2013_General_Solutions.pdf
SMT 2013 General #17,\frac{25\pi}{2} - 25,SMT_2013_General_Solutions.pdf
SMT 2013 General #18,40,SMT_2013_General_Solutions.pdf
SMT 2013 General #19,\sqrt{13},SMT_2013_General_Solutions.pdf
SMT 2013 General #20,\frac{11}{5},SMT_2013_General_Solutions.pdf
SMT 2013 General #21,273,SMT_2013_General_Solutions.pdf
SMT 2013 General #22,55,SMT_2013_General_Solutions.pdf
SMT 2013 General #23,-353,SMT_2013_General_Solutions.pdf
SMT 2013 General #24,2 - \sqrt{3},SMT_2013_General_Solutions.pdf
SMT 2013 General #25,13,SMT_2013_General_Solutions.pdf
SMT 2013 GeometryTiebreaker #1,\frac{\sqrt{6}}{7},SMT_2013_GeometryTiebreaker_Solutions.pdf
SMT 2013 GeometryTiebreaker #2,\frac{14}{5},SMT_2013_GeometryTiebreaker_Solutions.pdf
SMT 2013 GeometryTiebreaker #3,\frac{47}{7},SMT_2013_GeometryTiebreaker_Solutions.pdf
SMT 2013 Geometry #1,\sqrt{51},SMT_2013_Geometry_Solutions.pdf
SMT 2013 Geometry #2,16\sqrt{2},SMT_2013_Geometry_Solutions.pdf
SMT 2013 Geometry #3,\frac{\pi}{3} + 1 - \sqrt{3},SMT_2013_Geometry_Solutions.pdf
SMT 2013 Geometry #4,\frac{1}{4},SMT_2013_Geometry_Solutions.pdf
SMT 2013 Geometry #5,\frac{\sqrt{3}}{4},SMT_2013_Geometry_Solutions.pdf
SMT 2013 Geometry #6,\frac{3-\sqrt{5}}{2},SMT_2013_Geometry_Solutions.pdf
SMT 2013 Geometry #7,68,SMT_2013_Geometry_Solutions.pdf
SMT 2013 Geometry #8,\sqrt{46},SMT_2013_Geometry_Solutions.pdf
SMT 2013 Geometry #9,\frac{\sqrt{35}}{72},SMT_2013_Geometry_Solutions.pdf
SMT 2013 Geometry #10,\frac{5\sqrt{1023}}{4},SMT_2013_Geometry_Solutions.pdf
SMT 2013 Power #1(a)(i),"\{0, 5, 7, 10, 11, 12, 14\} \cup \{n \in \mathbb{N}_0 : n \geq 15\}",SMT_2013_Power_Solutions.pdf
SMT 2013 Power #1(a)(ii),Yes,SMT_2013_Power_Solutions.pdf
SMT 2013 Power #1(a)(iii),"\{0, 3, 6, 7, 8\} \cup \{n \in \mathbb{N}_0 : n \geq 9\}",SMT_2013_Power_Solutions.pdf
SMT 2013 Power #1(a)(iv),No,SMT_2013_Power_Solutions.pdf
SMT 2013 Power #3(a)(i),"\text{Genus } 8, \text{ Frobenius } 13",SMT_2013_Power_Solutions.pdf
SMT 2013 Power #3(a)(ii),"\text{Genus } 4, \text{ Frobenius } 5",SMT_2013_Power_Solutions.pdf
SMT 2013 Power #4(a),"F(\langle a, b \rangle) = ab - a - b",SMT_2013_Power_Solutions.pdf
SMT 2013 Power #4(c),\frac{(a-1)(b-1)}{2},SMT_2013_Power_Solutions.pdf
SMT 2013 Power #5(a)(i),"m(S) = 5, A(S) = \{0, 7, 11, 14, 18\}",SMT_2013_Power_Solutions.pdf
SMT 2013 Power #5(a)(ii),"m(S) = 3, A(S) = \{0, 7, 8\}",SMT_2013_Power_Solutions.pdf
SMT 2013 Power #5(d),g(S) = \sum_{i=1}^{m-1} k_i,SMT_2013_Power_Solutions.pdf
SMT 2013 Power #5(e),\max_i((k_i - 1)m + i),SMT_2013_Power_Solutions.pdf
SMT 2013 Power #6(c),\binom{m-1}{g-m+1},SMT_2013_Power_Solutions.pdf
SMT 2013 Power #8(c),"\langle 2, 2g + 1 \rangle \text{ of genus } g",SMT_2013_Power_Solutions.pdf
SMT 2013 Power #8(d),"\langle g + 1, \ldots, 2g + 1 \rangle \text{ of genus } g",SMT_2013_Power_Solutions.pdf
SMT 2013 Power #10(a)(i),46,SMT_2013_Power_Solutions.pdf
SMT 2013 Power #10(a)(ii),12,SMT_2013_Power_Solutions.pdf
SMT 2013 Power #10(b),\sum_{i=1}^{m-1} \left( m \cdot \frac{k_i(k_i - 1)}{2} + ik_i \right),SMT_2013_Power_Solutions.pdf
SMT 2013 Power #10(c),\frac{(a-1)(b-1)(2ab - a - b - 1)}{12},SMT_2013_Power_Solutions.pdf
SMT 2013 Team #1,4,SMT_2013_Team_Solutions.pdf
SMT 2013 Team #2,\frac{1}{12},SMT_2013_Team_Solutions.pdf
SMT 2013 Team #3,280,SMT_2013_Team_Solutions.pdf
SMT 2013 Team #4,"(7, 3)",SMT_2013_Team_Solutions.pdf
SMT 2013 Team #5,(n + 2)2^{n-1},SMT_2013_Team_Solutions.pdf
SMT 2013 Team #6,4,SMT_2013_Team_Solutions.pdf
SMT 2013 Team #7,"(-1, 0) \cup \{\frac{1}{4}\}",SMT_2013_Team_Solutions.pdf
SMT 2013 Team #8,\frac{\sqrt{33}-3}{3},SMT_2013_Team_Solutions.pdf
SMT 2013 Team #9,\frac{14951}{150},SMT_2013_Team_Solutions.pdf
SMT 2013 Team #10,\frac{\pi(2+\sqrt{3})^2}{8\sqrt{3}},SMT_2013_Team_Solutions.pdf
SMT 2013 Team #11,73513440 = 2^5 \cdot 3^3 \cdot 5 \cdot 7 \cdot 11 \cdot 13 \cdot 17,SMT_2013_Team_Solutions.pdf
SMT 2013 Team #12,t = \frac{3}{2\pi} \arccos \left(\frac{r+\sqrt{r^2+8R^2}}{4R}\right),SMT_2013_Team_Solutions.pdf
SMT 2013 Team #13,22,SMT_2013_Team_Solutions.pdf
SMT 2013 Team #14,8 - 4 \log 2,SMT_2013_Team_Solutions.pdf
SMT 2013 Team #15,\sqrt{2504 \log^2 2 + 2500\pi^2},SMT_2013_Team_Solutions.pdf
SMT 2014 AlgebraTiebreaker #1,\frac{88}{27},SMT_2014_AlgebraTiebreaker_Solutions.pdf
SMT 2014 AlgebraTiebreaker #2,\frac{5}{7},SMT_2014_AlgebraTiebreaker_Solutions.pdf
SMT 2014 AlgebraTiebreaker #3,12,SMT_2014_AlgebraTiebreaker_Solutions.pdf
SMT 2014 Algebra #1,40,SMT_2014_Algebra_Solutions.pdf
SMT 2014 Algebra #2,999999,SMT_2014_Algebra_Solutions.pdf
SMT 2014 Algebra #3,1,SMT_2014_Algebra_Solutions.pdf
SMT 2014 Algebra #4,12,SMT_2014_Algebra_Solutions.pdf
SMT 2014 Algebra #5,10\pi - 29,SMT_2014_Algebra_Solutions.pdf
SMT 2014 Algebra #6,\frac{5}{\sqrt[3]{68}},SMT_2014_Algebra_Solutions.pdf
SMT 2014 Algebra #7,-\frac{39}{4},SMT_2014_Algebra_Solutions.pdf
SMT 2014 Algebra #8,35,SMT_2014_Algebra_Solutions.pdf
SMT 2014 Algebra #9,3,SMT_2014_Algebra_Solutions.pdf
SMT 2014 Algebra #10,\frac{3y_{2014} - x_{2014}}{3y_{2014}},SMT_2014_Algebra_Solutions.pdf
SMT 2014 CalculusTiebreaker #1,\frac{28}{3},SMT_2014_CalculusTiebreaker_Solutions.pdf
SMT 2014 CalculusTiebreaker #2,(x^2 + 208x + 10720)e^x,SMT_2014_CalculusTiebreaker_Solutions.pdf
SMT 2014 CalculusTiebreaker #3,2 \ln 2,SMT_2014_CalculusTiebreaker_Solutions.pdf
SMT 2014 Calculus #1,15,SMT_2014_Calculus_Solutions.pdf
SMT 2014 Calculus #2,1,SMT_2014_Calculus_Solutions.pdf
SMT 2014 Calculus #3,\frac{2}{5},SMT_2014_Calculus_Solutions.pdf
SMT 2014 Calculus #4,\frac{8}{7},SMT_2014_Calculus_Solutions.pdf
SMT 2014 Calculus #5,4,SMT_2014_Calculus_Solutions.pdf
SMT 2014 Calculus #6,\frac{1}{2},SMT_2014_Calculus_Solutions.pdf
SMT 2014 Calculus #7,e^{1/e},SMT_2014_Calculus_Solutions.pdf
SMT 2014 Calculus #8,\frac{14}{3},SMT_2014_Calculus_Solutions.pdf
SMT 2014 Calculus #9,e - 1,SMT_2014_Calculus_Solutions.pdf
SMT 2014 Calculus #10,\frac{\pi^2}{12} - \frac{\ln^2 2}{2},SMT_2014_Calculus_Solutions.pdf
SMT 2014 GeneralTiebreaker #1,\frac{1}{10},SMT_2014_GeneralTiebreaker_Solutions.pdf
SMT 2014 GeneralTiebreaker #2,18\sqrt{3},SMT_2014_GeneralTiebreaker_Solutions.pdf
SMT 2014 GeneralTiebreaker #3,1,SMT_2014_GeneralTiebreaker_Solutions.pdf
SMT 2014 General #1,6,SMT_2014_General_Solutions.pdf
SMT 2014 General #2,11,SMT_2014_General_Solutions.pdf
SMT 2014 General #3,\frac{1}{16},SMT_2014_General_Solutions.pdf
SMT 2014 General #4,130,SMT_2014_General_Solutions.pdf
SMT 2014 General #5,113,SMT_2014_General_Solutions.pdf
SMT 2014 General #6,"\$123,456,789",SMT_2014_General_Solutions.pdf
SMT 2014 General #7,13,SMT_2014_General_Solutions.pdf
SMT 2014 General #8,\frac{2}{5},SMT_2014_General_Solutions.pdf
SMT 2014 General #9,12,SMT_2014_General_Solutions.pdf
SMT 2014 General #10,18,SMT_2014_General_Solutions.pdf
SMT 2014 General #11,\frac{2}{3},SMT_2014_General_Solutions.pdf
SMT 2014 General #12,-\frac{1}{3},SMT_2014_General_Solutions.pdf
SMT 2014 General #13,38,SMT_2014_General_Solutions.pdf
SMT 2014 General #14,100,SMT_2014_General_Solutions.pdf
SMT 2014 General #15,\frac{180900}{1007}°,SMT_2014_General_Solutions.pdf
SMT 2014 General #16,365\frac{97}{400},SMT_2014_General_Solutions.pdf
SMT 2014 General #17,30,SMT_2014_General_Solutions.pdf
SMT 2014 General #18,2\sqrt{5},SMT_2014_General_Solutions.pdf
SMT 2014 General #19,8,SMT_2014_General_Solutions.pdf
SMT 2014 General #20,12,SMT_2014_General_Solutions.pdf
SMT 2014 General #21,\frac{53}{128},SMT_2014_General_Solutions.pdf
SMT 2014 General #22,23,SMT_2014_General_Solutions.pdf
SMT 2014 General #23,5,SMT_2014_General_Solutions.pdf
SMT 2014 General #24,49,SMT_2014_General_Solutions.pdf
SMT 2014 General #25,\frac{50}{3},SMT_2014_General_Solutions.pdf
SMT 2014 GeometryTiebreaker #1,\frac{1}{25},SMT_2014_GeometryTiebreaker_Solutions.pdf
SMT 2014 GeometryTiebreaker #2,\frac{1}{2},SMT_2014_GeometryTiebreaker_Solutions.pdf
SMT 2014 GeometryTiebreaker #3,\frac{9\sqrt{10}}{2},SMT_2014_GeometryTiebreaker_Solutions.pdf
SMT 2014 Geometry #1,18,SMT_2014_Geometry_Solutions.pdf
SMT 2014 Geometry #2,\frac{625\pi}{51},SMT_2014_Geometry_Solutions.pdf
SMT 2014 Geometry #3,2\sqrt{5},SMT_2014_Geometry_Solutions.pdf
SMT 2014 Geometry #4,\frac{50}{3},SMT_2014_Geometry_Solutions.pdf
SMT 2014 Geometry #5,150,SMT_2014_Geometry_Solutions.pdf
SMT 2014 Geometry #6,\frac{192\sqrt{3}}{169},SMT_2014_Geometry_Solutions.pdf
SMT 2014 Geometry #7,\frac{39\pi}{4},SMT_2014_Geometry_Solutions.pdf
SMT 2014 Geometry #8,\frac{\pi}{8} + \frac{\sqrt{2}}{2} + \frac{1}{4},SMT_2014_Geometry_Solutions.pdf
SMT 2014 Geometry #9,5\sqrt{11},SMT_2014_Geometry_Solutions.pdf
SMT 2014 Geometry #10,\frac{1560}{119},SMT_2014_Geometry_Solutions.pdf
SMT 2014 Power #1a,1001011001101001,SMT_2014_Power_Solutions.pdf
SMT 2014 Power #2a(i),25,SMT_2014_Power_Solutions.pdf
SMT 2014 Power #2c(i),210201210120210,SMT_2014_Power_Solutions.pdf
SMT 2014 Power #4a(i),\begin{array}{|c|c|c|c|} \hline \text{Round \#} & \text{Shooter} & P(A) & P(B) \\ \hline 3 & \text{Alice} & 35/81 & 10/27 \\ 4 & \text{Bob} & 35/81 & 106/243 \\ \hline \end{array},SMT_2014_Power_Solutions.pdf
SMT 2014 Power #4a(ii),\begin{array}{|c|c|c|c|} \hline \text{Round \#} & \text{Shooter} & P(A) & P(B) \\ \hline 0 & \text{Alice} & 1/4 & 0 \\ 1 & \text{Bob} & 1/4 & 3/16 \\ 2 & \text{Bob} & 1/4 & 21/64 \\ 3 & \text{Alice} & 91/256 & 21/64 \\ 4 & \text{Bob} & 91/256 & 417/1024 \\ \hline \end{array},SMT_2014_Power_Solutions.pdf
SMT 2014 Power #4d,p \leq \frac{3-\sqrt{5}}{2},SMT_2014_Power_Solutions.pdf
SMT 2014 Power #7a,"0, 1, 01, 10, 010, 101",SMT_2014_Power_Solutions.pdf
SMT 2014 Power #7c(i),210201210120210,SMT_2014_Power_Solutions.pdf
SMT 2014 Power #8c,\sqrt{2},SMT_2014_Power_Solutions.pdf
SMT 2014 Team #1,\frac{3}{2},SMT_2014_Team_Solutions.pdf
SMT 2014 Team #2,2,SMT_2014_Team_Solutions.pdf
SMT 2014 Team #3,\frac{4111}{6561},SMT_2014_Team_Solutions.pdf
SMT 2014 Team #4,8100,SMT_2014_Team_Solutions.pdf
SMT 2014 Team #5,\frac{162\sqrt{3}}{7},SMT_2014_Team_Solutions.pdf
SMT 2014 Team #6,1280,SMT_2014_Team_Solutions.pdf
SMT 2014 Team #7,\frac{1}{2},SMT_2014_Team_Solutions.pdf
SMT 2014 Team #8,\frac{3\sqrt{6}}{4},SMT_2014_Team_Solutions.pdf
SMT 2014 Team #9,11415525,SMT_2014_Team_Solutions.pdf
SMT 2014 Team #10,\frac{45-8\sqrt[4]{2}}{45},SMT_2014_Team_Solutions.pdf
SMT 2014 Team #11,44,SMT_2014_Team_Solutions.pdf
SMT 2014 Team #12,e^{-3\sqrt[3]{\frac{9}{2}}},SMT_2014_Team_Solutions.pdf
SMT 2014 Team #13,7041,SMT_2014_Team_Solutions.pdf
SMT 2014 Team #14,11\sqrt{101},SMT_2014_Team_Solutions.pdf
SMT 2014 Team #15,81,SMT_2014_Team_Solutions.pdf
SMT 2018 AlgebraTiebreaker #1,4,SMT_2018_AlgebraTiebreaker_Solutions.pdf
SMT 2018 AlgebraTiebreaker #2,\frac{11}{14},SMT_2018_AlgebraTiebreaker_Solutions.pdf
SMT 2018 AlgebraTiebreaker #3,2,SMT_2018_AlgebraTiebreaker_Solutions.pdf
SMT 2018 Algebra #1,3.60,SMT_2018_Algebra_Solutions.pdf
SMT 2018 Algebra #2,12,SMT_2018_Algebra_Solutions.pdf
SMT 2018 Algebra #3,\frac{13}{7},SMT_2018_Algebra_Solutions.pdf
SMT 2018 Algebra #4,"(9, 6), (-11, 6)",SMT_2018_Algebra_Solutions.pdf
SMT 2018 Algebra #5,2019,SMT_2018_Algebra_Solutions.pdf
SMT 2018 Algebra #6,49,SMT_2018_Algebra_Solutions.pdf
SMT 2018 Algebra #7,18,SMT_2018_Algebra_Solutions.pdf
SMT 2018 Algebra #8,113,SMT_2018_Algebra_Solutions.pdf
SMT 2018 Algebra #9,"18, 21, 25",SMT_2018_Algebra_Solutions.pdf
SMT 2018 Algebra #10,3027,SMT_2018_Algebra_Solutions.pdf
SMT 2018 CalculusTiebreaker #1,3,SMT_2018_CalculusTiebreaker_Solutions.pdf
SMT 2018 CalculusTiebreaker #2,325,SMT_2018_CalculusTiebreaker_Solutions.pdf
SMT 2018 CalculusTiebreaker #3,\frac{63\pi}{256},SMT_2018_CalculusTiebreaker_Solutions.pdf
SMT 2018 Calculus #1,3,SMT_2018_Calculus_Solutions.pdf
SMT 2018 Calculus #2,3,SMT_2018_Calculus_Solutions.pdf
SMT 2018 Calculus #3,4,SMT_2018_Calculus_Solutions.pdf
SMT 2018 Calculus #4,4\sqrt{2},SMT_2018_Calculus_Solutions.pdf
SMT 2018 Calculus #5,6,SMT_2018_Calculus_Solutions.pdf
SMT 2018 Calculus #6,\frac{1}{4},SMT_2018_Calculus_Solutions.pdf
SMT 2018 Calculus #7,12,SMT_2018_Calculus_Solutions.pdf
SMT 2018 Calculus #8,\frac{1}{2},SMT_2018_Calculus_Solutions.pdf
SMT 2018 Calculus #9,\frac{\pi^2}{4},SMT_2018_Calculus_Solutions.pdf
SMT 2018 Calculus #10,\frac{1}{e},SMT_2018_Calculus_Solutions.pdf
SMT 2018 DiscreteTiebreaker #1,605,SMT_2018_DiscreteTiebreaker_Solutions.pdf
SMT 2018 DiscreteTiebreaker #2,3640,SMT_2018_DiscreteTiebreaker_Solutions.pdf
SMT 2018 DiscreteTiebreaker #3,28501,SMT_2018_DiscreteTiebreaker_Solutions.pdf
SMT 2018 Discrete #1,\frac{11}{24},SMT_2018_Discrete_Solutions.pdf
SMT 2018 Discrete #2,3,SMT_2018_Discrete_Solutions.pdf
SMT 2018 Discrete #3,34,SMT_2018_Discrete_Solutions.pdf
SMT 2018 Discrete #4,495,SMT_2018_Discrete_Solutions.pdf
SMT 2018 Discrete #5,4028,SMT_2018_Discrete_Solutions.pdf
SMT 2018 Discrete #6,210,SMT_2018_Discrete_Solutions.pdf
SMT 2018 Discrete #7,\frac{2019}{1001},SMT_2018_Discrete_Solutions.pdf
SMT 2018 Discrete #8,1440,SMT_2018_Discrete_Solutions.pdf
SMT 2018 Discrete #9,16,SMT_2018_Discrete_Solutions.pdf
SMT 2018 Discrete #10,\frac{8}{3},SMT_2018_Discrete_Solutions.pdf
SMT 2018 GeneralTiebreaker #1,40,SMT_2018_GeneralTiebreaker_Solutions.pdf
SMT 2018 GeneralTiebreaker #2,3 + 2\sqrt{3},SMT_2018_GeneralTiebreaker_Solutions.pdf
SMT 2018 GeneralTiebreaker #3,12,SMT_2018_GeneralTiebreaker_Solutions.pdf
SMT 2018 General #1,30,SMT_2018_General_Solutions.pdf
SMT 2018 General #2,470,SMT_2018_General_Solutions.pdf
SMT 2018 General #3,\frac{3}{2},SMT_2018_General_Solutions.pdf
SMT 2018 General #4,36,SMT_2018_General_Solutions.pdf
SMT 2018 General #5,\frac{11}{2},SMT_2018_General_Solutions.pdf
SMT 2018 General #6,\frac{5}{11},SMT_2018_General_Solutions.pdf
SMT 2018 General #7,\frac{11}{24},SMT_2018_General_Solutions.pdf
SMT 2018 General #8,\frac{9\sqrt{3}}{8},SMT_2018_General_Solutions.pdf
SMT 2018 General #9,1997,SMT_2018_General_Solutions.pdf
SMT 2018 General #10,34,SMT_2018_General_Solutions.pdf
SMT 2018 General #11,2063,SMT_2018_General_Solutions.pdf
SMT 2018 General #12,48,SMT_2018_General_Solutions.pdf
SMT 2018 General #13,55,SMT_2018_General_Solutions.pdf
SMT 2018 General #14,208,SMT_2018_General_Solutions.pdf
SMT 2018 General #15,120,SMT_2018_General_Solutions.pdf
SMT 2018 General #16,3\sqrt{3} - 2\sqrt{5},SMT_2018_General_Solutions.pdf
SMT 2018 General #17,21,SMT_2018_General_Solutions.pdf
SMT 2018 General #18,17,SMT_2018_General_Solutions.pdf
SMT 2018 General #19,51,SMT_2018_General_Solutions.pdf
SMT 2018 General #20,2,SMT_2018_General_Solutions.pdf
SMT 2018 General #21,407,SMT_2018_General_Solutions.pdf
SMT 2018 General #22,495,SMT_2018_General_Solutions.pdf
SMT 2018 General #23,\frac{2\pi\sqrt{3}}{18},SMT_2018_General_Solutions.pdf
SMT 2018 General #24,650,SMT_2018_General_Solutions.pdf
SMT 2018 General #25,3,SMT_2018_General_Solutions.pdf
SMT 2018 GeometryTiebreaker #1,210,SMT_2018_GeometryTiebreaker_Solutions.pdf
SMT 2018 GeometryTiebreaker #2,12\sqrt{3} - 6\sqrt{2},SMT_2018_GeometryTiebreaker_Solutions.pdf
SMT 2018 GeometryTiebreaker #3,\frac{8\sqrt{5}}{5},SMT_2018_GeometryTiebreaker_Solutions.pdf
SMT 2018 Geometry #1,2\sqrt{5},SMT_2018_Geometry_Solutions.pdf
SMT 2018 Geometry #2,25,SMT_2018_Geometry_Solutions.pdf
SMT 2018 Geometry #3,3 + \sqrt{3},SMT_2018_Geometry_Solutions.pdf
SMT 2018 Geometry #4,4 - 2\sqrt{3},SMT_2018_Geometry_Solutions.pdf
SMT 2018 Geometry #5,85,SMT_2018_Geometry_Solutions.pdf
SMT 2018 Geometry #6,\sqrt{61},SMT_2018_Geometry_Solutions.pdf
SMT 2018 Geometry #7,\frac{\sqrt{2}}{3},SMT_2018_Geometry_Solutions.pdf
SMT 2018 Geometry #8,\frac{136}{3},SMT_2018_Geometry_Solutions.pdf
SMT 2018 Geometry #9,11,SMT_2018_Geometry_Solutions.pdf
SMT 2018 Geometry #10,\frac{8\sqrt{6}}{9},SMT_2018_Geometry_Solutions.pdf
SMT 2018 Team #1,1479,SMT_2018_Team_Solutions.pdf
SMT 2018 Team #2,41,SMT_2018_Team_Solutions.pdf
SMT 2018 Team #3,201,SMT_2018_Team_Solutions.pdf
SMT 2018 Team #4,56,SMT_2018_Team_Solutions.pdf
SMT 2018 Team #5,5,SMT_2018_Team_Solutions.pdf
SMT 2018 Team #6,\frac{3}{2017},SMT_2018_Team_Solutions.pdf
SMT 2018 Team #7,\frac{3}{2},SMT_2018_Team_Solutions.pdf
SMT 2018 Team #8,32,SMT_2018_Team_Solutions.pdf
SMT 2018 Team #9,32,SMT_2018_Team_Solutions.pdf
SMT 2018 Team #10,2156,SMT_2018_Team_Solutions.pdf
SMT 2018 Team #11,\frac{21}{4},SMT_2018_Team_Solutions.pdf
SMT 2018 Team #12,2 \ln 2 - 1,SMT_2018_Team_Solutions.pdf
SMT 2018 Team #13,1011,SMT_2018_Team_Solutions.pdf
SMT 2018 Team #14,\frac{4}{9\pi},SMT_2018_Team_Solutions.pdf
SMT 2018 Team #15,\frac{161}{30},SMT_2018_Team_Solutions.pdf
SMT 2019 AlgebraTiebreaker #1,2501,SMT_2019_AlgebraTiebreaker_Solutions.pdf
SMT 2019 AlgebraTiebreaker #2,4,SMT_2019_AlgebraTiebreaker_Solutions.pdf
SMT 2019 AlgebraTiebreaker #3,36,SMT_2019_AlgebraTiebreaker_Solutions.pdf
SMT 2019 Algebra #1,163,SMT_2019_Algebra_Solutions.pdf
SMT 2019 Algebra #2,305,SMT_2019_Algebra_Solutions.pdf
SMT 2019 Algebra #3,-21,SMT_2019_Algebra_Solutions.pdf
SMT 2019 Algebra #4,10,SMT_2019_Algebra_Solutions.pdf
SMT 2019 Algebra #5,\frac{1}{6},SMT_2019_Algebra_Solutions.pdf
SMT 2019 Algebra #6,\frac{5}{3},SMT_2019_Algebra_Solutions.pdf
SMT 2019 Algebra #7,2 + 2\sqrt{2},SMT_2019_Algebra_Solutions.pdf
SMT 2019 Algebra #8,273,SMT_2019_Algebra_Solutions.pdf
SMT 2019 Algebra #9,10000,SMT_2019_Algebra_Solutions.pdf
SMT 2019 Algebra #10,673,SMT_2019_Algebra_Solutions.pdf
SMT 2019 CalculusTiebreaker #1,4038,SMT_2019_CalculusTiebreaker_Solutions.pdf
SMT 2019 CalculusTiebreaker #2,\frac{1}{1024},SMT_2019_CalculusTiebreaker_Solutions.pdf
SMT 2019 CalculusTiebreaker #3,10 \ln(10^7 + 1),SMT_2019_CalculusTiebreaker_Solutions.pdf
SMT 2019 Calculus #1,\frac{8\pi^3}{3},SMT_2019_Calculus_Solutions.pdf
SMT 2019 Calculus #2,e^{-2},SMT_2019_Calculus_Solutions.pdf
SMT 2019 Calculus #3,\frac{\sqrt{2}}{6},SMT_2019_Calculus_Solutions.pdf
SMT 2019 Calculus #4,2\sqrt{e},SMT_2019_Calculus_Solutions.pdf
SMT 2019 Calculus #5,-\frac{1}{4038},SMT_2019_Calculus_Solutions.pdf
SMT 2019 Calculus #6,6,SMT_2019_Calculus_Solutions.pdf
SMT 2019 Calculus #7,\frac{40}{9} - 2\ln 3,SMT_2019_Calculus_Solutions.pdf
SMT 2019 Calculus #8,-\frac{e}{2},SMT_2019_Calculus_Solutions.pdf
SMT 2019 Calculus #9,\frac{1}{12},SMT_2019_Calculus_Solutions.pdf
SMT 2019 Calculus #10,\frac{\pi\sqrt{3}}{6}\ln 3,SMT_2019_Calculus_Solutions.pdf
SMT 2019 DiscreteTiebreaker #1,6305,SMT_2019_DiscreteTiebreaker_Solutions.pdf
SMT 2019 DiscreteTiebreaker #2,514,SMT_2019_DiscreteTiebreaker_Solutions.pdf
SMT 2019 DiscreteTiebreaker #3,1536,SMT_2019_DiscreteTiebreaker_Solutions.pdf
SMT 2019 Discrete #1,289,SMT_2019_Discrete_Solutions.pdf
SMT 2019 Discrete #2,512,SMT_2019_Discrete_Solutions.pdf
SMT 2019 Discrete #3,7350,SMT_2019_Discrete_Solutions.pdf
SMT 2019 Discrete #4,\frac{9}{2},SMT_2019_Discrete_Solutions.pdf
SMT 2019 Discrete #5,90,SMT_2019_Discrete_Solutions.pdf
SMT 2019 Discrete #6,\frac{1}{182},SMT_2019_Discrete_Solutions.pdf
SMT 2019 Discrete #7,2950,SMT_2019_Discrete_Solutions.pdf
SMT 2019 Discrete #8,141,SMT_2019_Discrete_Solutions.pdf
SMT 2019 Discrete #9,1785,SMT_2019_Discrete_Solutions.pdf
SMT 2019 Discrete #10,59,SMT_2019_Discrete_Solutions.pdf
SMT 2019 GeneralTiebreaker #1,49,SMT_2019_GeneralTiebreaker_Solutions.pdf
SMT 2019 GeneralTiebreaker #2,"(4,16)",SMT_2019_GeneralTiebreaker_Solutions.pdf
SMT 2019 GeneralTiebreaker #3,123904,SMT_2019_GeneralTiebreaker_Solutions.pdf
SMT 2019 General #1,32,SMT_2019_General_Solutions.pdf
SMT 2019 General #2,-101,SMT_2019_General_Solutions.pdf
SMT 2019 General #3,106,SMT_2019_General_Solutions.pdf
SMT 2019 General #4,\frac{3}{2},SMT_2019_General_Solutions.pdf
SMT 2019 General #5,48,SMT_2019_General_Solutions.pdf
SMT 2019 General #6,\frac{14\pi}{3},SMT_2019_General_Solutions.pdf
SMT 2019 General #7,18,SMT_2019_General_Solutions.pdf
SMT 2019 General #8,12,SMT_2019_General_Solutions.pdf
SMT 2019 General #9,6,SMT_2019_General_Solutions.pdf
SMT 2019 General #10,82,SMT_2019_General_Solutions.pdf
SMT 2019 General #11,2,SMT_2019_General_Solutions.pdf
SMT 2019 General #12,44,SMT_2019_General_Solutions.pdf
SMT 2019 General #13,4,SMT_2019_General_Solutions.pdf
SMT 2019 General #14,\frac{9}{4},SMT_2019_General_Solutions.pdf
SMT 2019 General #15,23,SMT_2019_General_Solutions.pdf
SMT 2019 General #16,\frac{36\sqrt{3}}{\pi},SMT_2019_General_Solutions.pdf
SMT 2019 General #17,45°,SMT_2019_General_Solutions.pdf
SMT 2019 General #18,\frac{893}{1020},SMT_2019_General_Solutions.pdf
SMT 2019 General #19,512,SMT_2019_General_Solutions.pdf
SMT 2019 General #20,\sqrt{4964} = 2\sqrt{1241},SMT_2019_General_Solutions.pdf
SMT 2019 General #21,4,SMT_2019_General_Solutions.pdf
SMT 2019 General #22,4911,SMT_2019_General_Solutions.pdf
SMT 2019 General #23,-21,SMT_2019_General_Solutions.pdf
SMT 2019 General #24,72 + 4\pi - 8\sqrt{3},SMT_2019_General_Solutions.pdf
SMT 2019 General #25,\frac{9842}{19683},SMT_2019_General_Solutions.pdf
SMT 2019 GeometryTiebreaker #1,\sqrt{39},SMT_2019_GeometryTiebreaker_Solutions.pdf
SMT 2019 GeometryTiebreaker #2,10\sqrt{5},SMT_2019_GeometryTiebreaker_Solutions.pdf
SMT 2019 GeometryTiebreaker #3,7,SMT_2019_GeometryTiebreaker_Solutions.pdf
SMT 2019 Geometry #1,\frac{3}{4},SMT_2019_Geometry_Solutions.pdf
SMT 2019 Geometry #2,2,SMT_2019_Geometry_Solutions.pdf
SMT 2019 Geometry #3,15°,SMT_2019_Geometry_Solutions.pdf
SMT 2019 Geometry #4,6,SMT_2019_Geometry_Solutions.pdf
SMT 2019 Geometry #5,\frac{6\sqrt{3}}{5},SMT_2019_Geometry_Solutions.pdf
SMT 2019 Geometry #6,\frac{441}{4},SMT_2019_Geometry_Solutions.pdf
SMT 2019 Geometry #7,\frac{9}{4},SMT_2019_Geometry_Solutions.pdf
SMT 2019 Geometry #8,3 + \sqrt{13},SMT_2019_Geometry_Solutions.pdf
SMT 2019 Geometry #9,12\sqrt{2},SMT_2019_Geometry_Solutions.pdf
SMT 2019 Geometry #10,26,SMT_2019_Geometry_Solutions.pdf
SMT 2019 Power #1,"\{2, 3, 4, 5, 6, 7, 8, 9, 11, 12, 14, 16\}",SMT_2019_Power_Solutions.pdf
SMT 2019 Power #3a,2n + 1,SMT_2019_Power_Solutions.pdf
SMT 2019 Power #3b,3n,SMT_2019_Power_Solutions.pdf
SMT 2019 Power #5a,Yes,SMT_2019_Power_Solutions.pdf
SMT 2019 Power #5b,Yes,SMT_2019_Power_Solutions.pdf
SMT 2019 Power #6a,"A = \{0, 2, 3, 5\}, B = \{0, 4, 6, 8\}, C = \{0, 1, 3, 7\} \text{ or } \{0, 1, 3, 5, 7\}",SMT_2019_Power_Solutions.pdf
SMT 2019 Power #6b,No,SMT_2019_Power_Solutions.pdf
SMT 2019 Power #7a,0,SMT_2019_Power_Solutions.pdf
SMT 2019 Power #7b,9,SMT_2019_Power_Solutions.pdf
SMT 2019 Power #7c,477,SMT_2019_Power_Solutions.pdf
SMT 2019 Power #8,\lceil \sqrt[n]{m} \rceil,SMT_2019_Power_Solutions.pdf
SMT 2019 Power #10a,|A + B| \leq |A| \cdot |B|,SMT_2019_Power_Solutions.pdf
SMT 2019 Power #10b,|A + B| \geq |A| + |B| - 1,SMT_2019_Power_Solutions.pdf
SMT 2019 Power #11a,7,SMT_2019_Power_Solutions.pdf
SMT 2019 Power #11b,11,SMT_2019_Power_Solutions.pdf
SMT 2019 Power #11c,0,SMT_2019_Power_Solutions.pdf
SMT 2019 Power #11d,12,SMT_2019_Power_Solutions.pdf
SMT 2019 Power #12a,"\{0, 1, 2, 3, 4\}",SMT_2019_Power_Solutions.pdf
SMT 2019 Power #12b,"\{0, 2, 4, 5, 6\}",SMT_2019_Power_Solutions.pdf
SMT 2019 Power #12c,"\{1, 3, 4, 5, 6\}",SMT_2019_Power_Solutions.pdf
SMT 2019 Power #16a,"\text{Min: } 2n - 1, \text{ Max: } \binom{n+1}{2}",SMT_2019_Power_Solutions.pdf
SMT 2019 Power #16c,5,SMT_2019_Power_Solutions.pdf
SMT 2019 Power #18a,No,SMT_2019_Power_Solutions.pdf
SMT 2019 Power #18b,Yes,SMT_2019_Power_Solutions.pdf
SMT 2019 Power #18c,No,SMT_2019_Power_Solutions.pdf
SMT 2019 Team #1,21,SMT_2019_Team_Solutions.pdf
SMT 2019 Team #2,48,SMT_2019_Team_Solutions.pdf
SMT 2019 Team #3,8,SMT_2019_Team_Solutions.pdf
SMT 2019 Team #4,90,SMT_2019_Team_Solutions.pdf
SMT 2019 Team #5,\frac{19}{7},SMT_2019_Team_Solutions.pdf
SMT 2019 Team #6,\sqrt{2},SMT_2019_Team_Solutions.pdf
SMT 2019 Team #7,4037,SMT_2019_Team_Solutions.pdf
SMT 2019 Team #8,3,SMT_2019_Team_Solutions.pdf
SMT 2019 Team #9,59,SMT_2019_Team_Solutions.pdf
SMT 2019 Team #10,\frac{113}{6},SMT_2019_Team_Solutions.pdf
SMT 2019 Team #11,4033,SMT_2019_Team_Solutions.pdf
SMT 2019 Team #12,5,SMT_2019_Team_Solutions.pdf
SMT 2019 Team #13,18,SMT_2019_Team_Solutions.pdf
SMT 2019 Team #14,\frac{\pi^2}{12},SMT_2019_Team_Solutions.pdf
SMT 2019 Team #15,124,SMT_2019_Team_Solutions.pdf
SMT 2020 AlgebraTiebreaker #1,45,SMT_2020_AlgebraTiebreaker_Solutions.pdf
SMT 2020 AlgebraTiebreaker #2,-1129.5,SMT_2020_AlgebraTiebreaker_Solutions.pdf
SMT 2020 AlgebraTiebreaker #3,12,SMT_2020_AlgebraTiebreaker_Solutions.pdf
SMT 2020 Algebra #1,2221,SMT_2020_Algebra_Solutions.pdf
SMT 2020 Algebra #2,202020,SMT_2020_Algebra_Solutions.pdf
SMT 2020 Algebra #3,48,SMT_2020_Algebra_Solutions.pdf
SMT 2020 Algebra #4,-480,SMT_2020_Algebra_Solutions.pdf
SMT 2020 Algebra #5,10\sqrt{101},SMT_2020_Algebra_Solutions.pdf
SMT 2020 Algebra #6,2,SMT_2020_Algebra_Solutions.pdf
SMT 2020 Algebra #7,-\frac{\sqrt{6}+\sqrt{2}}{2},SMT_2020_Algebra_Solutions.pdf
SMT 2020 Algebra #8,672,SMT_2020_Algebra_Solutions.pdf
SMT 2020 Algebra #9,2022,SMT_2020_Algebra_Solutions.pdf
SMT 2020 Algebra #10,43,SMT_2020_Algebra_Solutions.pdf
SMT 2020 CalculusTiebreaker #1,\ln(\frac{1}{2} + \ln 2),SMT_2020_CalculusTiebreaker_Solutions.pdf
SMT 2020 CalculusTiebreaker #2,\frac{\pi-1}{2} - \frac{1}{2}\ln(2 - 2\cos 1),SMT_2020_CalculusTiebreaker_Solutions.pdf
SMT 2020 CalculusTiebreaker #3,2044240e^2,SMT_2020_CalculusTiebreaker_Solutions.pdf
SMT 2020 Calculus #1,50,SMT_2020_Calculus_Solutions.pdf
SMT 2020 Calculus #2,\frac{1}{2e},SMT_2020_Calculus_Solutions.pdf
SMT 2020 Calculus #3,\frac{4\pi^3}{3},SMT_2020_Calculus_Solutions.pdf
SMT 2020 Calculus #4,0,SMT_2020_Calculus_Solutions.pdf
SMT 2020 Calculus #5,4084442e,SMT_2020_Calculus_Solutions.pdf
SMT 2020 Calculus #6,-\log(2) + \frac{1}{2},SMT_2020_Calculus_Solutions.pdf
SMT 2020 Calculus #7,\ln(\ln 2020),SMT_2020_Calculus_Solutions.pdf
SMT 2020 Calculus #8,\frac{\pi}{20},SMT_2020_Calculus_Solutions.pdf
SMT 2020 Calculus #9,\frac{\pi^2}{4},SMT_2020_Calculus_Solutions.pdf
SMT 2020 Calculus #10,1300,SMT_2020_Calculus_Solutions.pdf
SMT 2020 DiscreteTiebreaker #1,\frac{11}{18},SMT_2020_DiscreteTiebreaker_Solutions.pdf
SMT 2020 DiscreteTiebreaker #2,530,SMT_2020_DiscreteTiebreaker_Solutions.pdf
SMT 2020 DiscreteTiebreaker #3,38880,SMT_2020_DiscreteTiebreaker_Solutions.pdf
SMT 2020 Discrete #1,573,SMT_2020_Discrete_Solutions.pdf
SMT 2020 Discrete #2,\frac{6}{19},SMT_2020_Discrete_Solutions.pdf
SMT 2020 Discrete #3,2008,SMT_2020_Discrete_Solutions.pdf
SMT 2020 Discrete #4,351480,SMT_2020_Discrete_Solutions.pdf
SMT 2020 Discrete #5,7,SMT_2020_Discrete_Solutions.pdf
SMT 2020 Discrete #6,\frac{19}{116},SMT_2020_Discrete_Solutions.pdf
SMT 2020 Discrete #7,\frac{1}{6},SMT_2020_Discrete_Solutions.pdf
SMT 2020 Discrete #8,4356,SMT_2020_Discrete_Solutions.pdf
SMT 2020 Discrete #9,2570,SMT_2020_Discrete_Solutions.pdf
SMT 2020 Discrete #10,30277,SMT_2020_Discrete_Solutions.pdf
SMT 2020 GeneralTiebreaker #1,69760,SMT_2020_GeneralTiebreaker_Solutions.pdf
SMT 2020 GeneralTiebreaker #2,14\pi\text{cm}^2,SMT_2020_GeneralTiebreaker_Solutions.pdf
SMT 2020 GeneralTiebreaker #3,12,SMT_2020_GeneralTiebreaker_Solutions.pdf
SMT 2020 General #1,300\pi,SMT_2020_General_Solutions.pdf
SMT 2020 General #2,1680,SMT_2020_General_Solutions.pdf
SMT 2020 General #3,12,SMT_2020_General_Solutions.pdf
SMT 2020 General #4,5,SMT_2020_General_Solutions.pdf
SMT 2020 General #5,1040,SMT_2020_General_Solutions.pdf
SMT 2020 General #6,5,SMT_2020_General_Solutions.pdf
SMT 2020 General #7,225,SMT_2020_General_Solutions.pdf
SMT 2020 General #8,\frac{1-\sqrt{113}}{14},SMT_2020_General_Solutions.pdf
SMT 2020 General #9,34,SMT_2020_General_Solutions.pdf
SMT 2020 General #10,39,SMT_2020_General_Solutions.pdf
SMT 2020 General #11,4,SMT_2020_General_Solutions.pdf
SMT 2020 General #12,\frac{7}{20},SMT_2020_General_Solutions.pdf
SMT 2020 General #13,-24,SMT_2020_General_Solutions.pdf
SMT 2020 General #14,827,SMT_2020_General_Solutions.pdf
SMT 2020 General #15,\frac{5+3\sqrt{2}}{2},SMT_2020_General_Solutions.pdf
SMT 2020 General #16,"(8, 7)",SMT_2020_General_Solutions.pdf
SMT 2020 General #17,13,SMT_2020_General_Solutions.pdf
SMT 2020 General #18,"(3, 673) \text{ and } (673, 3)",SMT_2020_General_Solutions.pdf
SMT 2020 General #19,7 - 4\sqrt{3},SMT_2020_General_Solutions.pdf
SMT 2020 General #20,\frac{45}{38},SMT_2020_General_Solutions.pdf
SMT 2020 General #21,5,SMT_2020_General_Solutions.pdf
SMT 2020 General #22,64,SMT_2020_General_Solutions.pdf
SMT 2020 General #23,\frac{672}{673},SMT_2020_General_Solutions.pdf
SMT 2020 General #24,188,SMT_2020_General_Solutions.pdf
SMT 2020 General #25,144,SMT_2020_General_Solutions.pdf
SMT 2020 GeometryTiebreaker #1,24,SMT_2020_GeometryTiebreaker_Solutions.pdf
SMT 2020 GeometryTiebreaker #2,76,SMT_2020_GeometryTiebreaker_Solutions.pdf
SMT 2020 GeometryTiebreaker #3,30\sqrt{3} - 20,SMT_2020_GeometryTiebreaker_Solutions.pdf
SMT 2020 Geometry #1,4,SMT_2020_Geometry_Solutions.pdf
SMT 2020 Geometry #2,1,SMT_2020_Geometry_Solutions.pdf
SMT 2020 Geometry #3,\frac{45}{38},SMT_2020_Geometry_Solutions.pdf
SMT 2020 Geometry #4,25,SMT_2020_Geometry_Solutions.pdf
SMT 2020 Geometry #5,19,SMT_2020_Geometry_Solutions.pdf
SMT 2020 Geometry #6,"(8, 7)",SMT_2020_Geometry_Solutions.pdf
SMT 2020 Geometry #7,\frac{20\sqrt{14}}{9},SMT_2020_Geometry_Solutions.pdf
SMT 2020 Geometry #8,\frac{441\pi}{10} + 24\sqrt{5},SMT_2020_Geometry_Solutions.pdf
SMT 2020 Geometry #9,234,SMT_2020_Geometry_Solutions.pdf
SMT 2020 Geometry #10,6,SMT_2020_Geometry_Solutions.pdf
SMT 2020 Power #1,Q(x) = x + 1,SMT_2020_Power_Solutions.pdf
SMT 2020 Power #2a,q_n = \frac{(A^n-1)B}{A-1},SMT_2020_Power_Solutions.pdf
SMT 2020 Power #2b,q_j - q_i = A^i q_{j-i},SMT_2020_Power_Solutions.pdf
SMT 2020 Power #4c,f(n) = n(n-1),SMT_2020_Power_Solutions.pdf
SMT 2020 Power #6a,"v_2(2020) = 2, v_5(2020) = 1, v_{101}(2020) = 1",SMT_2020_Power_Solutions.pdf
SMT 2020 Power #6b,"0, 1, 0, 2, 0, 1, 0, 3, 0, 1, 0, 2, 0, 1, 0, 4, 0, 1, 0, 2",SMT_2020_Power_Solutions.pdf
SMT 2020 Power #9a,5^4,SMT_2020_Power_Solutions.pdf
SMT 2020 Power #11a,"1, 2, 2^2, ...",SMT_2020_Power_Solutions.pdf
SMT 2020 Power #18a,"N(r,2) = r + 1",SMT_2020_Power_Solutions.pdf
SMT 2020 Team #1,69,SMT_2020_Team_Solutions.pdf
SMT 2020 Team #2,\frac{97\sqrt{3}}{4},SMT_2020_Team_Solutions.pdf
SMT 2020 Team #3,51,SMT_2020_Team_Solutions.pdf
SMT 2020 Team #4,7,SMT_2020_Team_Solutions.pdf
SMT 2020 Team #5,\ln 9 - \frac{3}{2},SMT_2020_Team_Solutions.pdf
SMT 2020 Team #6,1010,SMT_2020_Team_Solutions.pdf
SMT 2020 Team #7,6055,SMT_2020_Team_Solutions.pdf
SMT 2020 Team #8,9,SMT_2020_Team_Solutions.pdf
SMT 2020 Team #9,\frac{4}{3},SMT_2020_Team_Solutions.pdf
SMT 2020 Team #10,\frac{25}{256},SMT_2020_Team_Solutions.pdf
SMT 2020 Team #11,\frac{4}{3} - \ln(3),SMT_2020_Team_Solutions.pdf
SMT 2020 Team #12,\frac{4\sqrt{3}+6}{3},SMT_2020_Team_Solutions.pdf
SMT 2020 Team #13,152,SMT_2020_Team_Solutions.pdf
SMT 2020 Team #14,e^2 - e,SMT_2020_Team_Solutions.pdf
SMT 2020 Team #15,\pi \ln (7),SMT_2020_Team_Solutions.pdf
SMT 2021 AlgebraTiebreaker #1,64,SMT_2021_AlgebraTiebreaker_Solutions.pdf
SMT 2021 AlgebraTiebreaker #2,4,SMT_2021_AlgebraTiebreaker_Solutions.pdf
SMT 2021 AlgebraTiebreaker #3,2207,SMT_2021_AlgebraTiebreaker_Solutions.pdf
SMT 2021 Algebra #1,63x - 62,SMT_2021_Algebra_Solutions.pdf
SMT 2021 Algebra #2,2,SMT_2021_Algebra_Solutions.pdf
SMT 2021 Algebra #3,"A = 21, B = 291",SMT_2021_Algebra_Solutions.pdf
SMT 2021 Algebra #4,7,SMT_2021_Algebra_Solutions.pdf
SMT 2021 Algebra #5,\sqrt{\frac{-1+\sqrt{101}}{2}},SMT_2021_Algebra_Solutions.pdf
SMT 2021 Algebra #6,6160,SMT_2021_Algebra_Solutions.pdf
SMT 2021 Algebra #7,42,SMT_2021_Algebra_Solutions.pdf
SMT 2021 Algebra #8,\frac{9}{17},SMT_2021_Algebra_Solutions.pdf
SMT 2021 Algebra #9,69,SMT_2021_Algebra_Solutions.pdf
SMT 2021 Algebra #10,8,SMT_2021_Algebra_Solutions.pdf
SMT 2021 GeneralTiebreaker #1,840,SMT_2021_GeneralTiebreaker_Solutions.pdf
SMT 2021 GeneralTiebreaker #2,5\sqrt{119},SMT_2021_GeneralTiebreaker_Solutions.pdf
SMT 2021 GeneralTiebreaker #3,602,SMT_2021_GeneralTiebreaker_Solutions.pdf
SMT 2021 General #1,225°,SMT_2021_General_Solutions.pdf
SMT 2021 General #2,34,SMT_2021_General_Solutions.pdf
SMT 2021 General #3,46,SMT_2021_General_Solutions.pdf
SMT 2021 General #4,\sqrt{5/\pi},SMT_2021_General_Solutions.pdf
SMT 2021 General #5,4950,SMT_2021_General_Solutions.pdf
SMT 2021 General #6,1932,SMT_2021_General_Solutions.pdf
SMT 2021 General #7,\frac{25\pi}{8},SMT_2021_General_Solutions.pdf
SMT 2021 General #8,335,SMT_2021_General_Solutions.pdf
SMT 2021 General #9,32768,SMT_2021_General_Solutions.pdf
SMT 2021 General #10,75°,SMT_2021_General_Solutions.pdf
SMT 2021 General #11,\frac{3x+1}{4x+1},SMT_2021_General_Solutions.pdf
SMT 2021 General #12,\frac{15}{2},SMT_2021_General_Solutions.pdf
SMT 2021 General #13,30,SMT_2021_General_Solutions.pdf
SMT 2021 General #14,63001,SMT_2021_General_Solutions.pdf
SMT 2021 General #15,\frac{12}{53},SMT_2021_General_Solutions.pdf
SMT 2021 General #16,4 - 2\sqrt{2},SMT_2021_General_Solutions.pdf
SMT 2021 General #17,\sqrt{3} - 1,SMT_2021_General_Solutions.pdf
SMT 2021 General #18,23040,SMT_2021_General_Solutions.pdf
SMT 2021 General #19,8,SMT_2021_General_Solutions.pdf
SMT 2021 General #20,\frac{1}{7},SMT_2021_General_Solutions.pdf
SMT 2021 General #21,5\sqrt{119},SMT_2021_General_Solutions.pdf
SMT 2021 General #22,4001,SMT_2021_General_Solutions.pdf
SMT 2021 GeometryTiebreaker #1,\frac{\sqrt{3}}{2},SMT_2021_GeometryTiebreaker_Solutions.pdf
SMT 2021 GeometryTiebreaker #2,\frac{1}{4} + \frac{\pi}{8},SMT_2021_GeometryTiebreaker_Solutions.pdf
SMT 2021 GeometryTiebreaker #3,5,SMT_2021_GeometryTiebreaker_Solutions.pdf
SMT 2021 Geometry #1,\frac{14}{5},SMT_2021_Geometry_Solutions.pdf
SMT 2021 Geometry #2,"\frac{14,450\pi}{3} - \frac{7,225\sqrt{3}}{2}",SMT_2021_Geometry_Solutions.pdf
SMT 2021 Geometry #3,\frac{\pi}{2},SMT_2021_Geometry_Solutions.pdf
SMT 2021 Geometry #4,\frac{845}{33},SMT_2021_Geometry_Solutions.pdf
SMT 2021 Geometry #5,1,SMT_2021_Geometry_Solutions.pdf
SMT 2021 Geometry #6,\frac{65}{8},SMT_2021_Geometry_Solutions.pdf
SMT 2021 Geometry #7,9,SMT_2021_Geometry_Solutions.pdf
SMT 2021 Geometry #8,68,SMT_2021_Geometry_Solutions.pdf
SMT 2021 Geometry #9,70,SMT_2021_Geometry_Solutions.pdf
SMT 2021 Geometry #10,\sqrt{3} - 1,SMT_2021_Geometry_Solutions.pdf
SMT 2021 Power #1a,1,SMT_2021_Power_Solutions.pdf
SMT 2021 Power #1b,6,SMT_2021_Power_Solutions.pdf
SMT 2021 Power #1c,2,SMT_2021_Power_Solutions.pdf
SMT 2021 Power #1d,5,SMT_2021_Power_Solutions.pdf
SMT 2021 Power #2a,k = 3,SMT_2021_Power_Solutions.pdf
SMT 2021 Power #3c,a^{p-1} \equiv 1 \pmod{p},SMT_2021_Power_Solutions.pdf
SMT 2021 Power #4a,a_{p-2} \equiv 0 \pmod{p},SMT_2021_Power_Solutions.pdf
SMT 2021 Power #5a,"p = 5: \{1, 4\}, \{2, 3\}; p = 11: \{1, 10\}, \{2, 5, 6, 9\}, \{3, 4, 7, 8\}; p = 13: \{1, 12\}, \{2, 6, 7, 11\}, \{3, 4, 9, 10\}, \{5, 8\}",SMT_2021_Power_Solutions.pdf
SMT 2021 Power #5d,p \equiv 1 \pmod{4},SMT_2021_Power_Solutions.pdf
SMT 2021 Power #6,"p \equiv 1, 7 \pmod{8}",SMT_2021_Power_Solutions.pdf
SMT 2021 Power #8,w = 1,SMT_2021_Power_Solutions.pdf
SMT 2021 Power #11,"w(\gamma_r) = 1, w(f \circ \gamma_r) = -1",SMT_2021_Power_Solutions.pdf
SMT 2021 Power #13a,|9z^8 + 8iz^7| = |8iz - 9|,SMT_2021_Power_Solutions.pdf
SMT 2021 Power #13b,"w(f \circ \gamma_1) = 7, w(g \circ \gamma_1) = 1, w(h \circ \gamma_1) = 0",SMT_2021_Power_Solutions.pdf
SMT 2021 Power #13c,w(k \circ \gamma_1) = 8,SMT_2021_Power_Solutions.pdf
SMT 2021 Power #14a,w(p \circ \gamma_r) = 3,SMT_2021_Power_Solutions.pdf
SMT 2021 Power #14b,w(p \circ \gamma_0) = 0,SMT_2021_Power_Solutions.pdf
SMT 2021 Power #16a,w(g \circ \gamma_1) = 1,SMT_2021_Power_Solutions.pdf
SMT 2021 Power #16b,w(g \circ \gamma_0) = 0,SMT_2021_Power_Solutions.pdf
SMT 2021 Power #18a,"\phi(5) = 4, \phi(15) = 8, \phi(45) = 24",SMT_2021_Power_Solutions.pdf
SMT 2021 Power #18b,\phi(n) = \prod_{i=1}^l (p_i - 1)p_i^{k_i-1},SMT_2021_Power_Solutions.pdf
SMT 2021 Power #19b,\sum_{d|n} \phi(d) = n,SMT_2021_Power_Solutions.pdf
SMT 2021 Power #21b,x^7 - 1 = (x-1)(x^6 + x^5 + \cdots + 1); x^{12} - 1 = (x-1)(x+1)(x^2+1)(x^2+x+1)(x^2-x+1)(x^4-x^2+1); x^{27} - 1 = (x-1)(x^2+x+1)(x^6+x^3+1)(x^{18}+x^9+1),SMT_2021_Power_Solutions.pdf
SMT 2021 Power #22b,\prod_{d|n} \Phi_d(x) = x^n - 1,SMT_2021_Power_Solutions.pdf
SMT 2021 Power #24a,\Phi_7(x) = x^6 + x^5 + \cdots + 1; \Phi_{12}(x) = x^4 - x^2 + 1; \Phi_{27}(x) = x^{18} + x^9 + 1,SMT_2021_Power_Solutions.pdf
SMT 2021 Power #24b,\Phi_p(x) = x^{p-1} + x^{p-2} + \cdots + 1; \Phi_{p^k}(x) = \Phi_p(x^{p^{k-1}}),SMT_2021_Power_Solutions.pdf
SMT 2021 Power #24c,\Phi_{2p}(x) = \Phi_p(-x); \Phi_{2^k p}(x) = \Phi_{p^k}(-x),SMT_2021_Power_Solutions.pdf
SMT 2021 Power #24d,\Phi_{p^k m}(x) = \Phi_m(x^{p^k})/\Phi_m(x^{p^{k-1}}),SMT_2021_Power_Solutions.pdf
SMT 2021 Power #26a,(x^2+x+1)(x^2-x+1),SMT_2021_Power_Solutions.pdf
SMT 2021 Power #26b,\Phi_n(x^k) = \prod_{d|k} \Phi_{dn}(x),SMT_2021_Power_Solutions.pdf
SMT 2021 Power #27,\Phi_n(1) = 1 \text{ if } n \text{ is not a prime power}; \Phi_n(1) = p \text{ if } n \text{ is a prime power of } p,SMT_2021_Power_Solutions.pdf
SMT 2021 Power #30c,\Phi_p(x) \text{ is irreducible},SMT_2021_Power_Solutions.pdf
SMT 2021 Power #34a,\phi(n) = n\prod_{p|n}(1-\frac{1}{p}),SMT_2021_Power_Solutions.pdf
SMT 2021 Power #34b,\Phi_n(x) = \prod_{d|n} (x^d - 1)^{\mu(n/d)},SMT_2021_Power_Solutions.pdf
SMT 2021 Power #34c,\mu(n),SMT_2021_Power_Solutions.pdf
SMT 2021 Power #35a,"\text{coefficients lie in } \{0, \pm 1\}",SMT_2021_Power_Solutions.pdf
SMT 2021 Power #35b,\Phi_{7 \cdot 11 \cdot 13}(x) \text{ is not flat},SMT_2021_Power_Solutions.pdf
SMT 2021 Power #36a,p \equiv 1 \pmod{4},SMT_2021_Power_Solutions.pdf
SMT 2021 Power #37a,\text{infinitely many primes } \equiv 1 \pmod{n},SMT_2021_Power_Solutions.pdf
SMT 2021 Power #37b,2^{2^{n-1}} + 1,SMT_2021_Power_Solutions.pdf
SMT 2021 Power #37f,"(2^k - 1, 2) \text{ and } (2, 6)",SMT_2021_Power_Solutions.pdf
SMT 2021 Team #1,6,SMT_2021_Team_Solutions.pdf
SMT 2021 Team #2,6 + 4\sqrt{2},SMT_2021_Team_Solutions.pdf
SMT 2021 Team #3,e^e - 1,SMT_2021_Team_Solutions.pdf
SMT 2021 Team #4,\frac{2020}{2019},SMT_2021_Team_Solutions.pdf
SMT 2021 Team #5,\frac{1}{3},SMT_2021_Team_Solutions.pdf
SMT 2021 Team #6,22.5,SMT_2021_Team_Solutions.pdf
SMT 2021 Team #7,"0, \pm 1, \pm \frac{\sqrt{2}}{4}, \pm \frac{\sqrt{14}}{4}",SMT_2021_Team_Solutions.pdf
SMT 2021 Team #8,e,SMT_2021_Team_Solutions.pdf
SMT 2021 Team #9,1881,SMT_2021_Team_Solutions.pdf
SMT 2021 Team #10,\frac{135}{13},SMT_2021_Team_Solutions.pdf
SMT 2021 Team #11,52,SMT_2021_Team_Solutions.pdf
SMT 2021 Team #12,\frac{12}{5} + \frac{\pi}{4},SMT_2021_Team_Solutions.pdf
SMT 2021 Team #13,\frac{5}{32},SMT_2021_Team_Solutions.pdf
SMT 2021 Team #14,\frac{308}{729},SMT_2021_Team_Solutions.pdf
SMT 2021 Team #15,55 - 55e^{-12/11},SMT_2021_Team_Solutions.pdf
SMT 2022 AlgebraTiebreaker #1,24,SMT_2022_AlgebraTiebreaker_Solutions.pdf
SMT 2022 AlgebraTiebreaker #2,\frac{2\pi}{3} + \frac{\sqrt{3}}{4},SMT_2022_AlgebraTiebreaker_Solutions.pdf
SMT 2022 AlgebraTiebreaker #3,29,SMT_2022_AlgebraTiebreaker_Solutions.pdf
SMT 2022 Algebra #1,126\sqrt{2},SMT_2022_Algebra_Solutions.pdf
SMT 2022 Algebra #2,\frac{1+\sqrt{8089}}{2},SMT_2022_Algebra_Solutions.pdf
SMT 2022 Algebra #3,47,SMT_2022_Algebra_Solutions.pdf
SMT 2022 Algebra #4,191,SMT_2022_Algebra_Solutions.pdf
SMT 2022 Algebra #5,760,SMT_2022_Algebra_Solutions.pdf
SMT 2022 Algebra #6,\frac{25}{23},SMT_2022_Algebra_Solutions.pdf
SMT 2022 Algebra #7,0,SMT_2022_Algebra_Solutions.pdf
SMT 2022 Algebra #8,10,SMT_2022_Algebra_Solutions.pdf
SMT 2022 Algebra #9,-6,SMT_2022_Algebra_Solutions.pdf
SMT 2022 Algebra #10,4072,SMT_2022_Algebra_Solutions.pdf
SMT 2022 CalculusTiebreaker #1,\frac{250}{3},SMT_2022_CalculusTiebreaker_Solutions.pdf
SMT 2022 CalculusTiebreaker #2,243,SMT_2022_CalculusTiebreaker_Solutions.pdf
SMT 2022 CalculusTiebreaker #3,\frac{1}{2}\ln\left(e^{2\pi^2} - 2\pi^2\right),SMT_2022_CalculusTiebreaker_Solutions.pdf
SMT 2022 Calculus #1,264,SMT_2022_Calculus_Solutions.pdf
SMT 2022 Calculus #2,12,SMT_2022_Calculus_Solutions.pdf
SMT 2022 Calculus #3,\frac{1}{4},SMT_2022_Calculus_Solutions.pdf
SMT 2022 Calculus #4,-4\pi - 2,SMT_2022_Calculus_Solutions.pdf
SMT 2022 Calculus #5,128\sqrt{15},SMT_2022_Calculus_Solutions.pdf
SMT 2022 Calculus #6,907200,SMT_2022_Calculus_Solutions.pdf
SMT 2022 Calculus #7,42\sqrt{3},SMT_2022_Calculus_Solutions.pdf
SMT 2022 Calculus #8,107,SMT_2022_Calculus_Solutions.pdf
SMT 2022 Calculus #9,\frac{\pi^2}{18},SMT_2022_Calculus_Solutions.pdf
SMT 2022 Calculus #10,"0, \frac{5\pi\sqrt{3}}{9}",SMT_2022_Calculus_Solutions.pdf
SMT 2022 DiscreteTiebreaker #1,1152,SMT_2022_DiscreteTiebreaker_Solutions.pdf
SMT 2022 DiscreteTiebreaker #2,704,SMT_2022_DiscreteTiebreaker_Solutions.pdf
SMT 2022 DiscreteTiebreaker #3,\frac{729}{4096},SMT_2022_DiscreteTiebreaker_Solutions.pdf
SMT 2022 Discrete #1,34,SMT_2022_Discrete_Solutions.pdf
SMT 2022 Discrete #2,370,SMT_2022_Discrete_Solutions.pdf
SMT 2022 Discrete #3,\frac{131}{243},SMT_2022_Discrete_Solutions.pdf
SMT 2022 Discrete #4,3030,SMT_2022_Discrete_Solutions.pdf
SMT 2022 Discrete #5,\frac{163}{10},SMT_2022_Discrete_Solutions.pdf
SMT 2022 Discrete #6,1597,SMT_2022_Discrete_Solutions.pdf
SMT 2022 Discrete #7,\frac{256}{5929},SMT_2022_Discrete_Solutions.pdf
SMT 2022 Discrete #8,490,SMT_2022_Discrete_Solutions.pdf
SMT 2022 Discrete #9,242,SMT_2022_Discrete_Solutions.pdf
SMT 2022 Discrete #10,13,SMT_2022_Discrete_Solutions.pdf
SMT 2022 GeneralTiebreaker #1,16,SMT_2022_GeneralTiebreaker_Solutions.pdf
SMT 2022 GeneralTiebreaker #2,8640,SMT_2022_GeneralTiebreaker_Solutions.pdf
SMT 2022 GeneralTiebreaker #3,120°,SMT_2022_GeneralTiebreaker_Solutions.pdf
SMT 2022 General #1,10 + \sqrt{101},SMT_2022_General_Solutions.pdf
SMT 2022 General #2,\frac{2}{3},SMT_2022_General_Solutions.pdf
SMT 2022 General #3,\frac{9}{19},SMT_2022_General_Solutions.pdf
SMT 2022 General #4,2,SMT_2022_General_Solutions.pdf
SMT 2022 General #5,4 + 4\sqrt{5},SMT_2022_General_Solutions.pdf
SMT 2022 General #6,56,SMT_2022_General_Solutions.pdf
SMT 2022 General #7,52,SMT_2022_General_Solutions.pdf
SMT 2022 General #8,1225,SMT_2022_General_Solutions.pdf
SMT 2022 General #9,"\frac{\sqrt{2 \pm \sqrt{2}}}{2}, -\frac{\sqrt{2 \pm \sqrt{2}}}{2}",SMT_2022_General_Solutions.pdf
SMT 2022 General #10,2,SMT_2022_General_Solutions.pdf
SMT 2022 General #11,-286,SMT_2022_General_Solutions.pdf
SMT 2022 General #12,24,SMT_2022_General_Solutions.pdf
SMT 2022 General #13,1,SMT_2022_General_Solutions.pdf
SMT 2022 General #14,\frac{1}{2},SMT_2022_General_Solutions.pdf
SMT 2022 General #15,125,SMT_2022_General_Solutions.pdf
SMT 2022 General #16,\frac{3\sqrt{3}}{4} - \frac{\pi}{3},SMT_2022_General_Solutions.pdf
SMT 2022 General #17,"(0, 300)",SMT_2022_General_Solutions.pdf
SMT 2022 General #18,1348,SMT_2022_General_Solutions.pdf
SMT 2022 General #19,\frac{8 + 2\pi - 3\pi\sqrt{2}}{8},SMT_2022_General_Solutions.pdf
SMT 2022 General #20,44100,SMT_2022_General_Solutions.pdf
SMT 2022 General #21,22\sqrt{2},SMT_2022_General_Solutions.pdf
SMT 2022 General #22,4,SMT_2022_General_Solutions.pdf
SMT 2022 General #23,1,SMT_2022_General_Solutions.pdf
SMT 2022 General #24,12,SMT_2022_General_Solutions.pdf
SMT 2022 General #25,4,SMT_2022_General_Solutions.pdf
SMT 2022 GeometryTiebreaker #1,\frac{7560}{41},SMT_2022_GeometryTiebreaker_Solutions.pdf
SMT 2022 GeometryTiebreaker #2,\frac{529}{625},SMT_2022_GeometryTiebreaker_Solutions.pdf
SMT 2022 GeometryTiebreaker #3,15\sqrt{7},SMT_2022_GeometryTiebreaker_Solutions.pdf
SMT 2022 Geometry #1,36,SMT_2022_Geometry_Solutions.pdf
SMT 2022 Geometry #2,110°,SMT_2022_Geometry_Solutions.pdf
SMT 2022 Geometry #3,21,SMT_2022_Geometry_Solutions.pdf
SMT 2022 Geometry #4,\frac{225\sqrt{2}}{8},SMT_2022_Geometry_Solutions.pdf
SMT 2022 Geometry #5,\frac{625}{78},SMT_2022_Geometry_Solutions.pdf
SMT 2022 Geometry #6,\frac{1}{2} - \frac{\sqrt{3}}{4},SMT_2022_Geometry_Solutions.pdf
SMT 2022 Geometry #7,15,SMT_2022_Geometry_Solutions.pdf
SMT 2022 Geometry #8,\frac{\sqrt{750}}{\sqrt{481}},SMT_2022_Geometry_Solutions.pdf
SMT 2022 Geometry #9,1,SMT_2022_Geometry_Solutions.pdf
SMT 2022 Geometry #10,(240 + 180\sqrt{2})\pi,SMT_2022_Geometry_Solutions.pdf
SMT 2022 Power #2.1,\text{See boxed solution in document},SMT_2022_Power_Solutions.pdf
SMT 2022 Power #2.2,\frac{d^k}{ds^k}\tilde{X}(s)\bigg|_{s=0} = \mathbb{E}[X^k],SMT_2022_Power_Solutions.pdf
SMT 2022 Power #2.3,"\mathbb{E}[X] = \frac{1}{p}, \mathbb{E}[X] = np, \text{Var}(X) = np(1-p), \tilde{X}(z) = (1-p+zp)^n, \mathbb{E}[X] = \lambda, \text{Var}(X) = \lambda, \tilde{X}(z) = e^{\lambda(z-1)}",SMT_2022_Power_Solutions.pdf
SMT 2022 Power #2.4,"\text{As } n \to \infty, X_n \text{ converges in distribution to } Y",SMT_2022_Power_Solutions.pdf
SMT 2022 Power #2.5,p_X(k) = \frac{1}{k!}\frac{d^k}{dz^k}\tilde{X}(z)\bigg|_{z=0},SMT_2022_Power_Solutions.pdf
SMT 2022 Power #2.6,\lim_{n\to\infty}\tilde{X}_n(z) = e^{\lambda(z-1)},SMT_2022_Power_Solutions.pdf
SMT 2022 Power #2.7,p_X(x) = \lambda e^{-\lambda x},SMT_2022_Power_Solutions.pdf
SMT 2022 Power #2.8,"\mathbb{E}[X] = \frac{1}{\lambda}, \tilde{X}(s) = \frac{\lambda}{\lambda-s}, \mathbb{P}[X < Y] = \frac{\lambda}{\lambda + \mu}",SMT_2022_Power_Solutions.pdf
SMT 2022 Power #3.1,"\mathbb{E}[T] = \frac{\mathbb{E}[N]+1}{\mu}, \mathbb{E}[N] = \frac{\lambda}{\mu-\lambda}, \mathbb{E}[T] = \frac{1}{\mu-\lambda}",SMT_2022_Power_Solutions.pdf
SMT 2022 Power #3.2,N = \lambda T,SMT_2022_Power_Solutions.pdf
SMT 2022 Power #3.3,\text{Same results as Problem 3.1},SMT_2022_Power_Solutions.pdf
SMT 2022 Power #3.4,a_n = \pi_n,SMT_2022_Power_Solutions.pdf
SMT 2022 Power #3.5,\pi_k = \frac{\rho^k/k!}{\sum_{i=0}^k \rho^i/i!},SMT_2022_Power_Solutions.pdf
SMT 2022 Power #4.1,m,SMT_2022_Power_Solutions.pdf
SMT 2022 Power #4.2,L \geq \frac{1}{2d+1},SMT_2022_Power_Solutions.pdf
SMT 2022 Power #4.3,\mathbb{E}\left[X\left(1-\frac{d}{m}\right)^X\right] \leq \mathbb{E}[X]e^{-\frac{d\mathbb{E}[X]}{m}}(1+\varepsilon),SMT_2022_Power_Solutions.pdf
SMT 2022 Power #4.4,L \leq \frac{e^{-d/2}}{2},SMT_2022_Power_Solutions.pdf
SMT 2022 Power #5.1,\sum_{v\in V}\deg(v) = 2|E|,SMT_2022_Power_Solutions.pdf
SMT 2022 Power #5.2,\text{See solutions in document},SMT_2022_Power_Solutions.pdf
SMT 2022 Power #5.3,\text{Time } 2m,SMT_2022_Power_Solutions.pdf
SMT 2022 Power #5.4,M \text{ is maximum} \iff \text{no augmenting path exists},SMT_2022_Power_Solutions.pdf
SMT 2022 Power #5.5,\text{Algorithm runs in } O(n(n+m)) \text{ time},SMT_2022_Power_Solutions.pdf
SMT 2022 Power #5.6,|M| \geq \frac{1}{2}|M'|,SMT_2022_Power_Solutions.pdf
SMT 2022 Power #6.1,c = \frac{1}{2},SMT_2022_Power_Solutions.pdf
SMT 2022 Power #6.2,"\mathbb{E}[\text{ALG}(G,L)] = \sum_{(x,y)\in E} m_{xy}",SMT_2022_Power_Solutions.pdf
SMT 2022 Power #6.3,\text{FracALG is } c\text{-competitive},SMT_2022_Power_Solutions.pdf
SMT 2022 Power #6.4,c = 1 - \frac{1}{e},SMT_2022_Power_Solutions.pdf
SMT 2022 Power #6.5,c \leq 1 - \frac{1}{e} + \varepsilon,SMT_2022_Power_Solutions.pdf
SMT 2022 Power #7.1,"\text{Algorithm terminates in } \leq n^2 \text{ iterations}, |M| = n",SMT_2022_Power_Solutions.pdf
SMT 2022 Power #7.2,\text{Algorithm produces stable matching},SMT_2022_Power_Solutions.pdf
SMT 2022 Power #7.3,M \text{ is student-optimal and school-pessimal},SMT_2022_Power_Solutions.pdf
SMT 2022 Power #7.4,\text{Run proposal algorithm both ways and find overlap},SMT_2022_Power_Solutions.pdf
SMT 2022 Power #7.5,\text{Stable matching exists},SMT_2022_Power_Solutions.pdf
SMT 2022 Team #1,3\arctan\left(\frac{1}{2}\right) + \frac{\pi}{2} - 2,SMT_2022_Team_Solutions.pdf
SMT 2022 Team #2,2023,SMT_2022_Team_Solutions.pdf
SMT 2022 Team #3,5,SMT_2022_Team_Solutions.pdf
SMT 2022 Team #4,\frac{3493}{3125},SMT_2022_Team_Solutions.pdf
SMT 2022 Team #5,\frac{869}{7},SMT_2022_Team_Solutions.pdf
SMT 2022 Team #6,7680,SMT_2022_Team_Solutions.pdf
SMT 2022 Team #7,3^{337},SMT_2022_Team_Solutions.pdf
SMT 2022 Team #8,24,SMT_2022_Team_Solutions.pdf
SMT 2022 Team #9,91,SMT_2022_Team_Solutions.pdf
SMT 2022 Team #10,97,SMT_2022_Team_Solutions.pdf
SMT 2022 Team #11,\frac{\sqrt{2}}{3},SMT_2022_Team_Solutions.pdf
SMT 2022 Team #12,\frac{43}{18},SMT_2022_Team_Solutions.pdf
SMT 2022 Team #13,141,SMT_2022_Team_Solutions.pdf
SMT 2022 Team #14,8088,SMT_2022_Team_Solutions.pdf
SMT 2022 Team #15,2 + \frac{\sqrt{55}}{2},SMT_2022_Team_Solutions.pdf
SMT 2023 AlgebraTiebreaker #1,1 + \sqrt{3},SMT_2023_AlgebraTiebreaker_Solutions.pdf
SMT 2023 AlgebraTiebreaker #2,6,SMT_2023_AlgebraTiebreaker_Solutions.pdf
SMT 2023 AlgebraTiebreaker #3,2,SMT_2023_AlgebraTiebreaker_Solutions.pdf
SMT 2023 Algebra #1,\frac{9-\sqrt{17}}{2},SMT_2023_Algebra_Solutions.pdf
SMT 2023 Algebra #2,4,SMT_2023_Algebra_Solutions.pdf
SMT 2023 Algebra #3,5339,SMT_2023_Algebra_Solutions.pdf
SMT 2023 Algebra #4,\frac{1012}{2023},SMT_2023_Algebra_Solutions.pdf
SMT 2023 Algebra #5,\frac{13}{2},SMT_2023_Algebra_Solutions.pdf
SMT 2023 Algebra #6,\frac{5\pi}{36},SMT_2023_Algebra_Solutions.pdf
SMT 2023 Algebra #7,\frac{\sqrt{17}}{2},SMT_2023_Algebra_Solutions.pdf
SMT 2023 Algebra #8,-1,SMT_2023_Algebra_Solutions.pdf
SMT 2023 Algebra #9,5,SMT_2023_Algebra_Solutions.pdf
SMT 2023 Algebra #10,3,SMT_2023_Algebra_Solutions.pdf
SMT 2023 CalculusTiebreaker #1,\frac{99}{4},SMT_2023_CalculusTiebreaker_Solutions.pdf
SMT 2023 CalculusTiebreaker #2,\frac{\sqrt{6}}{2},SMT_2023_CalculusTiebreaker_Solutions.pdf
SMT 2023 CalculusTiebreaker #3,e^{\frac{1}{4}} - \frac{e}{4},SMT_2023_CalculusTiebreaker_Solutions.pdf
SMT 2023 Calculus #1,\frac{1}{2},SMT_2023_Calculus_Solutions.pdf
SMT 2023 Calculus #2,2,SMT_2023_Calculus_Solutions.pdf
SMT 2023 Calculus #3,-\frac{\sqrt{2}}{100},SMT_2023_Calculus_Solutions.pdf
SMT 2023 Calculus #4,\pi,SMT_2023_Calculus_Solutions.pdf
SMT 2023 Calculus #5,2(\sin(\sin(x)) - \sin(x) \cos(\sin(x))),SMT_2023_Calculus_Solutions.pdf
SMT 2023 Calculus #6,1 + \sin(1),SMT_2023_Calculus_Solutions.pdf
SMT 2023 Calculus #7,1 + \ln 10,SMT_2023_Calculus_Solutions.pdf
SMT 2023 Calculus #8,\frac{2}{9},SMT_2023_Calculus_Solutions.pdf
SMT 2023 Calculus #9,1 - \frac{\pi}{48},SMT_2023_Calculus_Solutions.pdf
SMT 2023 Calculus #10,"\left(\frac{\sqrt{2}}{2}, \frac{1}{4}\right)",SMT_2023_Calculus_Solutions.pdf
SMT 2023 DiscreteTiebreaker #1,2023,SMT_2023_DiscreteTiebreaker_Solutions.pdf
SMT 2023 DiscreteTiebreaker #2,\frac{16}{9},SMT_2023_DiscreteTiebreaker_Solutions.pdf
SMT 2023 DiscreteTiebreaker #3,27,SMT_2023_DiscreteTiebreaker_Solutions.pdf
SMT 2023 Discrete #1,25,SMT_2023_Discrete_Solutions.pdf
SMT 2023 Discrete #2,24,SMT_2023_Discrete_Solutions.pdf
SMT 2023 Discrete #3,161,SMT_2023_Discrete_Solutions.pdf
SMT 2023 Discrete #4,4,SMT_2023_Discrete_Solutions.pdf
SMT 2023 Discrete #5,11760,SMT_2023_Discrete_Solutions.pdf
SMT 2023 Discrete #6,52,SMT_2023_Discrete_Solutions.pdf
SMT 2023 Discrete #7,270,SMT_2023_Discrete_Solutions.pdf
SMT 2023 Discrete #8,\frac{19}{11},SMT_2023_Discrete_Solutions.pdf
SMT 2023 Discrete #9,6,SMT_2023_Discrete_Solutions.pdf
SMT 2023 Discrete #10,405,SMT_2023_Discrete_Solutions.pdf
SMT 2023 GeneralTiebreaker #1,\frac{1}{3},SMT_2023_GeneralTiebreaker_Solutions.pdf
SMT 2023 GeneralTiebreaker #2,3\sqrt{11},SMT_2023_GeneralTiebreaker_Solutions.pdf
SMT 2023 GeneralTiebreaker #3,6,SMT_2023_GeneralTiebreaker_Solutions.pdf
SMT 2023 General #1,3\sqrt{\pi},SMT_2023_General_Solutions.pdf
SMT 2023 General #2,\frac{5}{11},SMT_2023_General_Solutions.pdf
SMT 2023 General #3,16,SMT_2023_General_Solutions.pdf
SMT 2023 General #4,\frac{9-\sqrt{17}}{2},SMT_2023_General_Solutions.pdf
SMT 2023 General #5,25,SMT_2023_General_Solutions.pdf
SMT 2023 General #6,171,SMT_2023_General_Solutions.pdf
SMT 2023 General #7,45,SMT_2023_General_Solutions.pdf
SMT 2023 General #8,58,SMT_2023_General_Solutions.pdf
SMT 2023 General #9,1996,SMT_2023_General_Solutions.pdf
SMT 2023 General #10,\frac{5}{8},SMT_2023_General_Solutions.pdf
SMT 2023 General #11,5339,SMT_2023_General_Solutions.pdf
SMT 2023 General #12,2,SMT_2023_General_Solutions.pdf
SMT 2023 General #13,\frac{47}{243},SMT_2023_General_Solutions.pdf
SMT 2023 General #14,161,SMT_2023_General_Solutions.pdf
SMT 2023 General #15,10,SMT_2023_General_Solutions.pdf
SMT 2023 General #16,\frac{821}{3125},SMT_2023_General_Solutions.pdf
SMT 2023 General #17,25,SMT_2023_General_Solutions.pdf
SMT 2023 General #18,11760,SMT_2023_General_Solutions.pdf
SMT 2023 General #19,38,SMT_2023_General_Solutions.pdf
SMT 2023 General #20,\frac{1012}{2023},SMT_2023_General_Solutions.pdf
SMT 2023 General #21,\frac{3}{16},SMT_2023_General_Solutions.pdf
SMT 2023 General #22,\frac{121}{34},SMT_2023_General_Solutions.pdf
SMT 2023 General #23,5,SMT_2023_General_Solutions.pdf
SMT 2023 General #24,64\sqrt{3},SMT_2023_General_Solutions.pdf
SMT 2023 General #25,\frac{\sqrt{17}}{2},SMT_2023_General_Solutions.pdf
SMT 2023 GeometryTiebreaker #1,\frac{2\sqrt{3}}{3},SMT_2023_GeometryTiebreaker_Solutions.pdf
SMT 2023 GeometryTiebreaker #2,\frac{17+3\sqrt{21}}{10},SMT_2023_GeometryTiebreaker_Solutions.pdf
SMT 2023 GeometryTiebreaker #3,\frac{10}{21},SMT_2023_GeometryTiebreaker_Solutions.pdf
SMT 2023 Geometry #1,4 + 2\sqrt{3},SMT_2023_Geometry_Solutions.pdf
SMT 2023 Geometry #2,1200\pi,SMT_2023_Geometry_Solutions.pdf
SMT 2023 Geometry #3,\frac{11\pi}{6},SMT_2023_Geometry_Solutions.pdf
SMT 2023 Geometry #4,\frac{3}{16},SMT_2023_Geometry_Solutions.pdf
SMT 2023 Geometry #5,64\sqrt{3},SMT_2023_Geometry_Solutions.pdf
SMT 2023 Geometry #6,12,SMT_2023_Geometry_Solutions.pdf
SMT 2023 Geometry #7,2,SMT_2023_Geometry_Solutions.pdf
SMT 2023 Geometry #8,\frac{3+3\sqrt{129}}{16},SMT_2023_Geometry_Solutions.pdf
SMT 2023 Geometry #9,\frac{7+3\sqrt{5}}{16},SMT_2023_Geometry_Solutions.pdf
SMT 2023 Geometry #10,\frac{1365}{8},SMT_2023_Geometry_Solutions.pdf
SMT 2023 Power #1.1,"(A, X) \text{ and } (B, Y)",SMT_2023_Power_Solutions.pdf
SMT 2023 Power #1.2,"(B, X), (A, Y), (B, Z)",SMT_2023_Power_Solutions.pdf
SMT 2023 Power #1.4,\text{Game tree drawn correctly},SMT_2023_Power_Solutions.pdf
SMT 2023 Power #1.5,"\text{Player one: 36 strategies, Player two: 12 strategies}",SMT_2023_Power_Solutions.pdf
SMT 2023 Power #1.6,"(\text{Don't}, \text{Fight}) \text{ and } (\text{Enter}, \text{Share})",SMT_2023_Power_Solutions.pdf
SMT 2023 Power #1.7,"(\text{Enter}, \text{Share})",SMT_2023_Power_Solutions.pdf
SMT 2023 Power #1.9,"(B, bfh) \text{ and } (B, bfi)",SMT_2023_Power_Solutions.pdf
SMT 2023 Power #1.10,\text{Yes},SMT_2023_Power_Solutions.pdf
SMT 2023 Power #1.11,\text{No},SMT_2023_Power_Solutions.pdf
SMT 2023 Power #1.12,\text{Equivalent via magic square bijection},SMT_2023_Power_Solutions.pdf
SMT 2023 Power #1.14,\text{Yes},SMT_2023_Power_Solutions.pdf
SMT 2023 Power #1.15,\text{No},SMT_2023_Power_Solutions.pdf
SMT 2023 Power #2.1,\text{No pure strategy Nash equilibrium exists},SMT_2023_Power_Solutions.pdf
SMT 2023 Power #2.2,\text{Expected payoff is 0 regardless of strategy},SMT_2023_Power_Solutions.pdf
SMT 2023 Power #2.5,"p_1(A) = \frac{4}{11}, p_1(B) = \frac{7}{11}, p_2(X) = \frac{1}{9}, p_2(Y) = \frac{8}{9}",SMT_2023_Power_Solutions.pdf
SMT 2023 Power #2.6,"p_1(A) = \frac{2}{5}, p_1(B) = \frac{1}{5}, p_1(C) = \frac{2}{5}, p_2(X) = \frac{2}{7}, p_2(Y) = \frac{2}{7}, p_2(Z) = \frac{3}{7}",SMT_2023_Power_Solutions.pdf
SMT 2023 Power #3.1,"u_i(b_1, \ldots, b_n) = \begin{cases} v_i - \max\{b_j : j \neq i\} & \text{if } b_i = \arg\max\{b_1, \ldots, b_n\} \\ 0 & \text{otherwise} \end{cases}",SMT_2023_Power_Solutions.pdf
SMT 2023 Power #3.4,\text{Each player bids their own valuation},SMT_2023_Power_Solutions.pdf
SMT 2023 Power #3.5,"u_i(b_1, \ldots, b_n) = \begin{cases} v_i - b_i & \text{if } b_i = \arg\max\{b_1, \ldots, b_n\} \\ 0 & \text{otherwise} \end{cases}",SMT_2023_Power_Solutions.pdf
SMT 2023 Power #3.7,q_1 = 4 - \frac{q_2^*}{2},SMT_2023_Power_Solutions.pdf
SMT 2023 Power #3.8,q_2 = 5 - \frac{q_1^*}{2},SMT_2023_Power_Solutions.pdf
SMT 2023 Power #3.9,"q_1^* = 2, q_2^* = 4, \text{ profits: } \pi_1 = 8, \pi_2 = 32",SMT_2023_Power_Solutions.pdf
SMT 2023 Power #3.10,"q_1 = 3, q_2(q_1) = 5 - \frac{q_1}{2}, \text{ outcome: } (q_1 = 3, q_2 = 3.5)",SMT_2023_Power_Solutions.pdf
SMT 2023 Power #3.11,"q_2 = 6, q_1(q_2) = 4 - \frac{q_2}{2}, \text{ outcome: } (q_1 = 1, q_2 = 6)",SMT_2023_Power_Solutions.pdf
SMT 2023 Power #3.12,d = \frac{p_B - p_A + 500}{2},SMT_2023_Power_Solutions.pdf
SMT 2023 Power #3.13,"u_A = p_A \cdot \frac{p_B - p_A + 500}{2}, u_B = p_B \cdot \frac{p_A - p_B + 500}{2}",SMT_2023_Power_Solutions.pdf
SMT 2023 Power #3.14,p_A^* = p_B^* = 500,SMT_2023_Power_Solutions.pdf
SMT 2023 Power #3.15,"p_A^* = p_B^* = 250, \text{ profits decrease}",SMT_2023_Power_Solutions.pdf
SMT 2023 Team #1,112,SMT_2023_Team_Solutions.pdf
SMT 2023 Team #2,21,SMT_2023_Team_Solutions.pdf
SMT 2023 Team #3,\frac{177}{125},SMT_2023_Team_Solutions.pdf
SMT 2023 Team #4,\frac{1}{100},SMT_2023_Team_Solutions.pdf
SMT 2023 Team #5,\frac{4}{5},SMT_2023_Team_Solutions.pdf
SMT 2023 Team #6,60,SMT_2023_Team_Solutions.pdf
SMT 2023 Team #7,\frac{6}{\pi},SMT_2023_Team_Solutions.pdf
SMT 2023 Team #8,\frac{\pi}{2} + 6\sqrt{3} - 9,SMT_2023_Team_Solutions.pdf
SMT 2023 Team #9,119,SMT_2023_Team_Solutions.pdf
SMT 2023 Team #10,1,SMT_2023_Team_Solutions.pdf
SMT 2023 Team #11,\frac{5+3\sqrt{5}}{2},SMT_2023_Team_Solutions.pdf
SMT 2023 Team #12,3,SMT_2023_Team_Solutions.pdf
SMT 2023 Team #13,\frac{5}{4},SMT_2023_Team_Solutions.pdf
SMT 2023 Team #14,279,SMT_2023_Team_Solutions.pdf
SMT 2023 Team #15,\sqrt{5} - 1,SMT_2023_Team_Solutions.pdf
SMT 2024 AlgebraTiebreaker #1,1,SMT_2024_AlgebraTiebreaker_Solutions.pdf
SMT 2024 AlgebraTiebreaker #2,\frac{\pi}{2} - \frac{1}{1012},SMT_2024_AlgebraTiebreaker_Solutions.pdf
SMT 2024 AlgebraTiebreaker #3,4,SMT_2024_AlgebraTiebreaker_Solutions.pdf
SMT 2024 Algebra #1,12,SMT_2024_Algebra_Solutions.pdf
SMT 2024 Algebra #2,\frac{2}{25},SMT_2024_Algebra_Solutions.pdf
SMT 2024 Algebra #3,378,SMT_2024_Algebra_Solutions.pdf
SMT 2024 Algebra #4,\frac{832}{2499},SMT_2024_Algebra_Solutions.pdf
SMT 2024 Algebra #5,301833,SMT_2024_Algebra_Solutions.pdf
SMT 2024 Algebra #6,2,SMT_2024_Algebra_Solutions.pdf
SMT 2024 Algebra #7,8,SMT_2024_Algebra_Solutions.pdf
SMT 2024 Algebra #8,\frac{4\sqrt{30}}{5},SMT_2024_Algebra_Solutions.pdf
SMT 2024 Algebra #9,\frac{1030301}{2},SMT_2024_Algebra_Solutions.pdf
SMT 2024 Algebra #10,29,SMT_2024_Algebra_Solutions.pdf
SMT 2024 CalculusTiebreaker #1,\frac{7}{6},SMT_2024_CalculusTiebreaker_Solutions.pdf
SMT 2024 CalculusTiebreaker #2,\frac{\pi}{4},SMT_2024_CalculusTiebreaker_Solutions.pdf
SMT 2024 CalculusTiebreaker #3,\frac{\pi^4}{2},SMT_2024_CalculusTiebreaker_Solutions.pdf
SMT 2024 Calculus #1,0,SMT_2024_Calculus_Solutions.pdf
SMT 2024 Calculus #2,\frac{9\pi}{5},SMT_2024_Calculus_Solutions.pdf
SMT 2024 Calculus #3,\frac{7}{2},SMT_2024_Calculus_Solutions.pdf
SMT 2024 Calculus #4,\frac{13+\sqrt{13}}{13},SMT_2024_Calculus_Solutions.pdf
SMT 2024 Calculus #5,\frac{1}{12},SMT_2024_Calculus_Solutions.pdf
SMT 2024 Calculus #6,\frac{\pi^2}{4},SMT_2024_Calculus_Solutions.pdf
SMT 2024 Calculus #7,16,SMT_2024_Calculus_Solutions.pdf
SMT 2024 Calculus #8,\frac{2\sqrt{2}}{9999997},SMT_2024_Calculus_Solutions.pdf
SMT 2024 Calculus #9,\frac{13}{2},SMT_2024_Calculus_Solutions.pdf
SMT 2024 Calculus #10,\ln^2(3),SMT_2024_Calculus_Solutions.pdf
SMT 2024 DiscreteTiebreaker #1,935,SMT_2024_DiscreteTiebreaker_Solutions.pdf
SMT 2024 DiscreteTiebreaker #2,24024,SMT_2024_DiscreteTiebreaker_Solutions.pdf
SMT 2024 DiscreteTiebreaker #3,544,SMT_2024_DiscreteTiebreaker_Solutions.pdf
SMT 2024 Discrete #1,100,SMT_2024_Discrete_Solutions.pdf
SMT 2024 Discrete #2,9108,SMT_2024_Discrete_Solutions.pdf
SMT 2024 Discrete #3,216,SMT_2024_Discrete_Solutions.pdf
SMT 2024 Discrete #4,\frac{3}{1680},SMT_2024_Discrete_Solutions.pdf
SMT 2024 Discrete #5,288,SMT_2024_Discrete_Solutions.pdf
SMT 2024 Discrete #6,\frac{8}{5},SMT_2024_Discrete_Solutions.pdf
SMT 2024 Discrete #7,384,SMT_2024_Discrete_Solutions.pdf
SMT 2024 Discrete #8,257^{248},SMT_2024_Discrete_Solutions.pdf
SMT 2024 Discrete #9,128,SMT_2024_Discrete_Solutions.pdf
SMT 2024 Discrete #10,"\left(2, \frac{e^{\sqrt{2}} + e^{-\sqrt{2}}}{2}\right)",SMT_2024_Discrete_Solutions.pdf
SMT 2024 GeneralTiebreaker #1,20,SMT_2024_GeneralTiebreaker_Solutions.pdf
SMT 2024 GeneralTiebreaker #2,\frac{48}{95},SMT_2024_GeneralTiebreaker_Solutions.pdf
SMT 2024 GeneralTiebreaker #3,544,SMT_2024_GeneralTiebreaker_Solutions.pdf
SMT 2024 General #1,\frac{1}{6},SMT_2024_General_Solutions.pdf
SMT 2024 General #2,15,SMT_2024_General_Solutions.pdf
SMT 2024 General #3,252,SMT_2024_General_Solutions.pdf
SMT 2024 General #4,9,SMT_2024_General_Solutions.pdf
SMT 2024 General #5,\sqrt{2} - 1,SMT_2024_General_Solutions.pdf
SMT 2024 General #6,256,SMT_2024_General_Solutions.pdf
SMT 2024 General #7,\frac{7}{162},SMT_2024_General_Solutions.pdf
SMT 2024 General #8,\sqrt{1012},SMT_2024_General_Solutions.pdf
SMT 2024 General #9,26,SMT_2024_General_Solutions.pdf
SMT 2024 General #10,5530,SMT_2024_General_Solutions.pdf
SMT 2024 General #11,6 - 2\sqrt{3},SMT_2024_General_Solutions.pdf
SMT 2024 General #12,968,SMT_2024_General_Solutions.pdf
SMT 2024 General #13,352,SMT_2024_General_Solutions.pdf
SMT 2024 General #14,24,SMT_2024_General_Solutions.pdf
SMT 2024 General #15,4 + 2\sqrt{3},SMT_2024_General_Solutions.pdf
SMT 2024 General #16,1012,SMT_2024_General_Solutions.pdf
SMT 2024 General #17,15,SMT_2024_General_Solutions.pdf
SMT 2024 General #18,\frac{\pi - 3\sqrt{3}}{4},SMT_2024_General_Solutions.pdf
SMT 2024 General #19,590,SMT_2024_General_Solutions.pdf
SMT 2024 General #20,\frac{2}{7},SMT_2024_General_Solutions.pdf
SMT 2024 General #21,84,SMT_2024_General_Solutions.pdf
SMT 2024 General #22,9,SMT_2024_General_Solutions.pdf
SMT 2024 General #23,\frac{11}{14},SMT_2024_General_Solutions.pdf
SMT 2024 General #24,216,SMT_2024_General_Solutions.pdf
SMT 2024 General #25,1568,SMT_2024_General_Solutions.pdf
SMT 2024 GeometryTiebreaker #1,20,SMT_2024_GeometryTiebreaker_Solutions.pdf
SMT 2024 GeometryTiebreaker #2,\frac{8}{15},SMT_2024_GeometryTiebreaker_Solutions.pdf
SMT 2024 GeometryTiebreaker #3,12 - \sqrt{66},SMT_2024_GeometryTiebreaker_Solutions.pdf
SMT 2024 Geometry #1,47,SMT_2024_Geometry_Solutions.pdf
SMT 2024 Geometry #2,6 - 2\sqrt{3},SMT_2024_Geometry_Solutions.pdf
SMT 2024 Geometry #3,\frac{\sqrt{7}}{14},SMT_2024_Geometry_Solutions.pdf
SMT 2024 Geometry #4,4\sqrt{3},SMT_2024_Geometry_Solutions.pdf
SMT 2024 Geometry #5,\frac{2\sqrt{34}}{5},SMT_2024_Geometry_Solutions.pdf
SMT 2024 Geometry #6,\frac{11}{14},SMT_2024_Geometry_Solutions.pdf
SMT 2024 Geometry #7,\frac{\pi}{2} - \frac{3\sqrt{3}}{4},SMT_2024_Geometry_Solutions.pdf
SMT 2024 Geometry #8,\frac{25}{98},SMT_2024_Geometry_Solutions.pdf
SMT 2024 Geometry #9,\frac{23}{27},SMT_2024_Geometry_Solutions.pdf
SMT 2024 Geometry #10,19,SMT_2024_Geometry_Solutions.pdf
SMT 2024 Power #2.1,Yes,SMT_2024_Power_Solutions.pdf
SMT 2024 Power #2.2,Proven by induction and contradiction methods,SMT_2024_Power_Solutions.pdf
SMT 2024 Power #2.3,\geq over the integers,SMT_2024_Power_Solutions.pdf
SMT 2024 Power #2.4,"Yes, \succ is transitive",SMT_2024_Power_Solutions.pdf
SMT 2024 Power #2.5,n^2,SMT_2024_Power_Solutions.pdf
SMT 2024 Power #2.6,Proven that \succsim is complete and transitive,SMT_2024_Power_Solutions.pdf
SMT 2024 Power #2.7,Proven that f \circ g represents \succsim,SMT_2024_Power_Solutions.pdf
SMT 2024 Power #3.1,Society's preferences violate transitivity,SMT_2024_Power_Solutions.pdf
SMT 2024 Power #3.2,Example with irrelevant outcome I added,SMT_2024_Power_Solutions.pdf
SMT 2024 Power #3.3,Proven that either Condorcet winner exists or cycle exists,SMT_2024_Power_Solutions.pdf
SMT 2024 Power #3.4,"13 vote for Erick, 8 vote for Vicktor, Erick wins",SMT_2024_Power_Solutions.pdf
SMT 2024 Power #3.5,Proven that 10 bobas always wins majority,SMT_2024_Power_Solutions.pdf
SMT 2024 Power #3.6,Proven using distance arguments,SMT_2024_Power_Solutions.pdf
SMT 2024 Power #3.7,"Seven writers with 2,2,3 ideal counts for outcomes 1,2,3",SMT_2024_Power_Solutions.pdf
SMT 2024 Power #3.8,"Yes, suggest 15 bobas",SMT_2024_Power_Solutions.pdf
SMT 2024 Power #3.9,"No, proven impossible",SMT_2024_Power_Solutions.pdf
SMT 2024 Power #3.10,"z, y, x or y, z, x",SMT_2024_Power_Solutions.pdf
SMT 2024 Power #3.11,"x, z, y or z, x, y",SMT_2024_Power_Solutions.pdf
SMT 2024 Power #3.12,Proven equivalence between Condorcet winner and consistent outcomes,SMT_2024_Power_Solutions.pdf
SMT 2024 Power #4.1a,Not always complete,SMT_2024_Power_Solutions.pdf
SMT 2024 Power #4.1b,Always transitive,SMT_2024_Power_Solutions.pdf
SMT 2024 Power #4.1c,Efficient,SMT_2024_Power_Solutions.pdf
SMT 2024 Power #4.1d,Neutral,SMT_2024_Power_Solutions.pdf
SMT 2024 Power #4.1e,Not always a dictator,SMT_2024_Power_Solutions.pdf
SMT 2024 Power #4.2a,Always complete,SMT_2024_Power_Solutions.pdf
SMT 2024 Power #4.2b,Always transitive,SMT_2024_Power_Solutions.pdf
SMT 2024 Power #4.2c,Efficient,SMT_2024_Power_Solutions.pdf
SMT 2024 Power #4.2d,Not always neutral,SMT_2024_Power_Solutions.pdf
SMT 2024 Power #4.2e,Not always a dictator,SMT_2024_Power_Solutions.pdf
SMT 2024 Power #4.3,Proven equivalence for one individual,SMT_2024_Power_Solutions.pdf
SMT 2024 Power #4.4,Proven existence of such outcomes,SMT_2024_Power_Solutions.pdf
SMT 2024 Power #4.5,Proven using neutrality,SMT_2024_Power_Solutions.pdf
SMT 2024 Power #4.6,Proven individual 1 is dictator,SMT_2024_Power_Solutions.pdf
SMT 2024 Power #4.7,Proven Arrow's Impossibility Theorem for two individuals,SMT_2024_Power_Solutions.pdf
SMT 2024 Team #1,728,SMT_2024_Team_Solutions.pdf
SMT 2024 Team #2,14,SMT_2024_Team_Solutions.pdf
SMT 2024 Team #3,\frac{4}{15},SMT_2024_Team_Solutions.pdf
SMT 2024 Team #4,42 + 8\pi,SMT_2024_Team_Solutions.pdf
SMT 2024 Team #5,\frac{19}{35},SMT_2024_Team_Solutions.pdf
SMT 2024 Team #6,\frac{9}{16},SMT_2024_Team_Solutions.pdf
SMT 2024 Team #7,34,SMT_2024_Team_Solutions.pdf
SMT 2024 Team #8,12,SMT_2024_Team_Solutions.pdf
SMT 2024 Team #9,\frac{9}{2},SMT_2024_Team_Solutions.pdf
SMT 2024 Team #10,1 + 149 \cdot 2^{100},SMT_2024_Team_Solutions.pdf
SMT 2024 Team #11,\frac{23839}{1620},SMT_2024_Team_Solutions.pdf
SMT 2024 Team #12,\frac{11\sqrt{5}}{4},SMT_2024_Team_Solutions.pdf
SMT 2024 Team #13,\frac{25}{4},SMT_2024_Team_Solutions.pdf
SMT 2024 Team #14,640,SMT_2024_Team_Solutions.pdf
SMT 2024 Team #15,\frac{108\sqrt{91}}{41},SMT_2024_Team_Solutions.pdf
